Name,Realm,Level,Class,Race,Rank,AQ,AP,Alt?,Main,iLvl,Last Login,Raider.io,Armory,Logs
Hellgnome,grim-batol,90,Warlock,Human,Full Moon,3514.0,28360.0,False,Hellgnome,235,2026-03-14 20:21:27,https://raider.io/characters/eu/grim-batol/hellgnome,https://worldofwarcraft.blizzard.com/en-gb/character/eu/grim-batol/hellgnome,https://www.warcraftlogs.com/character/eu/grim-batol/hellgnome
Trix,korgall,90,Warlock,Human,Waxing Moon,1001.0,8920.0,False,Trix,219,2026-03-15 22:57:48,https://raider.io/characters/eu/korgall/trix,https://worldofwarcraft.blizzard.com/en-gb/character/eu/korgall/trix,https://www.warcraftlogs.com/character/eu/korgall/trix
Endar,drakthul,80,Paladin,Human,Full Moon,1440.0,10990.0,False,Endar,145,2026-03-05 19:09:03,https://raider.io/characters/eu/drakthul/endar,https://worldofwarcraft.blizzard.com/en-gb/character/eu/drakthul/endar,https://www.warcraftlogs.com/character/eu/drakthul/endar
Saeko,hellscream,90,Priest,Night Elf,Super Moon,1787.0,14070.0,False,Saeko,243,2026-03-16 00:37:46,https://raider.io/characters/eu/hellscream/saeko,https://worldofwarcraft.blizzard.com/en-gb/character/eu/hellscream/saeko,https://www.warcraftlogs.com/character/eu/hellscream/saeko
Hotmezz,korgall,68,Shaman,Dwarf,Half Moon,2164.0,18795.0,False,Hotmezz,51,2026-03-15 16:37:54,https://raider.io/characters/eu/korgall/hotmezz,https://worldofwarcraft.blizzard.com/en-gb/character/eu/korgall/hotmezz,https://www.warcraftlogs.com/character/eu/korgall/hotmezz
Aztella,bloodscalp,80,Hunter,Blood Elf,Full Moon,669.0,5995.0,False,Aztella,86,2026-03-15 21:45:48,https://raider.io/characters/eu/bloodscalp/aztella,https://worldofwarcraft.blizzard.com/en-gb/character/eu/bloodscalp/aztella,https://www.warcraftlogs.com/character/eu/bloodscalp/aztella
Lookatmebaby,burning-steppes,90,Warrior,Draenei,Full Moon,1107.0,9900.0,False,Lookatmebaby,239,2026-03-16 12:32:43,https://raider.io/characters/eu/burning-steppes/lookatmebaby,https://worldofwarcraft.blizzard.com/en-gb/character/eu/burning-steppes/lookatmebaby,https://www.warcraftlogs.com/character/eu/burning-steppes/lookatmebaby
Kwagga,burning-steppes,90,Priest,Human,Super Moon,1907.0,16465.0,False,Kwagga,213,2026-03-15 19:54:38,https://raider.io/characters/eu/burning-steppes/kwagga,https://worldofwarcraft.blizzard.com/en-gb/character/eu/burning-steppes/kwagga,https://www.warcraftlogs.com/character/eu/burning-steppes/kwagga
Elgaros,burning-steppes,80,Priest,Human,Waxing Moon,1471.0,13085.0,False,Elgaros,686,2026-01-11 20:40:53,https://raider.io/characters/eu/burning-steppes/elgaros,https://worldofwarcraft.blizzard.com/en-gb/character/eu/burning-steppes/elgaros,https://www.warcraftlogs.com/character/eu/burning-steppes/elgaros
Rusuu,executus,88,Hunter,Dwarf,Full Moon,1433.0,11920.0,False,Rusuu,175,2026-03-15 17:41:27,https://raider.io/characters/eu/executus/rusuu,https://worldofwarcraft.blizzard.com/en-gb/character/eu/executus/rusuu,https://www.warcraftlogs.com/character/eu/executus/rusuu
Coldwarz,executus,80,Mage,Human,Half Moon,1283.0,11810.0,False,Coldwarz,97,2026-03-06 13:38:47,https://raider.io/characters/eu/executus/coldwarz,https://worldofwarcraft.blizzard.com/en-gb/character/eu/executus/coldwarz,https://www.warcraftlogs.com/character/eu/executus/coldwarz
Boychefkok,bloodfeather,90,Paladin,Human,Waxing Moon,926.0,7855.0,False,Boychefkok,180,2026-03-15 22:27:43,https://raider.io/characters/eu/bloodfeather/boychefkok,https://worldofwarcraft.blizzard.com/en-gb/character/eu/bloodfeather/boychefkok,https://www.warcraftlogs.com/character/eu/bloodfeather/boychefkok
Fetalouda,bloodfeather,80,Paladin,Human,New Moon,2189.0,18670.0,False,Fetalouda,629,2025-11-15 16:51:57,https://raider.io/characters/eu/bloodfeather/fetalouda,https://worldofwarcraft.blizzard.com/en-gb/character/eu/bloodfeather/fetalouda,https://www.warcraftlogs.com/character/eu/bloodfeather/fetalouda
Mistapeepee,draenor,90,Shaman,Troll,Waxing Moon,1980.0,17485.0,False,Mistapeepee,230,2026-03-16 13:31:39,https://raider.io/characters/eu/draenor/mistapeepee,https://worldofwarcraft.blizzard.com/en-gb/character/eu/draenor/mistapeepee,https://www.warcraftlogs.com/character/eu/draenor/mistapeepee
Lowtide,korgall,74,Mage,Human,New Moon,1002.0,8525.0,False,Lowtide,454,2026-01-09 22:48:48,https://raider.io/characters/eu/korgall/lowtide,https://worldofwarcraft.blizzard.com/en-gb/character/eu/korgall/lowtide,https://www.warcraftlogs.com/character/eu/korgall/lowtide
Didan,veknilash,80,Shaman,Draenei,Active Moon,1914.0,16815.0,False,Didan,634,2025-12-08 19:43:51,https://raider.io/characters/eu/veknilash/didan,https://worldofwarcraft.blizzard.com/en-gb/character/eu/veknilash/didan,https://www.warcraftlogs.com/character/eu/veknilash/didan
Béarpró,shattered-hand,80,Druid,Worgen,Full Moon,1457.0,12060.0,False,Béarpró,105,2026-03-15 10:43:54,https://raider.io/characters/eu/shattered-hand/béarpró,https://worldofwarcraft.blizzard.com/en-gb/character/eu/shattered-hand/béarpró,https://www.warcraftlogs.com/character/eu/shattered-hand/béarpró
Màssive,shattered-hand,85,Monk,Pandaren,Full Moon,2761.0,22825.0,False,Màssive,152,2026-03-14 20:41:53,https://raider.io/characters/eu/shattered-hand/màssive,https://worldofwarcraft.blizzard.com/en-gb/character/eu/shattered-hand/màssive,https://www.warcraftlogs.com/character/eu/shattered-hand/màssive
Tosee,garrosh,80,Warlock,Human,Half Moon,1360.0,11265.0,False,Tosee,132,2026-02-21 19:08:02,https://raider.io/characters/eu/garrosh/tosee,https://worldofwarcraft.blizzard.com/en-gb/character/eu/garrosh/tosee,https://www.warcraftlogs.com/character/eu/garrosh/tosee
Iddybiddy,quelthalas,85,Priest,Gnome,Officer Alt,2090.0,18115.0,False,Iddybiddy,150,2026-03-16 12:22:07,https://raider.io/characters/eu/quelthalas/iddybiddy,https://worldofwarcraft.blizzard.com/en-gb/character/eu/quelthalas/iddybiddy,https://www.warcraftlogs.com/character/eu/quelthalas/iddybiddy
Shíftii,quelthalas,80,Rogue,Human,Officer Alt,2758.0,23780.0,False,Shíftii,144,2026-02-25 11:02:50,https://raider.io/characters/eu/quelthalas/shíftii,https://worldofwarcraft.blizzard.com/en-gb/character/eu/quelthalas/shíftii,https://www.warcraftlogs.com/character/eu/quelthalas/shíftii
Hanana,bloodfeather,80,Monk,Night Elf,New Moon,3601.0,28960.0,False,Hanana,93,2026-03-09 07:45:17,https://raider.io/characters/eu/bloodfeather/hanana,https://worldofwarcraft.blizzard.com/en-gb/character/eu/bloodfeather/hanana,https://www.warcraftlogs.com/character/eu/bloodfeather/hanana
Castorel,magtheridon,90,Mage,Worgen,Full Moon,1307.0,10140.0,False,Castorel,207,2026-03-14 10:24:41,https://raider.io/characters/eu/magtheridon/castorel,https://worldofwarcraft.blizzard.com/en-gb/character/eu/magtheridon/castorel,https://www.warcraftlogs.com/character/eu/magtheridon/castorel
Nonea,aszune,90,Hunter,Night Elf,Full Moon,4287.0,34015.0,False,Nonea,241,2026-03-15 19:35:51,https://raider.io/characters/eu/aszune/nonea,https://worldofwarcraft.blizzard.com/en-gb/character/eu/aszune/nonea,https://www.warcraftlogs.com/character/eu/aszune/nonea
Lafavele,burning-legion,41,Druid,Night Elf,Waxing Moon,648.0,5165.0,False,Lafavele,26,2026-02-08 00:43:07,https://raider.io/characters/eu/burning-legion/lafavele,https://worldofwarcraft.blizzard.com/en-gb/character/eu/burning-legion/lafavele,https://www.warcraftlogs.com/character/eu/burning-legion/lafavele
Bettybones,ravencrest,80,Warrior,Night Elf,Full Moon,1824.0,15730.0,False,Bettybones,115,2026-03-03 02:03:43,https://raider.io/characters/eu/ravencrest/bettybones,https://worldofwarcraft.blizzard.com/en-gb/character/eu/ravencrest/bettybones,https://www.warcraftlogs.com/character/eu/ravencrest/bettybones
Visilya,draenor,80,Hunter,Orc,New Moon,226.0,2015.0,False,Visilya,51,2026-02-15 02:54:08,https://raider.io/characters/eu/draenor/visilya,https://worldofwarcraft.blizzard.com/en-gb/character/eu/draenor/visilya,https://www.warcraftlogs.com/character/eu/draenor/visilya
Kafál,steamwheedle-cartel,80,Demon Hunter,Night Elf,Active Moon,2967.0,25260.0,False,Kafál,728,2025-11-26 23:06:25,https://raider.io/characters/eu/steamwheedle-cartel/kafál,https://worldofwarcraft.blizzard.com/en-gb/character/eu/steamwheedle-cartel/kafál,https://www.warcraftlogs.com/character/eu/steamwheedle-cartel/kafál
Gildarion,burning-steppes,80,Paladin,Human,Full Moon,1466.0,13065.0,True,Elgaros,683,2025-12-29 22:25:36,https://raider.io/characters/eu/burning-steppes/gildarion,https://worldofwarcraft.blizzard.com/en-gb/character/eu/burning-steppes/gildarion,https://www.warcraftlogs.com/character/eu/burning-steppes/gildarion
Kazeshíní,moonglade,90,Demon Hunter,Night Elf,Active Moon,3486.0,29135.0,False,Kazeshíní,221,2026-03-15 22:23:58,https://raider.io/characters/eu/moonglade/kazeshíní,https://worldofwarcraft.blizzard.com/en-gb/character/eu/moonglade/kazeshíní,https://www.warcraftlogs.com/character/eu/moonglade/kazeshíní
Spazzingout,moonglade,80,Demon Hunter,Night Elf,New Moon,2841.0,23360.0,False,Spazzingout,115,2026-03-04 00:19:54,https://raider.io/characters/eu/moonglade/spazzingout,https://worldofwarcraft.blizzard.com/en-gb/character/eu/moonglade/spazzingout,https://www.warcraftlogs.com/character/eu/moonglade/spazzingout
Kanters,moonglade,90,Shaman,Draenei,Active Moon,3319.0,27380.0,False,Kanters,240,2026-03-15 17:44:39,https://raider.io/characters/eu/moonglade/kanters,https://worldofwarcraft.blizzard.com/en-gb/character/eu/moonglade/kanters,https://www.warcraftlogs.com/character/eu/moonglade/kanters
Nilvek,moonglade,90,Paladin,Dwarf,Active Moon,5642.0,48885.0,False,Nilvek,239,2026-03-16 12:35:33,https://raider.io/characters/eu/moonglade/nilvek,https://worldofwarcraft.blizzard.com/en-gb/character/eu/moonglade/nilvek,https://www.warcraftlogs.com/character/eu/moonglade/nilvek
Vados,moonglade,80,Druid,Night Elf,Waxing Moon,3282.0,25675.0,False,Vados,134,2026-02-22 12:04:04,https://raider.io/characters/eu/moonglade/vados,https://worldofwarcraft.blizzard.com/en-gb/character/eu/moonglade/vados,https://www.warcraftlogs.com/character/eu/moonglade/vados
Obscurity,burning-steppes,90,Priest,Draenei,Full Moon,2902.0,22535.0,False,Obscurity,219,2026-03-13 20:48:30,https://raider.io/characters/eu/burning-steppes/obscurity,https://worldofwarcraft.blizzard.com/en-gb/character/eu/burning-steppes/obscurity,https://www.warcraftlogs.com/character/eu/burning-steppes/obscurity
Xenomatter,burning-steppes,90,Priest,Draenei,Waxing Moon,1107.0,9900.0,True,Lookatmebaby,236,2026-03-16 11:58:43,https://raider.io/characters/eu/burning-steppes/xenomatter,https://worldofwarcraft.blizzard.com/en-gb/character/eu/burning-steppes/xenomatter,https://www.warcraftlogs.com/character/eu/burning-steppes/xenomatter
Bouchon,stormreaver,80,Warlock,Void Elf,New Moon,1166.0,10055.0,False,Bouchon,633,2025-12-25 22:42:08,https://raider.io/characters/eu/stormreaver/bouchon,https://worldofwarcraft.blizzard.com/en-gb/character/eu/stormreaver/bouchon,https://www.warcraftlogs.com/character/eu/stormreaver/bouchon
Lafvel,burning-legion,85,Demon Hunter,Blood Elf,Full Moon,672.0,5350.0,True,Lafavele,144,2026-03-16 01:15:24,https://raider.io/characters/eu/burning-legion/lafvel,https://worldofwarcraft.blizzard.com/en-gb/character/eu/burning-legion/lafvel,https://www.warcraftlogs.com/character/eu/burning-legion/lafvel
Demonalpha,korgall,80,Demon Hunter,Night Elf,Full Moon,2766.0,21815.0,False,Demonalpha,134,2026-02-19 19:37:57,https://raider.io/characters/eu/korgall/demonalpha,https://worldofwarcraft.blizzard.com/en-gb/character/eu/korgall/demonalpha,https://www.warcraftlogs.com/character/eu/korgall/demonalpha
Rosestormrag,korgall,90,Demon Hunter,Night Elf,Full Moon,3887.0,32025.0,False,Rosestormrag,225,2026-03-15 12:17:38,https://raider.io/characters/eu/korgall/rosestormrag,https://worldofwarcraft.blizzard.com/en-gb/character/eu/korgall/rosestormrag,https://www.warcraftlogs.com/character/eu/korgall/rosestormrag
Aression,burning-steppes,90,Mage,Human,Full Moon,1107.0,9900.0,True,Lookatmebaby,236,2026-03-16 11:44:50,https://raider.io/characters/eu/burning-steppes/aression,https://worldofwarcraft.blizzard.com/en-gb/character/eu/burning-steppes/aression,https://www.warcraftlogs.com/character/eu/burning-steppes/aression
Shopaholly,silvermoon,80,Hunter,Night Elf,Full Moon,2407.0,21515.0,False,Shopaholly,604,2026-01-15 20:18:59,https://raider.io/characters/eu/silvermoon/shopaholly,https://worldofwarcraft.blizzard.com/en-gb/character/eu/silvermoon/shopaholly,https://www.warcraftlogs.com/character/eu/silvermoon/shopaholly
Ashadori,moonglade,90,Mage,Void Elf,Full Moon,3353.0,26275.0,True,Vados,240,2026-03-16 01:58:26,https://raider.io/characters/eu/moonglade/ashadori,https://worldofwarcraft.blizzard.com/en-gb/character/eu/moonglade/ashadori,https://www.warcraftlogs.com/character/eu/moonglade/ashadori
Troopp,moonglade,90,Priest,Dwarf,Guild Officer,3835.0,31295.0,False,Troopp,242,2026-03-16 14:01:43,https://raider.io/characters/eu/moonglade/troopp,https://worldofwarcraft.blizzard.com/en-gb/character/eu/moonglade/troopp,https://www.warcraftlogs.com/character/eu/moonglade/troopp
Rhoned,moonglade,90,Warlock,Human,Full Moon,2369.0,19275.0,False,Rhoned,236,2026-03-16 00:05:18,https://raider.io/characters/eu/moonglade/rhoned,https://worldofwarcraft.blizzard.com/en-gb/character/eu/moonglade/rhoned,https://www.warcraftlogs.com/character/eu/moonglade/rhoned
Redtubeme,executus,80,Mage,Human,New Moon,1784.0,14985.0,False,Redtubeme,83,2026-02-24 01:04:52,https://raider.io/characters/eu/executus/redtubeme,https://worldofwarcraft.blizzard.com/en-gb/character/eu/executus/redtubeme,https://www.warcraftlogs.com/character/eu/executus/redtubeme
Ghin,moonglade,80,Priest,Void Elf,Full Moon,3456.0,28890.0,True,Kazeshíní,155,2026-02-11 16:22:50,https://raider.io/characters/eu/moonglade/ghin,https://worldofwarcraft.blizzard.com/en-gb/character/eu/moonglade/ghin,https://www.warcraftlogs.com/character/eu/moonglade/ghin
Anastari,moonglade,82,Paladin,Blood Elf,Half Moon,3341.0,26175.0,True,Vados,128,2026-03-16 13:43:57,https://raider.io/characters/eu/moonglade/anastari,https://worldofwarcraft.blizzard.com/en-gb/character/eu/moonglade/anastari,https://www.warcraftlogs.com/character/eu/moonglade/anastari
Shado,burning-steppes,90,Rogue,Human,Full Moon,2910.0,22625.0,True,Obscurity,230,2026-03-15 16:19:58,https://raider.io/characters/eu/burning-steppes/shado,https://worldofwarcraft.blizzard.com/en-gb/character/eu/burning-steppes/shado,https://www.warcraftlogs.com/character/eu/burning-steppes/shado
Aiyone,steamwheedle-cartel,80,Hunter,Void Elf,Full Moon,2839.0,22270.0,False,Aiyone,656,2026-01-03 18:59:01,https://raider.io/characters/eu/steamwheedle-cartel/aiyone,https://worldofwarcraft.blizzard.com/en-gb/character/eu/steamwheedle-cartel/aiyone,https://www.warcraftlogs.com/character/eu/steamwheedle-cartel/aiyone
Lorrax,ragnaros,80,Paladin,Blood Elf,Full Moon,2989.0,25405.0,False,Lorrax,613,2025-12-20 11:03:53,https://raider.io/characters/eu/ragnaros/lorrax,https://worldofwarcraft.blizzard.com/en-gb/character/eu/ragnaros/lorrax,https://www.warcraftlogs.com/character/eu/ragnaros/lorrax
Bullshotta,stormscale,80,Hunter,Tauren,New Moon,1019.0,8330.0,False,Bullshotta,106,2026-02-25 23:13:30,https://raider.io/characters/eu/stormscale/bullshotta,https://worldofwarcraft.blizzard.com/en-gb/character/eu/stormscale/bullshotta,https://www.warcraftlogs.com/character/eu/stormscale/bullshotta
Otius,ravencrest,90,Warlock,Void Elf,Full Moon,2436.0,19915.0,False,Otius,232,2026-03-16 14:06:45,https://raider.io/characters/eu/ravencrest/otius,https://worldofwarcraft.blizzard.com/en-gb/character/eu/ravencrest/otius,https://www.warcraftlogs.com/character/eu/ravencrest/otius
Swaxx,ravencrest,90,Warrior,Human,Full Moon,1304.0,10735.0,False,Swaxx,217,2026-03-16 09:25:22,https://raider.io/characters/eu/ravencrest/swaxx,https://worldofwarcraft.blizzard.com/en-gb/character/eu/ravencrest/swaxx,https://www.warcraftlogs.com/character/eu/ravencrest/swaxx
Zbancioc,ravencrest,80,Mage,Gnome,Half Moon,1255.0,10305.0,True,Swaxx,110,2026-02-25 14:45:34,https://raider.io/characters/eu/ravencrest/zbancioc,https://worldofwarcraft.blizzard.com/en-gb/character/eu/ravencrest/zbancioc,https://www.warcraftlogs.com/character/eu/ravencrest/zbancioc
Beastmastery,moonglade,80,Hunter,Kul Tiran,New Moon,2875.0,24530.0,False,Beastmastery,119,2026-02-27 15:26:36,https://raider.io/characters/eu/moonglade/beastmastery,https://worldofwarcraft.blizzard.com/en-gb/character/eu/moonglade/beastmastery,https://www.warcraftlogs.com/character/eu/moonglade/beastmastery
Botiss,ravencrest,82,Hunter,Dark Iron Dwarf,Full Moon,2436.0,19915.0,True,Otius,136,2026-03-16 12:37:27,https://raider.io/characters/eu/ravencrest/botiss,https://worldofwarcraft.blizzard.com/en-gb/character/eu/ravencrest/botiss,https://www.warcraftlogs.com/character/eu/ravencrest/botiss
Cealla,ravencrest,80,Paladin,Lightforged Draenei,Full Moon,2048.0,17325.0,False,Cealla,119,2026-03-03 16:22:46,https://raider.io/characters/eu/ravencrest/cealla,https://worldofwarcraft.blizzard.com/en-gb/character/eu/ravencrest/cealla,https://www.warcraftlogs.com/character/eu/ravencrest/cealla
Ironshots,ravencrest,80,Hunter,Dark Iron Dwarf,Half Moon,1249.0,10240.0,True,Swaxx,117,2026-02-17 08:41:11,https://raider.io/characters/eu/ravencrest/ironshots,https://worldofwarcraft.blizzard.com/en-gb/character/eu/ravencrest/ironshots,https://www.warcraftlogs.com/character/eu/ravencrest/ironshots
Ashantho,ravencrest,80,Evoker,Dracthyr,Full Moon,2397.0,19580.0,True,Otius,120,2026-02-28 22:26:06,https://raider.io/characters/eu/ravencrest/ashantho,https://worldofwarcraft.blizzard.com/en-gb/character/eu/ravencrest/ashantho,https://www.warcraftlogs.com/character/eu/ravencrest/ashantho
Kynjare,ravencrest,88,Mage,Void Elf,Full Moon,2058.0,17420.0,True,Cealla,177,2026-03-15 13:56:48,https://raider.io/characters/eu/ravencrest/kynjare,https://worldofwarcraft.blizzard.com/en-gb/character/eu/ravencrest/kynjare,https://www.warcraftlogs.com/character/eu/ravencrest/kynjare
Ganashi,ravencrest,80,Shaman,Draenei,Full Moon,2436.0,19915.0,True,Otius,138,2026-03-16 12:38:27,https://raider.io/characters/eu/ravencrest/ganashi,https://worldofwarcraft.blizzard.com/en-gb/character/eu/ravencrest/ganashi,https://www.warcraftlogs.com/character/eu/ravencrest/ganashi
Astralchick,ravencrest,80,Druid,Night Elf,New Moon,2436.0,19915.0,True,Otius,87,2026-03-16 09:52:38,https://raider.io/characters/eu/ravencrest/astralchick,https://worldofwarcraft.blizzard.com/en-gb/character/eu/ravencrest/astralchick,https://www.warcraftlogs.com/character/eu/ravencrest/astralchick
Cabbar,neptulon,90,Hunter,Night Elf,Full Moon,1709.0,14500.0,False,Cabbar,238,2026-03-16 11:55:29,https://raider.io/characters/eu/neptulon/cabbar,https://worldofwarcraft.blizzard.com/en-gb/character/eu/neptulon/cabbar,https://www.warcraftlogs.com/character/eu/neptulon/cabbar
Balad,neptulon,80,Warrior,Night Elf,Full Moon,1678.0,14260.0,True,Cabbar,97,2026-03-09 12:07:13,https://raider.io/characters/eu/neptulon/balad,https://worldofwarcraft.blizzard.com/en-gb/character/eu/neptulon/balad,https://www.warcraftlogs.com/character/eu/neptulon/balad
Fragatth,ravencrest,80,Mage,Void Elf,Full Moon,2430.0,19860.0,True,Otius,133,2026-03-10 19:04:29,https://raider.io/characters/eu/ravencrest/fragatth,https://worldofwarcraft.blizzard.com/en-gb/character/eu/ravencrest/fragatth,https://www.warcraftlogs.com/character/eu/ravencrest/fragatth
Baijara,stormscale,80,Demon Hunter,Night Elf,Half Moon,2018.0,16320.0,False,Baijara,99,2026-01-23 19:41:50,https://raider.io/characters/eu/stormscale/baijara,https://worldofwarcraft.blizzard.com/en-gb/character/eu/stormscale/baijara,https://www.warcraftlogs.com/character/eu/stormscale/baijara
Recruit,terokkar,80,Shaman,Draenei,Half Moon,1770.0,13925.0,False,Recruit,708,2026-01-20 17:38:57,https://raider.io/characters/eu/terokkar/recruit,https://worldofwarcraft.blizzard.com/en-gb/character/eu/terokkar/recruit,https://www.warcraftlogs.com/character/eu/terokkar/recruit
Lineerune,saurfang,80,Demon Hunter,Night Elf,Full Moon,1347.0,11010.0,False,Lineerune,121,2026-03-07 15:20:57,https://raider.io/characters/eu/saurfang/lineerune,https://worldofwarcraft.blizzard.com/en-gb/character/eu/saurfang/lineerune,https://www.warcraftlogs.com/character/eu/saurfang/lineerune
Treasagreen,terokkar,80,Druid,Worgen,Half Moon,1933.0,15890.0,False,Treasagreen,68,2026-03-12 19:10:51,https://raider.io/characters/eu/terokkar/treasagreen,https://worldofwarcraft.blizzard.com/en-gb/character/eu/terokkar/treasagreen,https://www.warcraftlogs.com/character/eu/terokkar/treasagreen
Véngence,darkspear,80,Priest,Human,Full Moon,1576.0,13460.0,False,Véngence,117,2026-01-24 18:06:32,https://raider.io/characters/eu/darkspear/véngence,https://worldofwarcraft.blizzard.com/en-gb/character/eu/darkspear/véngence,https://www.warcraftlogs.com/character/eu/darkspear/véngence
Uryu,darkspear,82,Warrior,Dwarf,New Moon,396.0,3470.0,False,Uryu,125,2026-03-08 18:12:11,https://raider.io/characters/eu/darkspear/uryu,https://worldofwarcraft.blizzard.com/en-gb/character/eu/darkspear/uryu,https://www.warcraftlogs.com/character/eu/darkspear/uryu
Elgladiator,saurfang,80,Warrior,Human,Full Moon,1814.0,16205.0,False,Elgladiator,97,2026-03-01 09:59:12,https://raider.io/characters/eu/saurfang/elgladiator,https://worldofwarcraft.blizzard.com/en-gb/character/eu/saurfang/elgladiator,https://www.warcraftlogs.com/character/eu/saurfang/elgladiator
Theblueguy,terokkar,90,Paladin,Draenei,Super Moon,2711.0,21145.0,False,Theblueguy,227,2026-03-15 01:09:58,https://raider.io/characters/eu/terokkar/theblueguy,https://worldofwarcraft.blizzard.com/en-gb/character/eu/terokkar/theblueguy,https://www.warcraftlogs.com/character/eu/terokkar/theblueguy
Bobblez,darkspear,80,Paladin,Draenei,Half Moon,2158.0,18075.0,False,Bobblez,67,2026-03-15 19:15:47,https://raider.io/characters/eu/darkspear/bobblez,https://worldofwarcraft.blizzard.com/en-gb/character/eu/darkspear/bobblez,https://www.warcraftlogs.com/character/eu/darkspear/bobblez
Rhainecloud,saurfang,80,Druid,Night Elf,New Moon,2546.0,21520.0,False,Rhainecloud,131,2026-03-15 18:07:36,https://raider.io/characters/eu/saurfang/rhainecloud,https://worldofwarcraft.blizzard.com/en-gb/character/eu/saurfang/rhainecloud,https://www.warcraftlogs.com/character/eu/saurfang/rhainecloud
Diztruction,saurfang,80,Paladin,Human,Waxing Moon,2597.0,22720.0,False,Diztruction,106,2026-03-06 14:07:10,https://raider.io/characters/eu/saurfang/diztruction,https://worldofwarcraft.blizzard.com/en-gb/character/eu/saurfang/diztruction,https://www.warcraftlogs.com/character/eu/saurfang/diztruction
Guenevéré,darkspear,80,Mage,Human,Half Moon,2646.0,21590.0,False,Guenevéré,94,2026-02-22 09:12:10,https://raider.io/characters/eu/darkspear/guenevéré,https://worldofwarcraft.blizzard.com/en-gb/character/eu/darkspear/guenevéré,https://www.warcraftlogs.com/character/eu/darkspear/guenevéré
Thogros,darkspear,80,Hunter,Dark Iron Dwarf,Half Moon,2649.0,21615.0,True,Guenevéré,108,2026-02-25 19:22:02,https://raider.io/characters/eu/darkspear/thogros,https://worldofwarcraft.blizzard.com/en-gb/character/eu/darkspear/thogros,https://www.warcraftlogs.com/character/eu/darkspear/thogros
Stridér,terokkar,90,Demon Hunter,Night Elf,Active Moon,2712.0,21155.0,True,Theblueguy,189,2026-03-16 00:36:01,https://raider.io/characters/eu/terokkar/stridér,https://worldofwarcraft.blizzard.com/en-gb/character/eu/terokkar/stridér,https://www.warcraftlogs.com/character/eu/terokkar/stridér
Magefist,saurfang,80,Mage,Human,New Moon,1683.0,14115.0,False,Magefist,100,2026-03-05 21:32:39,https://raider.io/characters/eu/saurfang/magefist,https://worldofwarcraft.blizzard.com/en-gb/character/eu/saurfang/magefist,https://www.warcraftlogs.com/character/eu/saurfang/magefist
Mizzery,darkspear,90,Warlock,Gnome,Full Moon,1689.0,14680.0,False,Mizzery,192,2026-03-15 22:29:08,https://raider.io/characters/eu/darkspear/mizzery,https://worldofwarcraft.blizzard.com/en-gb/character/eu/darkspear/mizzery,https://www.warcraftlogs.com/character/eu/darkspear/mizzery
Darkdream,darkspear,80,Warlock,Night Elf,Full Moon,2188.0,18960.0,False,Darkdream,100,2026-03-05 16:20:29,https://raider.io/characters/eu/darkspear/darkdream,https://worldofwarcraft.blizzard.com/en-gb/character/eu/darkspear/darkdream,https://www.warcraftlogs.com/character/eu/darkspear/darkdream
Krest,terokkar,80,Paladin,Human,Full Moon,2910.0,26350.0,False,Krest,135,2026-03-15 03:13:33,https://raider.io/characters/eu/terokkar/krest,https://worldofwarcraft.blizzard.com/en-gb/character/eu/terokkar/krest,https://www.warcraftlogs.com/character/eu/terokkar/krest
Haamer,saurfang,70,Paladin,Human,New Moon,2319.0,19440.0,False,Haamer,80,2026-03-06 19:26:55,https://raider.io/characters/eu/saurfang/haamer,https://worldofwarcraft.blizzard.com/en-gb/character/eu/saurfang/haamer,https://www.warcraftlogs.com/character/eu/saurfang/haamer
Peetsj,darkspear,80,Rogue,Vulpera,Officer Alt,3461.0,30170.0,False,Peetsj,78,2026-02-28 16:23:25,https://raider.io/characters/eu/darkspear/peetsj,https://worldofwarcraft.blizzard.com/en-gb/character/eu/darkspear/peetsj,https://www.warcraftlogs.com/character/eu/darkspear/peetsj
Zarramon,saurfang,80,Monk,Void Elf,Half Moon,1994.0,17440.0,False,Zarramon,122,2026-02-23 19:27:17,https://raider.io/characters/eu/saurfang/zarramon,https://worldofwarcraft.blizzard.com/en-gb/character/eu/saurfang/zarramon,https://www.warcraftlogs.com/character/eu/saurfang/zarramon
Aras,terokkar,80,Paladin,Lightforged Draenei,Half Moon,2271.0,19475.0,False,Aras,650,2025-12-05 13:46:51,https://raider.io/characters/eu/terokkar/aras,https://worldofwarcraft.blizzard.com/en-gb/character/eu/terokkar/aras,https://www.warcraftlogs.com/character/eu/terokkar/aras
Pikkeduvan,saurfang,90,Warrior,Human,Waxing Moon,1707.0,14330.0,True,Magefist,226,2026-03-15 13:25:35,https://raider.io/characters/eu/saurfang/pikkeduvan,https://worldofwarcraft.blizzard.com/en-gb/character/eu/saurfang/pikkeduvan,https://www.warcraftlogs.com/character/eu/saurfang/pikkeduvan
Mireyia,terokkar,80,Paladin,Draenei,Full Moon,1667.0,13990.0,False,Mireyia,544,2025-12-03 22:59:02,https://raider.io/characters/eu/terokkar/mireyia,https://worldofwarcraft.blizzard.com/en-gb/character/eu/terokkar/mireyia,https://www.warcraftlogs.com/character/eu/terokkar/mireyia
Ceyro,saurfang,80,Shaman,Dark Iron Dwarf,Waxing Moon,4962.0,40215.0,False,Ceyro,112,2026-03-05 11:39:33,https://raider.io/characters/eu/saurfang/ceyro,https://worldofwarcraft.blizzard.com/en-gb/character/eu/saurfang/ceyro,https://www.warcraftlogs.com/character/eu/saurfang/ceyro
Illawrath,saurfang,80,Demon Hunter,Night Elf,Half Moon,1484.0,12290.0,False,Illawrath,115,2026-03-11 21:53:00,https://raider.io/characters/eu/saurfang/illawrath,https://worldofwarcraft.blizzard.com/en-gb/character/eu/saurfang/illawrath,https://www.warcraftlogs.com/character/eu/saurfang/illawrath
Lhunaris,terokkar,90,Mage,Void Elf,Full Moon,1343.0,12200.0,False,Lhunaris,212,2026-03-16 10:58:19,https://raider.io/characters/eu/terokkar/lhunaris,https://worldofwarcraft.blizzard.com/en-gb/character/eu/terokkar/lhunaris,https://www.warcraftlogs.com/character/eu/terokkar/lhunaris
Rumido,darkspear,90,Priest,Pandaren,Full Moon,1230.0,10790.0,False,Rumido,177,2026-03-15 20:57:48,https://raider.io/characters/eu/darkspear/rumido,https://worldofwarcraft.blizzard.com/en-gb/character/eu/darkspear/rumido,https://www.warcraftlogs.com/character/eu/darkspear/rumido
Tinystab,saurfang,80,Rogue,Gnome,Active Moon,3622.0,28875.0,False,Tinystab,150,2026-03-11 21:39:20,https://raider.io/characters/eu/saurfang/tinystab,https://worldofwarcraft.blizzard.com/en-gb/character/eu/saurfang/tinystab,https://www.warcraftlogs.com/character/eu/saurfang/tinystab
Nakedlasagne,saurfang,90,Monk,Pandaren,Full Moon,2714.0,23550.0,False,Nakedlasagne,222,2026-03-16 00:34:40,https://raider.io/characters/eu/saurfang/nakedlasagne,https://worldofwarcraft.blizzard.com/en-gb/character/eu/saurfang/nakedlasagne,https://www.warcraftlogs.com/character/eu/saurfang/nakedlasagne
Waraith,saurfang,80,Mage,Human,Half Moon,1433.0,11920.0,True,Illawrath,95,2026-01-24 21:52:43,https://raider.io/characters/eu/saurfang/waraith,https://worldofwarcraft.blizzard.com/en-gb/character/eu/saurfang/waraith,https://www.warcraftlogs.com/character/eu/saurfang/waraith
Tinyfrost,saurfang,80,Mage,Gnome,Active Moon,3622.0,28875.0,True,Tinystab,147,2026-03-11 21:22:34,https://raider.io/characters/eu/saurfang/tinyfrost,https://worldofwarcraft.blizzard.com/en-gb/character/eu/saurfang/tinyfrost,https://www.warcraftlogs.com/character/eu/saurfang/tinyfrost
Kirkmeister,terokkar,90,Paladin,Human,Full Moon,1302.0,11415.0,False,Kirkmeister,217,2026-03-14 11:56:00,https://raider.io/characters/eu/terokkar/kirkmeister,https://worldofwarcraft.blizzard.com/en-gb/character/eu/terokkar/kirkmeister,https://www.warcraftlogs.com/character/eu/terokkar/kirkmeister
Falagir,saurfang,80,Death Knight,Night Elf,Waxing Moon,3625.0,28905.0,True,Tinystab,137,2026-03-12 23:05:24,https://raider.io/characters/eu/saurfang/falagir,https://worldofwarcraft.blizzard.com/en-gb/character/eu/saurfang/falagir,https://www.warcraftlogs.com/character/eu/saurfang/falagir
Mistresdíz,saurfang,80,Warlock,Void Elf,Active Moon,2554.0,22475.0,True,Diztruction,161,2026-02-09 12:23:16,https://raider.io/characters/eu/saurfang/mistresdíz,https://worldofwarcraft.blizzard.com/en-gb/character/eu/saurfang/mistresdíz,https://www.warcraftlogs.com/character/eu/saurfang/mistresdíz
Tomas,saurfang,88,Druid,Night Elf,Full Moon,4070.0,35880.0,False,Tomas,177,2026-03-15 15:09:49,https://raider.io/characters/eu/saurfang/tomas,https://worldofwarcraft.blizzard.com/en-gb/character/eu/saurfang/tomas,https://www.warcraftlogs.com/character/eu/saurfang/tomas
Nightspirit,terokkar,90,Paladin,Human,Full Moon,3232.0,27565.0,False,Nightspirit,226,2026-03-15 23:11:32,https://raider.io/characters/eu/terokkar/nightspirit,https://worldofwarcraft.blizzard.com/en-gb/character/eu/terokkar/nightspirit,https://www.warcraftlogs.com/character/eu/terokkar/nightspirit
Sijo,terokkar,80,Warlock,Human,Waxing Moon,3369.0,28390.0,False,Sijo,147,2026-03-10 21:04:20,https://raider.io/characters/eu/terokkar/sijo,https://worldofwarcraft.blizzard.com/en-gb/character/eu/terokkar/sijo,https://www.warcraftlogs.com/character/eu/terokkar/sijo
Rootwo,darkspear,82,Hunter,Draenei,Waxing Moon,2158.0,18075.0,True,Bobblez,120,2026-03-15 19:14:36,https://raider.io/characters/eu/darkspear/rootwo,https://worldofwarcraft.blizzard.com/en-gb/character/eu/darkspear/rootwo,https://www.warcraftlogs.com/character/eu/darkspear/rootwo
Ellare,saurfang,80,Priest,Void Elf,Half Moon,3265.0,26935.0,False,Ellare,117,2026-02-27 23:18:04,https://raider.io/characters/eu/saurfang/ellare,https://worldofwarcraft.blizzard.com/en-gb/character/eu/saurfang/ellare,https://www.warcraftlogs.com/character/eu/saurfang/ellare
Garuul,saurfang,88,Demon Hunter,Night Elf,Full Moon,3087.0,25080.0,False,Garuul,168,2026-03-16 10:57:45,https://raider.io/characters/eu/saurfang/garuul,https://worldofwarcraft.blizzard.com/en-gb/character/eu/saurfang/garuul,https://www.warcraftlogs.com/character/eu/saurfang/garuul
Dulfron,darkspear,80,Hunter,Night Elf,Waxing Moon,2189.0,18965.0,True,Darkdream,110,2026-03-05 16:24:42,https://raider.io/characters/eu/darkspear/dulfron,https://worldofwarcraft.blizzard.com/en-gb/character/eu/darkspear/dulfron,https://www.warcraftlogs.com/character/eu/darkspear/dulfron
Alexandreos,saurfang,80,Paladin,Human,Waxing Moon,1435.0,11930.0,True,Illawrath,111,2026-01-29 21:34:59,https://raider.io/characters/eu/saurfang/alexandreos,https://worldofwarcraft.blizzard.com/en-gb/character/eu/saurfang/alexandreos,https://www.warcraftlogs.com/character/eu/saurfang/alexandreos
Arthúrshélby,darkspear,80,Monk,Human,New Moon,2599.0,23430.0,False,Arthúrshélby,84,2026-01-26 20:23:59,https://raider.io/characters/eu/darkspear/arthúrshélby,https://worldofwarcraft.blizzard.com/en-gb/character/eu/darkspear/arthúrshélby,https://www.warcraftlogs.com/character/eu/darkspear/arthúrshélby
Shaka,terokkar,80,Priest,Void Elf,Full Moon,3616.0,29965.0,False,Shaka,118,2026-02-26 20:26:23,https://raider.io/characters/eu/terokkar/shaka,https://worldofwarcraft.blizzard.com/en-gb/character/eu/terokkar/shaka,https://www.warcraftlogs.com/character/eu/terokkar/shaka
Taernin,darkspear,80,Warrior,Human,Half Moon,2364.0,18465.0,False,Taernin,104,2026-02-06 16:19:37,https://raider.io/characters/eu/darkspear/taernin,https://worldofwarcraft.blizzard.com/en-gb/character/eu/darkspear/taernin,https://www.warcraftlogs.com/character/eu/darkspear/taernin
Maximous,darkspear,80,Mage,Human,Full Moon,1624.0,14080.0,False,Maximous,108,2026-03-08 10:06:27,https://raider.io/characters/eu/darkspear/maximous,https://worldofwarcraft.blizzard.com/en-gb/character/eu/darkspear/maximous,https://www.warcraftlogs.com/character/eu/darkspear/maximous
Mildrith,terokkar,90,Warrior,Human,Full Moon,3061.0,26800.0,False,Mildrith,194,2026-03-15 11:15:10,https://raider.io/characters/eu/terokkar/mildrith,https://worldofwarcraft.blizzard.com/en-gb/character/eu/terokkar/mildrith,https://www.warcraftlogs.com/character/eu/terokkar/mildrith
Primtah,terokkar,80,Warrior,Draenei,Active Moon,1889.0,16465.0,False,Primtah,149,2026-02-24 20:28:35,https://raider.io/characters/eu/terokkar/primtah,https://worldofwarcraft.blizzard.com/en-gb/character/eu/terokkar/primtah,https://www.warcraftlogs.com/character/eu/terokkar/primtah
Pikkabuu,saurfang,90,Priest,Night Elf,Full Moon,2931.0,26045.0,False,Pikkabuu,239,2026-03-15 21:46:31,https://raider.io/characters/eu/saurfang/pikkabuu,https://worldofwarcraft.blizzard.com/en-gb/character/eu/saurfang/pikkabuu,https://www.warcraftlogs.com/character/eu/saurfang/pikkabuu
Ranya,terokkar,80,Rogue,Void Elf,New Moon,3009.0,25235.0,False,Ranya,70,2026-02-22 21:19:07,https://raider.io/characters/eu/terokkar/ranya,https://worldofwarcraft.blizzard.com/en-gb/character/eu/terokkar/ranya,https://www.warcraftlogs.com/character/eu/terokkar/ranya
Tinyholy,saurfang,81,Priest,Gnome,Active Moon,3622.0,28875.0,True,Tinystab,144,2026-03-11 21:26:18,https://raider.io/characters/eu/saurfang/tinyholy,https://worldofwarcraft.blizzard.com/en-gb/character/eu/saurfang/tinyholy,https://www.warcraftlogs.com/character/eu/saurfang/tinyholy
Izett,saurfang,90,Death Knight,Human,Full Moon,3248.0,26225.0,False,Izett,211,2026-03-16 12:33:00,https://raider.io/characters/eu/saurfang/izett,https://worldofwarcraft.blizzard.com/en-gb/character/eu/saurfang/izett,https://www.warcraftlogs.com/character/eu/saurfang/izett
Villivasara,darkspear,85,Paladin,Earthen,Waxing Moon,2200.0,19055.0,True,Darkdream,120,2026-03-10 14:39:46,https://raider.io/characters/eu/darkspear/villivasara,https://worldofwarcraft.blizzard.com/en-gb/character/eu/darkspear/villivasara,https://www.warcraftlogs.com/character/eu/darkspear/villivasara
Bodhmall,saurfang,80,Druid,Night Elf,Full Moon,3802.0,31120.0,False,Bodhmall,141,2026-03-12 20:02:52,https://raider.io/characters/eu/saurfang/bodhmall,https://worldofwarcraft.blizzard.com/en-gb/character/eu/saurfang/bodhmall,https://www.warcraftlogs.com/character/eu/saurfang/bodhmall
Labela,terokkar,70,Warrior,Human,Half Moon,1083.0,9175.0,False,Labela,65,2026-03-02 10:11:30,https://raider.io/characters/eu/terokkar/labela,https://worldofwarcraft.blizzard.com/en-gb/character/eu/terokkar/labela,https://www.warcraftlogs.com/character/eu/terokkar/labela
Jenben,saurfang,80,Hunter,Dwarf,Full Moon,2103.0,18245.0,False,Jenben,653,2026-01-13 14:13:48,https://raider.io/characters/eu/saurfang/jenben,https://worldofwarcraft.blizzard.com/en-gb/character/eu/saurfang/jenben,https://www.warcraftlogs.com/character/eu/saurfang/jenben
Tinydiz,saurfang,80,Priest,Gnome,Full Moon,2554.0,22475.0,True,Diztruction,87,2026-02-09 12:16:42,https://raider.io/characters/eu/saurfang/tinydiz,https://worldofwarcraft.blizzard.com/en-gb/character/eu/saurfang/tinydiz,https://www.warcraftlogs.com/character/eu/saurfang/tinydiz
Wolfrick,saurfang,80,Hunter,Worgen,Waxing Moon,3738.0,30620.0,True,Bodhmall,126,2026-02-24 02:05:05,https://raider.io/characters/eu/saurfang/wolfrick,https://worldofwarcraft.blizzard.com/en-gb/character/eu/saurfang/wolfrick,https://www.warcraftlogs.com/character/eu/saurfang/wolfrick
Kausa,terokkar,80,Druid,Night Elf,Vice Guild Master,1980.0,18160.0,False,Kausa,587,2025-11-16 19:19:53,https://raider.io/characters/eu/terokkar/kausa,https://worldofwarcraft.blizzard.com/en-gb/character/eu/terokkar/kausa,https://www.warcraftlogs.com/character/eu/terokkar/kausa
Dizneyhurt,saurfang,83,Warrior,Void Elf,Full Moon,2633.0,23045.0,True,Diztruction,129,2026-03-15 21:55:55,https://raider.io/characters/eu/saurfang/dizneyhurt,https://worldofwarcraft.blizzard.com/en-gb/character/eu/saurfang/dizneyhurt,https://www.warcraftlogs.com/character/eu/saurfang/dizneyhurt
Raijinn,saurfang,80,Druid,Night Elf,New Moon,2135.0,19770.0,False,Raijinn,82,2026-01-24 16:06:37,https://raider.io/characters/eu/saurfang/raijinn,https://worldofwarcraft.blizzard.com/en-gb/character/eu/saurfang/raijinn,https://www.warcraftlogs.com/character/eu/saurfang/raijinn
Eleimus,darkspear,80,Priest,Lightforged Draenei,New Moon,2646.0,21590.0,True,Guenevéré,84,2026-02-22 12:07:56,https://raider.io/characters/eu/darkspear/eleimus,https://worldofwarcraft.blizzard.com/en-gb/character/eu/darkspear/eleimus,https://www.warcraftlogs.com/character/eu/darkspear/eleimus
Dottidotts,darkspear,80,Warlock,Human,Half Moon,1204.0,9520.0,False,Dottidotts,87,2026-02-09 19:45:47,https://raider.io/characters/eu/darkspear/dottidotts,https://worldofwarcraft.blizzard.com/en-gb/character/eu/darkspear/dottidotts,https://www.warcraftlogs.com/character/eu/darkspear/dottidotts
Ayda,terokkar,90,Druid,Night Elf,Full Moon,2254.0,19005.0,False,Ayda,209,2026-03-14 16:12:38,https://raider.io/characters/eu/terokkar/ayda,https://worldofwarcraft.blizzard.com/en-gb/character/eu/terokkar/ayda,https://www.warcraftlogs.com/character/eu/terokkar/ayda
Nytingale,darkspear,80,Priest,Human,Officer Alt,2805.0,24440.0,False,Nytingale,112,2026-02-21 08:59:08,https://raider.io/characters/eu/darkspear/nytingale,https://worldofwarcraft.blizzard.com/en-gb/character/eu/darkspear/nytingale,https://www.warcraftlogs.com/character/eu/darkspear/nytingale
Gilandrich,terokkar,85,Hunter,Night Elf,Full Moon,2170.0,19720.0,False,Gilandrich,158,2026-03-14 19:17:29,https://raider.io/characters/eu/terokkar/gilandrich,https://worldofwarcraft.blizzard.com/en-gb/character/eu/terokkar/gilandrich,https://www.warcraftlogs.com/character/eu/terokkar/gilandrich
Kórra,saurfang,67,Druid,Night Elf,New Moon,2358.0,18760.0,False,Kórra,66,2026-02-10 00:33:12,https://raider.io/characters/eu/saurfang/kórra,https://worldofwarcraft.blizzard.com/en-gb/character/eu/saurfang/kórra,https://www.warcraftlogs.com/character/eu/saurfang/kórra
Logistics,terokkar,80,Mage,Human,Active Moon,2629.0,20425.0,True,Theblueguy,82,2026-02-21 20:04:54,https://raider.io/characters/eu/terokkar/logistics,https://worldofwarcraft.blizzard.com/en-gb/character/eu/terokkar/logistics,https://www.warcraftlogs.com/character/eu/terokkar/logistics
Freyakin,darkspear,70,Warrior,Night Elf,Waxing Moon,1947.0,15615.0,False,Freyakin,81,2026-03-01 12:52:43,https://raider.io/characters/eu/darkspear/freyakin,https://worldofwarcraft.blizzard.com/en-gb/character/eu/darkspear/freyakin,https://www.warcraftlogs.com/character/eu/darkspear/freyakin
Shadowsheep,terokkar,90,Priest,Void Elf,Active Moon,2293.0,19310.0,False,Shadowsheep,241,2026-03-15 09:45:47,https://raider.io/characters/eu/terokkar/shadowsheep,https://worldofwarcraft.blizzard.com/en-gb/character/eu/terokkar/shadowsheep,https://www.warcraftlogs.com/character/eu/terokkar/shadowsheep
Jamie,terokkar,80,Paladin,Lightforged Draenei,Active Moon,2451.0,22470.0,False,Jamie,98,2026-02-08 14:12:08,https://raider.io/characters/eu/terokkar/jamie,https://worldofwarcraft.blizzard.com/en-gb/character/eu/terokkar/jamie,https://www.warcraftlogs.com/character/eu/terokkar/jamie
Velli,terokkar,80,Warlock,Human,Waxing Moon,1889.0,15990.0,False,Velli,154,2026-02-01 21:15:48,https://raider.io/characters/eu/terokkar/velli,https://worldofwarcraft.blizzard.com/en-gb/character/eu/terokkar/velli,https://www.warcraftlogs.com/character/eu/terokkar/velli
Dîz,saurfang,80,Rogue,Human,Full Moon,2634.0,23055.0,True,Diztruction,138,2026-03-16 12:46:43,https://raider.io/characters/eu/saurfang/dîz,https://worldofwarcraft.blizzard.com/en-gb/character/eu/saurfang/dîz,https://www.warcraftlogs.com/character/eu/saurfang/dîz
Hamboy,darkspear,57,Paladin,Human,New Moon,1651.0,14200.0,False,Hamboy,53,2026-03-16 12:46:08,https://raider.io/characters/eu/darkspear/hamboy,https://worldofwarcraft.blizzard.com/en-gb/character/eu/darkspear/hamboy,https://www.warcraftlogs.com/character/eu/darkspear/hamboy
Snillida,saurfang,80,Demon Hunter,Night Elf,Active Moon,2691.0,23355.0,True,Nakedlasagne,157,2026-03-09 17:51:20,https://raider.io/characters/eu/saurfang/snillida,https://worldofwarcraft.blizzard.com/en-gb/character/eu/saurfang/snillida,https://www.warcraftlogs.com/character/eu/saurfang/snillida
Darq,terokkar,83,Paladin,Human,Guild Master,2516.0,21935.0,False,Darq,150,2026-03-10 11:01:48,https://raider.io/characters/eu/terokkar/darq,https://worldofwarcraft.blizzard.com/en-gb/character/eu/terokkar/darq,https://www.warcraftlogs.com/character/eu/terokkar/darq
Oraion,darkspear,90,Warlock,Void Elf,Full Moon,3836.0,30680.0,False,Oraion,233,2026-03-15 18:05:52,https://raider.io/characters/eu/darkspear/oraion,https://worldofwarcraft.blizzard.com/en-gb/character/eu/darkspear/oraion,https://www.warcraftlogs.com/character/eu/darkspear/oraion
Cherlyn,darkspear,80,Priest,Draenei,Super Moon,2188.0,18960.0,True,Darkdream,105,2026-03-05 16:21:46,https://raider.io/characters/eu/darkspear/cherlyn,https://worldofwarcraft.blizzard.com/en-gb/character/eu/darkspear/cherlyn,https://www.warcraftlogs.com/character/eu/darkspear/cherlyn
Redhot,saurfang,80,Paladin,Dwarf,Full Moon,2771.0,23860.0,False,Redhot,126,2026-03-08 11:30:58,https://raider.io/characters/eu/saurfang/redhot,https://worldofwarcraft.blizzard.com/en-gb/character/eu/saurfang/redhot,https://www.warcraftlogs.com/character/eu/saurfang/redhot
Vindiction,terokkar,80,Death Knight,Night Elf,Waxing Moon,1974.0,16665.0,True,Velli,151,2026-03-16 08:17:10,https://raider.io/characters/eu/terokkar/vindiction,https://worldofwarcraft.blizzard.com/en-gb/character/eu/terokkar/vindiction,https://www.warcraftlogs.com/character/eu/terokkar/vindiction
Twiztednipz,saurfang,80,Mage,Gnome,Officer Alt,2380.0,19740.0,False,Twiztednipz,137,2026-03-04 00:29:07,https://raider.io/characters/eu/saurfang/twiztednipz,https://worldofwarcraft.blizzard.com/en-gb/character/eu/saurfang/twiztednipz,https://www.warcraftlogs.com/character/eu/saurfang/twiztednipz
Stonefist,saurfang,80,Paladin,Human,Full Moon,2294.0,19830.0,False,Stonefist,121,2026-03-04 22:27:10,https://raider.io/characters/eu/saurfang/stonefist,https://worldofwarcraft.blizzard.com/en-gb/character/eu/saurfang/stonefist,https://www.warcraftlogs.com/character/eu/saurfang/stonefist
Talasha,saurfang,80,Druid,Night Elf,Half Moon,1957.0,15535.0,False,Talasha,71,2026-02-26 21:56:59,https://raider.io/characters/eu/saurfang/talasha,https://worldofwarcraft.blizzard.com/en-gb/character/eu/saurfang/talasha,https://www.warcraftlogs.com/character/eu/saurfang/talasha
Colder,terokkar,80,Warrior,Human,Full Moon,1507.0,14365.0,False,Colder,129,2026-03-14 21:11:18,https://raider.io/characters/eu/terokkar/colder,https://worldofwarcraft.blizzard.com/en-gb/character/eu/terokkar/colder,https://www.warcraftlogs.com/character/eu/terokkar/colder
Foricky,saurfang,80,Mage,Gnome,Full Moon,1957.0,15535.0,True,Talasha,145,2026-02-26 21:57:36,https://raider.io/characters/eu/saurfang/foricky,https://worldofwarcraft.blizzard.com/en-gb/character/eu/saurfang/foricky,https://www.warcraftlogs.com/character/eu/saurfang/foricky
Shelockstel,saurfang,80,Warlock,Mechagnome,Full Moon,2000.0,17460.0,True,Zarramon,119,2026-03-11 21:15:45,https://raider.io/characters/eu/saurfang/shelockstel,https://worldofwarcraft.blizzard.com/en-gb/character/eu/saurfang/shelockstel,https://www.warcraftlogs.com/character/eu/saurfang/shelockstel
Aradeni,terokkar,80,Paladin,Draenei,Active Moon,,,False,Aradeni,138,2026-03-12 22:34:23,https://raider.io/characters/eu/terokkar/aradeni,https://worldofwarcraft.blizzard.com/en-gb/character/eu/terokkar/aradeni,https://www.warcraftlogs.com/character/eu/terokkar/aradeni
Lunaria,saurfang,90,Shaman,Draenei,Full Moon,2714.0,23550.0,True,Nakedlasagne,237,2026-03-16 00:45:00,https://raider.io/characters/eu/saurfang/lunaria,https://worldofwarcraft.blizzard.com/en-gb/character/eu/saurfang/lunaria,https://www.warcraftlogs.com/character/eu/saurfang/lunaria
Erionar,darkspear,70,Paladin,Human,Active Moon,1460.0,12985.0,False,Erionar,78,2026-03-01 20:28:59,https://raider.io/characters/eu/darkspear/erionar,https://worldofwarcraft.blizzard.com/en-gb/character/eu/darkspear/erionar,https://www.warcraftlogs.com/character/eu/darkspear/erionar
Nex,saurfang,73,Death Knight,Gnome,New Moon,3443.0,28530.0,False,Nex,71,2026-02-22 20:26:39,https://raider.io/characters/eu/saurfang/nex,https://worldofwarcraft.blizzard.com/en-gb/character/eu/saurfang/nex,https://www.warcraftlogs.com/character/eu/saurfang/nex
Milfred,terokkar,90,Warrior,Human,Active Moon,1326.0,11505.0,False,Milfred,233,2026-03-12 23:59:39,https://raider.io/characters/eu/terokkar/milfred,https://worldofwarcraft.blizzard.com/en-gb/character/eu/terokkar/milfred,https://www.warcraftlogs.com/character/eu/terokkar/milfred
Sverker,terokkar,80,Death Knight,Human,Waxing Moon,3374.0,28425.0,True,Sijo,97,2026-03-14 09:30:00,https://raider.io/characters/eu/terokkar/sverker,https://worldofwarcraft.blizzard.com/en-gb/character/eu/terokkar/sverker,https://www.warcraftlogs.com/character/eu/terokkar/sverker
Relara,terokkar,80,Hunter,Void Elf,Full Moon,1474.0,11970.0,False,Relara,110,2026-03-13 11:23:13,https://raider.io/characters/eu/terokkar/relara,https://worldofwarcraft.blizzard.com/en-gb/character/eu/terokkar/relara,https://www.warcraftlogs.com/character/eu/terokkar/relara
Tocho,terokkar,90,Druid,Zandalari Troll,Full Moon,3040.0,25560.0,False,Tocho,240,2026-03-16 12:44:50,https://raider.io/characters/eu/terokkar/tocho,https://worldofwarcraft.blizzard.com/en-gb/character/eu/terokkar/tocho,https://www.warcraftlogs.com/character/eu/terokkar/tocho
Wineforme,darkspear,86,Warrior,Human,Full Moon,1632.0,14160.0,True,Maximous,161,2026-03-15 12:01:43,https://raider.io/characters/eu/darkspear/wineforme,https://worldofwarcraft.blizzard.com/en-gb/character/eu/darkspear/wineforme,https://www.warcraftlogs.com/character/eu/darkspear/wineforme
Dotdotdeath,darkspear,80,Warlock,Human,Half Moon,587.0,5315.0,False,Dotdotdeath,116,2026-02-09 00:54:44,https://raider.io/characters/eu/darkspear/dotdotdeath,https://worldofwarcraft.blizzard.com/en-gb/character/eu/darkspear/dotdotdeath,https://www.warcraftlogs.com/character/eu/darkspear/dotdotdeath
Shadowmojo,darkspear,80,Druid,Night Elf,New Moon,582.0,5275.0,True,Dotdotdeath,675,2025-11-27 02:29:42,https://raider.io/characters/eu/darkspear/shadowmojo,https://worldofwarcraft.blizzard.com/en-gb/character/eu/darkspear/shadowmojo,https://www.warcraftlogs.com/character/eu/darkspear/shadowmojo
Demoniwiggz,kazzak,90,Demon Hunter,Blood Elf,Full Moon,2305.0,19540.0,False,Demoniwiggz,239,2026-03-15 12:01:14,https://raider.io/characters/eu/kazzak/demoniwiggz,https://worldofwarcraft.blizzard.com/en-gb/character/eu/kazzak/demoniwiggz,https://www.warcraftlogs.com/character/eu/kazzak/demoniwiggz
Afanasia,terokkar,80,Shaman,Draenei,Half Moon,1877.0,16425.0,True,Primtah,152,2026-01-28 19:42:26,https://raider.io/characters/eu/terokkar/afanasia,https://worldofwarcraft.blizzard.com/en-gb/character/eu/terokkar/afanasia,https://www.warcraftlogs.com/character/eu/terokkar/afanasia
Talisa,saurfang,80,Demon Hunter,Night Elf,New Moon,1334.0,11920.0,False,Talisa,643,2026-01-04 18:41:14,https://raider.io/characters/eu/saurfang/talisa,https://worldofwarcraft.blizzard.com/en-gb/character/eu/saurfang/talisa,https://www.warcraftlogs.com/character/eu/saurfang/talisa
Ellye,terokkar,80,Druid,Night Elf,Half Moon,1505.0,13755.0,False,Ellye,109,2026-03-10 23:57:22,https://raider.io/characters/eu/terokkar/ellye,https://worldofwarcraft.blizzard.com/en-gb/character/eu/terokkar/ellye,https://www.warcraftlogs.com/character/eu/terokkar/ellye
Orwyn,darkspear,80,Druid,Night Elf,New Moon,5026.0,42780.0,False,Orwyn,109,2026-02-19 15:29:19,https://raider.io/characters/eu/darkspear/orwyn,https://worldofwarcraft.blizzard.com/en-gb/character/eu/darkspear/orwyn,https://www.warcraftlogs.com/character/eu/darkspear/orwyn
Rouscha,terokkar,80,Hunter,Worgen,New Moon,2774.0,21900.0,False,Rouscha,125,2026-03-10 18:01:22,https://raider.io/characters/eu/terokkar/rouscha,https://worldofwarcraft.blizzard.com/en-gb/character/eu/terokkar/rouscha,https://www.warcraftlogs.com/character/eu/terokkar/rouscha
Crossbreaker,saurfang,56,Death Knight,Worgen,New Moon,291.0,2525.0,False,Crossbreaker,47,2026-02-27 07:48:52,https://raider.io/characters/eu/saurfang/crossbreaker,https://worldofwarcraft.blizzard.com/en-gb/character/eu/saurfang/crossbreaker,https://www.warcraftlogs.com/character/eu/saurfang/crossbreaker
Malagigi,saurfang,81,Paladin,Human,Full Moon,3820.0,31240.0,True,Bodhmall,132,2026-03-16 10:15:50,https://raider.io/characters/eu/saurfang/malagigi,https://worldofwarcraft.blizzard.com/en-gb/character/eu/saurfang/malagigi,https://www.warcraftlogs.com/character/eu/saurfang/malagigi
Veli,terokkar,90,Druid,Night Elf,Full Moon,1974.0,16665.0,True,Velli,217,2026-03-16 10:29:37,https://raider.io/characters/eu/terokkar/veli,https://worldofwarcraft.blizzard.com/en-gb/character/eu/terokkar/veli,https://www.warcraftlogs.com/character/eu/terokkar/veli
Twistedsoul,darkspear,90,Warlock,Void Elf,Officer Alt,2871.0,24925.0,True,Nytingale,232,2026-03-16 08:02:35,https://raider.io/characters/eu/darkspear/twistedsoul,https://worldofwarcraft.blizzard.com/en-gb/character/eu/darkspear/twistedsoul,https://www.warcraftlogs.com/character/eu/darkspear/twistedsoul
Moondream,darkspear,85,Hunter,Night Elf,Officer Alt,2871.0,24925.0,True,Nytingale,160,2026-03-16 14:02:37,https://raider.io/characters/eu/darkspear/moondream,https://worldofwarcraft.blizzard.com/en-gb/character/eu/darkspear/moondream,https://www.warcraftlogs.com/character/eu/darkspear/moondream
Metall,terokkar,80,Hunter,Night Elf,Active Moon,2181.0,18745.0,False,Metall,707,2025-12-18 18:40:30,https://raider.io/characters/eu/terokkar/metall,https://worldofwarcraft.blizzard.com/en-gb/character/eu/terokkar/metall,https://www.warcraftlogs.com/character/eu/terokkar/metall
Tharaniel,saurfang,90,Druid,Night Elf,Super Moon,3630.0,28955.0,True,Tinystab,229,2026-03-15 23:39:20,https://raider.io/characters/eu/saurfang/tharaniel,https://worldofwarcraft.blizzard.com/en-gb/character/eu/saurfang/tharaniel,https://www.warcraftlogs.com/character/eu/saurfang/tharaniel
Illarinn,saurfang,80,Druid,Night Elf,Half Moon,1432.0,11915.0,True,Illawrath,130,2026-01-24 18:58:59,https://raider.io/characters/eu/saurfang/illarinn,https://worldofwarcraft.blizzard.com/en-gb/character/eu/saurfang/illarinn,https://www.warcraftlogs.com/character/eu/saurfang/illarinn
Keeku,darkspear,80,Priest,Human,Full Moon,1454.0,12680.0,False,Keeku,74,2026-03-11 23:15:08,https://raider.io/characters/eu/darkspear/keeku,https://worldofwarcraft.blizzard.com/en-gb/character/eu/darkspear/keeku,https://www.warcraftlogs.com/character/eu/darkspear/keeku
Dicehunter,darkspear,80,Druid,Night Elf,New Moon,1888.0,16755.0,False,Dicehunter,98,2026-02-05 19:55:54,https://raider.io/characters/eu/darkspear/dicehunter,https://worldofwarcraft.blizzard.com/en-gb/character/eu/darkspear/dicehunter,https://www.warcraftlogs.com/character/eu/darkspear/dicehunter
Barbellata,darkspear,80,Demon Hunter,Night Elf,Officer Alt,2809.0,24455.0,True,Nytingale,134,2026-02-24 12:10:18,https://raider.io/characters/eu/darkspear/barbellata,https://worldofwarcraft.blizzard.com/en-gb/character/eu/darkspear/barbellata,https://www.warcraftlogs.com/character/eu/darkspear/barbellata
Lochaber,terokkar,70,Warrior,Human,Waxing Moon,1474.0,14085.0,True,Colder,64,2026-01-25 09:49:18,https://raider.io/characters/eu/terokkar/lochaber,https://worldofwarcraft.blizzard.com/en-gb/character/eu/terokkar/lochaber,https://www.warcraftlogs.com/character/eu/terokkar/lochaber
Myliana,saurfang,81,Monk,Human,Waxing Moon,2720.0,21570.0,False,Myliana,97,2026-03-09 17:58:57,https://raider.io/characters/eu/saurfang/myliana,https://worldofwarcraft.blizzard.com/en-gb/character/eu/saurfang/myliana,https://www.warcraftlogs.com/character/eu/saurfang/myliana
Myna,darkspear,80,Druid,Night Elf,Active Moon,1442.0,12475.0,False,Myna,603,2025-12-04 10:13:41,https://raider.io/characters/eu/darkspear/myna,https://worldofwarcraft.blizzard.com/en-gb/character/eu/darkspear/myna,https://www.warcraftlogs.com/character/eu/darkspear/myna
Olgítsa,darkspear,80,Mage,Human,Full Moon,4089.0,33960.0,False,Olgítsa,138,2026-03-15 14:49:16,https://raider.io/characters/eu/darkspear/olgítsa,https://worldofwarcraft.blizzard.com/en-gb/character/eu/darkspear/olgítsa,https://www.warcraftlogs.com/character/eu/darkspear/olgítsa
Saerdnaa,saurfang,80,Death Knight,Human,Active Moon,2691.0,23355.0,True,Nakedlasagne,155,2026-03-09 17:53:59,https://raider.io/characters/eu/saurfang/saerdnaa,https://worldofwarcraft.blizzard.com/en-gb/character/eu/saurfang/saerdnaa,https://www.warcraftlogs.com/character/eu/saurfang/saerdnaa
Roarfury,darkspear,80,Druid,Worgen,Half Moon,2646.0,21590.0,True,Guenevéré,84,2026-02-22 13:17:33,https://raider.io/characters/eu/darkspear/roarfury,https://worldofwarcraft.blizzard.com/en-gb/character/eu/darkspear/roarfury,https://www.warcraftlogs.com/character/eu/darkspear/roarfury
Aphrodizia,saurfang,80,Shaman,Draenei,Full Moon,2554.0,22475.0,True,Diztruction,118,2026-02-09 12:18:00,https://raider.io/characters/eu/saurfang/aphrodizia,https://worldofwarcraft.blizzard.com/en-gb/character/eu/saurfang/aphrodizia,https://www.warcraftlogs.com/character/eu/saurfang/aphrodizia
Merlim,terokkar,90,Mage,Human,Full Moon,1894.0,15210.0,False,Merlim,233,2026-03-12 00:14:04,https://raider.io/characters/eu/terokkar/merlim,https://worldofwarcraft.blizzard.com/en-gb/character/eu/terokkar/merlim,https://www.warcraftlogs.com/character/eu/terokkar/merlim
Freiia,terokkar,90,Mage,Draenei,Full Moon,3010.0,27195.0,False,Freiia,229,2026-03-16 02:41:20,https://raider.io/characters/eu/terokkar/freiia,https://worldofwarcraft.blizzard.com/en-gb/character/eu/terokkar/freiia,https://www.warcraftlogs.com/character/eu/terokkar/freiia
Hunterbel,darkspear,87,Hunter,Human,Full Moon,2061.0,17275.0,False,Hunterbel,173,2026-03-16 13:44:00,https://raider.io/characters/eu/darkspear/hunterbel,https://worldofwarcraft.blizzard.com/en-gb/character/eu/darkspear/hunterbel,https://www.warcraftlogs.com/character/eu/darkspear/hunterbel
Unikkat,terokkar,80,Paladin,Human,Full Moon,3037.0,25525.0,True,Tocho,147,2026-03-08 12:43:11,https://raider.io/characters/eu/terokkar/unikkat,https://worldofwarcraft.blizzard.com/en-gb/character/eu/terokkar/unikkat,https://www.warcraftlogs.com/character/eu/terokkar/unikkat
Melissant,terokkar,80,Paladin,Human,Active Moon,2316.0,18555.0,False,Melissant,153,2026-03-15 18:13:25,https://raider.io/characters/eu/terokkar/melissant,https://worldofwarcraft.blizzard.com/en-gb/character/eu/terokkar/melissant,https://www.warcraftlogs.com/character/eu/terokkar/melissant
Jääntuoja,darkspear,80,Mage,Void Elf,Half Moon,2189.0,18965.0,True,Darkdream,108,2026-03-05 16:23:53,https://raider.io/characters/eu/darkspear/jääntuoja,https://worldofwarcraft.blizzard.com/en-gb/character/eu/darkspear/jääntuoja,https://www.warcraftlogs.com/character/eu/darkspear/jääntuoja
Cyainabit,terokkar,80,Death Knight,Human,Officer Alt,1511.0,12635.0,False,Cyainabit,147,2026-03-10 18:14:07,https://raider.io/characters/eu/terokkar/cyainabit,https://worldofwarcraft.blizzard.com/en-gb/character/eu/terokkar/cyainabit,https://www.warcraftlogs.com/character/eu/terokkar/cyainabit
Velthelda,darkspear,80,Demon Hunter,Night Elf,Half Moon,4395.0,35690.0,False,Velthelda,108,2026-02-21 18:30:30,https://raider.io/characters/eu/darkspear/velthelda,https://worldofwarcraft.blizzard.com/en-gb/character/eu/darkspear/velthelda,https://www.warcraftlogs.com/character/eu/darkspear/velthelda
Amdumb,darkspear,80,Warlock,Gnome,New Moon,470.0,4090.0,False,Amdumb,67,2026-03-01 20:42:31,https://raider.io/characters/eu/darkspear/amdumb,https://worldofwarcraft.blizzard.com/en-gb/character/eu/darkspear/amdumb,https://www.warcraftlogs.com/character/eu/darkspear/amdumb
Slyg,saurfang,80,Mage,Void Elf,Waxing Moon,1560.0,13380.0,False,Slyg,126,2026-02-28 15:34:04,https://raider.io/characters/eu/saurfang/slyg,https://worldofwarcraft.blizzard.com/en-gb/character/eu/saurfang/slyg,https://www.warcraftlogs.com/character/eu/saurfang/slyg
Garlax,darkspear,80,Shaman,Draenei,Half Moon,676.0,6120.0,False,Garlax,110,2026-03-14 23:19:25,https://raider.io/characters/eu/darkspear/garlax,https://worldofwarcraft.blizzard.com/en-gb/character/eu/darkspear/garlax,https://www.warcraftlogs.com/character/eu/darkspear/garlax
Manoftime,terokkar,80,Mage,Human,Full Moon,1994.0,17440.0,True,Zarramon,119,2026-02-25 20:12:45,https://raider.io/characters/eu/terokkar/manoftime,https://worldofwarcraft.blizzard.com/en-gb/character/eu/terokkar/manoftime,https://www.warcraftlogs.com/character/eu/terokkar/manoftime
Judgémental,darkspear,90,Paladin,Human,Active Moon,2699.0,22035.0,True,Guenevéré,224,2026-03-16 12:29:03,https://raider.io/characters/eu/darkspear/judgémental,https://worldofwarcraft.blizzard.com/en-gb/character/eu/darkspear/judgémental,https://www.warcraftlogs.com/character/eu/darkspear/judgémental
Darqhealz,terokkar,90,Monk,Gnome,Officer Alt,2523.0,21990.0,True,Darq,235,2026-03-15 19:59:48,https://raider.io/characters/eu/terokkar/darqhealz,https://worldofwarcraft.blizzard.com/en-gb/character/eu/terokkar/darqhealz,https://www.warcraftlogs.com/character/eu/terokkar/darqhealz
Martn,terokkar,80,Monk,Human,Full Moon,1281.0,11225.0,True,Kirkmeister,124,2026-03-03 07:47:09,https://raider.io/characters/eu/terokkar/martn,https://worldofwarcraft.blizzard.com/en-gb/character/eu/terokkar/martn,https://www.warcraftlogs.com/character/eu/terokkar/martn
Questy,darkspear,80,Priest,Human,Full Moon,1624.0,14080.0,True,Maximous,107,2026-03-08 10:09:50,https://raider.io/characters/eu/darkspear/questy,https://worldofwarcraft.blizzard.com/en-gb/character/eu/darkspear/questy,https://www.warcraftlogs.com/character/eu/darkspear/questy
Wîcca,terokkar,80,Priest,Night Elf,New Moon,2375.0,20265.0,False,Wîcca,106,2026-02-15 17:52:08,https://raider.io/characters/eu/terokkar/wîcca,https://worldofwarcraft.blizzard.com/en-gb/character/eu/terokkar/wîcca,https://www.warcraftlogs.com/character/eu/terokkar/wîcca
Ajénal,moonglade,82,Warlock,Worgen,Active Moon,3190.0,25740.0,False,Ajénal,130,2026-03-14 23:00:19,https://raider.io/characters/eu/moonglade/ajénal,https://worldofwarcraft.blizzard.com/en-gb/character/eu/moonglade/ajénal,https://www.warcraftlogs.com/character/eu/moonglade/ajénal
Gimlihunter,darkspear,80,Hunter,Dwarf,New Moon,1917.0,16850.0,True,Didan,104,2026-01-26 20:37:15,https://raider.io/characters/eu/darkspear/gimlihunter,https://worldofwarcraft.blizzard.com/en-gb/character/eu/darkspear/gimlihunter,https://www.warcraftlogs.com/character/eu/darkspear/gimlihunter
Brunelda,saurfang,80,Hunter,Dwarf,Active Moon,2696.0,23400.0,True,Nakedlasagne,149,2026-03-11 09:32:16,https://raider.io/characters/eu/saurfang/brunelda,https://worldofwarcraft.blizzard.com/en-gb/character/eu/saurfang/brunelda,https://www.warcraftlogs.com/character/eu/saurfang/brunelda
Raelya,moonglade,83,Warlock,Void Elf,New Moon,2875.0,23685.0,True,Spazzingout,144,2026-03-09 16:41:15,https://raider.io/characters/eu/moonglade/raelya,https://worldofwarcraft.blizzard.com/en-gb/character/eu/moonglade/raelya,https://www.warcraftlogs.com/character/eu/moonglade/raelya
Arcyan,hellscream,90,Hunter,Nightborne,Waxing Moon,1786.0,14070.0,True,Saeko,229,2026-03-15 22:53:02,https://raider.io/characters/eu/hellscream/arcyan,https://worldofwarcraft.blizzard.com/en-gb/character/eu/hellscream/arcyan,https://www.warcraftlogs.com/character/eu/hellscream/arcyan
Darqmees,terokkar,80,Mage,Human,Officer Alt,2507.0,21855.0,True,Darq,137,2026-03-05 09:44:46,https://raider.io/characters/eu/terokkar/darqmees,https://worldofwarcraft.blizzard.com/en-gb/character/eu/terokkar/darqmees,https://www.warcraftlogs.com/character/eu/terokkar/darqmees
Izalor,terokkar,90,Druid,Night Elf,Full Moon,1509.0,13540.0,False,Izalor,226,2026-03-15 15:38:28,https://raider.io/characters/eu/terokkar/izalor,https://worldofwarcraft.blizzard.com/en-gb/character/eu/terokkar/izalor,https://www.warcraftlogs.com/character/eu/terokkar/izalor
Kylastar,stormrage,80,Hunter,Night Elf,Full Moon,2488.0,20955.0,False,Kylastar,120,2026-03-14 22:43:09,https://raider.io/characters/eu/stormrage/kylastar,https://worldofwarcraft.blizzard.com/en-gb/character/eu/stormrage/kylastar,https://www.warcraftlogs.com/character/eu/stormrage/kylastar
Relentles,moonglade,90,Monk,Gnome,Full Moon,2887.0,23730.0,True,Spazzingout,243,2026-03-15 18:43:01,https://raider.io/characters/eu/moonglade/relentles,https://worldofwarcraft.blizzard.com/en-gb/character/eu/moonglade/relentles,https://www.warcraftlogs.com/character/eu/moonglade/relentles
Tenika,terokkar,80,Hunter,Night Elf,Full Moon,3756.0,32100.0,False,Tenika,662,2025-12-21 22:28:56,https://raider.io/characters/eu/terokkar/tenika,https://worldofwarcraft.blizzard.com/en-gb/character/eu/terokkar/tenika,https://www.warcraftlogs.com/character/eu/terokkar/tenika
Kippona,terokkar,80,Priest,Draenei,Full Moon,1877.0,16425.0,True,Primtah,84,2026-01-26 20:14:51,https://raider.io/characters/eu/terokkar/kippona,https://worldofwarcraft.blizzard.com/en-gb/character/eu/terokkar/kippona,https://www.warcraftlogs.com/character/eu/terokkar/kippona
Krenberry,darkspear,80,Rogue,Night Elf,Officer Alt,3476.0,30265.0,True,Peetsj,105,2026-02-26 21:31:10,https://raider.io/characters/eu/darkspear/krenberry,https://worldofwarcraft.blizzard.com/en-gb/character/eu/darkspear/krenberry,https://www.warcraftlogs.com/character/eu/darkspear/krenberry
Euandros,darkspear,80,Paladin,Blood Elf,Full Moon,3999.0,33325.0,True,Olgítsa,150,2026-02-26 19:21:01,https://raider.io/characters/eu/darkspear/euandros,https://worldofwarcraft.blizzard.com/en-gb/character/eu/darkspear/euandros,https://www.warcraftlogs.com/character/eu/darkspear/euandros
Haralamb,terokkar,80,Death Knight,Human,Half Moon,2051.0,17355.0,False,Haralamb,84,2026-03-13 16:45:22,https://raider.io/characters/eu/terokkar/haralamb,https://worldofwarcraft.blizzard.com/en-gb/character/eu/terokkar/haralamb,https://www.warcraftlogs.com/character/eu/terokkar/haralamb
Shootær,darkspear,80,Hunter,Orc,Waxing Moon,3999.0,33325.0,True,Olgítsa,127,2026-02-26 19:13:13,https://raider.io/characters/eu/darkspear/shootær,https://worldofwarcraft.blizzard.com/en-gb/character/eu/darkspear/shootær,https://www.warcraftlogs.com/character/eu/darkspear/shootær
Swiftnsure,terokkar,80,Hunter,Night Elf,Full Moon,2000.0,17460.0,True,Zarramon,122,2026-03-11 21:26:00,https://raider.io/characters/eu/terokkar/swiftnsure,https://worldofwarcraft.blizzard.com/en-gb/character/eu/terokkar/swiftnsure,https://www.warcraftlogs.com/character/eu/terokkar/swiftnsure
Yasunda,terokkar,80,Hunter,Night Elf,Full Moon,1087.0,9215.0,True,Labela,91,2026-03-04 07:21:23,https://raider.io/characters/eu/terokkar/yasunda,https://worldofwarcraft.blizzard.com/en-gb/character/eu/terokkar/yasunda,https://www.warcraftlogs.com/character/eu/terokkar/yasunda
Doragon,darkspear,90,Warrior,Dracthyr,Full Moon,3591.0,29325.0,False,Doragon,236,2026-03-16 12:50:08,https://raider.io/characters/eu/darkspear/doragon,https://worldofwarcraft.blizzard.com/en-gb/character/eu/darkspear/doragon,https://www.warcraftlogs.com/character/eu/darkspear/doragon
Deathanddki,saurfang,80,Death Knight,Draenei,Officer Alt,3472.0,29115.0,False,Deathanddki,155,2026-03-01 14:51:09,https://raider.io/characters/eu/saurfang/deathanddki,https://worldofwarcraft.blizzard.com/en-gb/character/eu/saurfang/deathanddki,https://www.warcraftlogs.com/character/eu/saurfang/deathanddki
Lyione,terokkar,80,Hunter,Night Elf,Full Moon,2376.0,19965.0,False,Lyione,144,2026-03-08 22:06:09,https://raider.io/characters/eu/terokkar/lyione,https://worldofwarcraft.blizzard.com/en-gb/character/eu/terokkar/lyione,https://www.warcraftlogs.com/character/eu/terokkar/lyione
Scrumptious,darkspear,90,Mage,Gnome,Officer Alt,2872.0,24930.0,True,Nytingale,228,2026-03-16 10:19:21,https://raider.io/characters/eu/darkspear/scrumptious,https://worldofwarcraft.blizzard.com/en-gb/character/eu/darkspear/scrumptious,https://www.warcraftlogs.com/character/eu/darkspear/scrumptious
Deathseker,saurfang,80,Shaman,Dwarf,Officer Alt,3478.0,29150.0,True,Deathanddki,165,2026-03-03 19:55:00,https://raider.io/characters/eu/saurfang/deathseker,https://worldofwarcraft.blizzard.com/en-gb/character/eu/saurfang/deathseker,https://www.warcraftlogs.com/character/eu/saurfang/deathseker
Sofy,terokkar,90,Monk,Void Elf,Full Moon,2246.0,19220.0,False,Sofy,227,2026-03-15 18:02:08,https://raider.io/characters/eu/terokkar/sofy,https://worldofwarcraft.blizzard.com/en-gb/character/eu/terokkar/sofy,https://www.warcraftlogs.com/character/eu/terokkar/sofy
Zidas,terokkar,90,Demon Hunter,Night Elf,Full Moon,1110.0,9410.0,True,Labela,230,2026-03-16 08:32:07,https://raider.io/characters/eu/terokkar/zidas,https://worldofwarcraft.blizzard.com/en-gb/character/eu/terokkar/zidas,https://www.warcraftlogs.com/character/eu/terokkar/zidas
Thómashélby,darkspear,80,Rogue,Gnome,Full Moon,2667.0,23945.0,True,Arthúrshélby,84,2026-03-10 18:28:04,https://raider.io/characters/eu/darkspear/thómashélby,https://worldofwarcraft.blizzard.com/en-gb/character/eu/darkspear/thómashélby,https://www.warcraftlogs.com/character/eu/darkspear/thómashélby
Daealla,darkspear,90,Druid,Night Elf,Full Moon,1982.0,16180.0,False,Daealla,205,2026-03-15 11:11:42,https://raider.io/characters/eu/darkspear/daealla,https://worldofwarcraft.blizzard.com/en-gb/character/eu/darkspear/daealla,https://www.warcraftlogs.com/character/eu/darkspear/daealla
Deathseekery,saurfang,80,Druid,Night Elf,Officer Alt,3525.0,29525.0,True,Deathanddki,123,2026-03-15 14:14:40,https://raider.io/characters/eu/saurfang/deathseekery,https://worldofwarcraft.blizzard.com/en-gb/character/eu/saurfang/deathseekery,https://www.warcraftlogs.com/character/eu/saurfang/deathseekery
Yaena,terokkar,81,Mage,Human,Full Moon,2085.0,18515.0,False,Yaena,123,2026-03-16 12:17:46,https://raider.io/characters/eu/terokkar/yaena,https://worldofwarcraft.blizzard.com/en-gb/character/eu/terokkar/yaena,https://www.warcraftlogs.com/character/eu/terokkar/yaena
Tinytelman,saurfang,81,Warrior,Mechagnome,Full Moon,2000.0,17460.0,True,Zarramon,126,2026-03-12 21:43:32,https://raider.io/characters/eu/saurfang/tinytelman,https://worldofwarcraft.blizzard.com/en-gb/character/eu/saurfang/tinytelman,https://www.warcraftlogs.com/character/eu/saurfang/tinytelman
Ljayne,darkspear,80,Hunter,Night Elf,Full Moon,3973.0,33080.0,False,Ljayne,106,2026-03-10 00:59:41,https://raider.io/characters/eu/darkspear/ljayne,https://worldofwarcraft.blizzard.com/en-gb/character/eu/darkspear/ljayne,https://www.warcraftlogs.com/character/eu/darkspear/ljayne
Laurajayne,darkspear,86,Druid,Night Elf,Full Moon,3981.0,33150.0,True,Ljayne,162,2026-03-16 03:32:53,https://raider.io/characters/eu/darkspear/laurajayne,https://worldofwarcraft.blizzard.com/en-gb/character/eu/darkspear/laurajayne,https://www.warcraftlogs.com/character/eu/darkspear/laurajayne
Shabba,saurfang,80,Paladin,Human,Guild Officer,3174.0,26280.0,False,Shabba,720,2025-12-10 23:37:41,https://raider.io/characters/eu/saurfang/shabba,https://worldofwarcraft.blizzard.com/en-gb/character/eu/saurfang/shabba,https://www.warcraftlogs.com/character/eu/saurfang/shabba
Darlingzilia,darkspear,80,Hunter,Night Elf,Waxing Moon,3999.0,33290.0,True,Olgítsa,104,2026-02-24 15:26:48,https://raider.io/characters/eu/darkspear/darlingzilia,https://worldofwarcraft.blizzard.com/en-gb/character/eu/darkspear/darlingzilia,https://www.warcraftlogs.com/character/eu/darkspear/darlingzilia
Dustydan,terokkar,80,Paladin,Human,Full Moon,2000.0,17460.0,True,Zarramon,122,2026-03-13 21:49:18,https://raider.io/characters/eu/terokkar/dustydan,https://worldofwarcraft.blizzard.com/en-gb/character/eu/terokkar/dustydan,https://www.warcraftlogs.com/character/eu/terokkar/dustydan
Wîcked,terokkar,80,Hunter,Night Elf,Active Moon,2375.0,20265.0,True,Wîcca,105,2026-02-15 17:47:32,https://raider.io/characters/eu/terokkar/wîcked,https://worldofwarcraft.blizzard.com/en-gb/character/eu/terokkar/wîcked,https://www.warcraftlogs.com/character/eu/terokkar/wîcked
Kaidence,darkspear,80,Shaman,Dwarf,Full Moon,2571.0,22440.0,False,Kaidence,125,2026-03-15 19:35:01,https://raider.io/characters/eu/darkspear/kaidence,https://worldofwarcraft.blizzard.com/en-gb/character/eu/darkspear/kaidence,https://www.warcraftlogs.com/character/eu/darkspear/kaidence
Torsden,saurfang,80,Shaman,Draenei,Full Moon,4975.0,40310.0,True,Ceyro,146,2026-03-09 21:29:24,https://raider.io/characters/eu/saurfang/torsden,https://worldofwarcraft.blizzard.com/en-gb/character/eu/saurfang/torsden,https://www.warcraftlogs.com/character/eu/saurfang/torsden
Wîtch,terokkar,88,Mage,Void Elf,Full Moon,2396.0,20400.0,True,Wîcca,163,2026-03-15 19:19:03,https://raider.io/characters/eu/terokkar/wîtch,https://worldofwarcraft.blizzard.com/en-gb/character/eu/terokkar/wîtch,https://www.warcraftlogs.com/character/eu/terokkar/wîtch
Carandil,terokkar,90,Druid,Night Elf,Active Moon,1943.0,16905.0,True,Primtah,237,2026-03-14 14:57:57,https://raider.io/characters/eu/terokkar/carandil,https://worldofwarcraft.blizzard.com/en-gb/character/eu/terokkar/carandil,https://www.warcraftlogs.com/character/eu/terokkar/carandil
Dalyth,terokkar,90,Hunter,Draenei,Full Moon,4791.0,41285.0,False,Dalyth,188,2026-03-14 19:35:12,https://raider.io/characters/eu/terokkar/dalyth,https://worldofwarcraft.blizzard.com/en-gb/character/eu/terokkar/dalyth,https://www.warcraftlogs.com/character/eu/terokkar/dalyth
Moonsiren,darkspear,80,Shaman,Draenei,Officer Alt,2870.0,24925.0,True,Nytingale,122,2026-03-14 21:07:30,https://raider.io/characters/eu/darkspear/moonsiren,https://worldofwarcraft.blizzard.com/en-gb/character/eu/darkspear/moonsiren,https://www.warcraftlogs.com/character/eu/darkspear/moonsiren
Kysteria,moonglade,90,Priest,Void Elf,Waxing Moon,3353.0,26275.0,True,Vados,229,2026-03-16 13:33:24,https://raider.io/characters/eu/moonglade/kysteria,https://worldofwarcraft.blizzard.com/en-gb/character/eu/moonglade/kysteria,https://www.warcraftlogs.com/character/eu/moonglade/kysteria
Brazenhussey,darkspear,90,Druid,Night Elf,Vice Guild Master,2871.0,24925.0,True,Nytingale,227,2026-03-16 07:48:28,https://raider.io/characters/eu/darkspear/brazenhussey,https://worldofwarcraft.blizzard.com/en-gb/character/eu/darkspear/brazenhussey,https://www.warcraftlogs.com/character/eu/darkspear/brazenhussey
Troyster,terokkar,89,Rogue,Night Elf,Full Moon,4283.0,35535.0,False,Troyster,179,2026-03-16 00:03:19,https://raider.io/characters/eu/terokkar/troyster,https://worldofwarcraft.blizzard.com/en-gb/character/eu/terokkar/troyster,https://www.warcraftlogs.com/character/eu/terokkar/troyster
Decension,darkspear,80,Shaman,Draenei,Full Moon,3825.0,32335.0,False,Decension,117,2026-03-11 10:42:22,https://raider.io/characters/eu/darkspear/decension,https://worldofwarcraft.blizzard.com/en-gb/character/eu/darkspear/decension,https://www.warcraftlogs.com/character/eu/darkspear/decension
Bluether,terokkar,90,Paladin,Human,Half Moon,3180.0,27155.0,False,Bluether,230,2026-03-16 11:03:20,https://raider.io/characters/eu/terokkar/bluether,https://worldofwarcraft.blizzard.com/en-gb/character/eu/terokkar/bluether,https://www.warcraftlogs.com/character/eu/terokkar/bluether
Ziliarini,darkspear,80,Hunter,Blood Elf,Full Moon,3932.0,32700.0,True,Olgítsa,105,2026-01-25 01:37:44,https://raider.io/characters/eu/darkspear/ziliarini,https://worldofwarcraft.blizzard.com/en-gb/character/eu/darkspear/ziliarini,https://www.warcraftlogs.com/character/eu/darkspear/ziliarini
Suchmonk,terokkar,90,Monk,Dark Iron Dwarf,Full Moon,2816.0,25235.0,False,Suchmonk,244,2026-03-15 20:01:20,https://raider.io/characters/eu/terokkar/suchmonk,https://worldofwarcraft.blizzard.com/en-gb/character/eu/terokkar/suchmonk,https://www.warcraftlogs.com/character/eu/terokkar/suchmonk
Skarlett,saurfang,90,Shaman,Draenei,Full Moon,3248.0,26225.0,True,Izett,232,2026-03-16 10:52:53,https://raider.io/characters/eu/saurfang/skarlett,https://worldofwarcraft.blizzard.com/en-gb/character/eu/saurfang/skarlett,https://www.warcraftlogs.com/character/eu/saurfang/skarlett
Deathshunter,saurfang,80,Hunter,Dwarf,Officer Alt,3439.0,28840.0,True,Deathanddki,133,2026-02-11 19:51:51,https://raider.io/characters/eu/saurfang/deathshunter,https://worldofwarcraft.blizzard.com/en-gb/character/eu/saurfang/deathshunter,https://www.warcraftlogs.com/character/eu/saurfang/deathshunter
Mizzaurora,terokkar,80,Demon Hunter,Night Elf,Full Moon,4679.0,38255.0,False,Mizzaurora,109,2026-03-16 08:54:59,https://raider.io/characters/eu/terokkar/mizzaurora,https://worldofwarcraft.blizzard.com/en-gb/character/eu/terokkar/mizzaurora,https://www.warcraftlogs.com/character/eu/terokkar/mizzaurora
Desinty,saurfang,90,Warrior,Night Elf,Full Moon,2900.0,25330.0,False,Desinty,234,2026-03-16 04:09:14,https://raider.io/characters/eu/saurfang/desinty,https://worldofwarcraft.blizzard.com/en-gb/character/eu/saurfang/desinty,https://www.warcraftlogs.com/character/eu/saurfang/desinty
Tavin,saurfang,80,Rogue,Dwarf,Active Moon,2704.0,23470.0,True,Nakedlasagne,143,2026-03-13 22:48:26,https://raider.io/characters/eu/saurfang/tavin,https://worldofwarcraft.blizzard.com/en-gb/character/eu/saurfang/tavin,https://www.warcraftlogs.com/character/eu/saurfang/tavin
Shrikei,saurfang,85,Priest,Draenei,Full Moon,2713.0,23540.0,True,Nakedlasagne,160,2026-03-15 19:42:30,https://raider.io/characters/eu/saurfang/shrikei,https://worldofwarcraft.blizzard.com/en-gb/character/eu/saurfang/shrikei,https://www.warcraftlogs.com/character/eu/saurfang/shrikei
Livanne,terokkar,90,Mage,Human,Full Moon,3760.0,30580.0,False,Livanne,236,2026-03-16 12:55:02,https://raider.io/characters/eu/terokkar/livanne,https://worldofwarcraft.blizzard.com/en-gb/character/eu/terokkar/livanne,https://www.warcraftlogs.com/character/eu/terokkar/livanne
Krennan,darkspear,90,Druid,Worgen,Vice Guild Master,3517.0,30590.0,True,Peetsj,219,2026-03-15 20:54:06,https://raider.io/characters/eu/darkspear/krennan,https://worldofwarcraft.blizzard.com/en-gb/character/eu/darkspear/krennan,https://www.warcraftlogs.com/character/eu/darkspear/krennan
Quady,saurfang,90,Warlock,Void Elf,Super Moon,3820.0,31240.0,True,Bodhmall,237,2026-03-16 10:19:27,https://raider.io/characters/eu/saurfang/quady,https://worldofwarcraft.blizzard.com/en-gb/character/eu/saurfang/quady,https://www.warcraftlogs.com/character/eu/saurfang/quady
Colandra,darkspear,84,Paladin,Draenei,Full Moon,2000.0,17460.0,True,Zarramon,147,2026-03-06 21:24:11,https://raider.io/characters/eu/darkspear/colandra,https://worldofwarcraft.blizzard.com/en-gb/character/eu/darkspear/colandra,https://www.warcraftlogs.com/character/eu/darkspear/colandra
Malumebullio,saurfang,90,Priest,Gnome,Waxing Moon,3965.0,31660.0,False,Malumebullio,241,2026-03-15 18:11:48,https://raider.io/characters/eu/saurfang/malumebullio,https://worldofwarcraft.blizzard.com/en-gb/character/eu/saurfang/malumebullio,https://www.warcraftlogs.com/character/eu/saurfang/malumebullio
Deathdemon,saurfang,80,Demon Hunter,Night Elf,Officer Alt,3439.0,28880.0,True,Deathanddki,126,2026-02-04 18:43:47,https://raider.io/characters/eu/saurfang/deathdemon,https://worldofwarcraft.blizzard.com/en-gb/character/eu/saurfang/deathdemon,https://www.warcraftlogs.com/character/eu/saurfang/deathdemon
Vincentae,saurfang,90,Warlock,Human,Full Moon,3310.0,29635.0,False,Vincentae,196,2026-03-15 22:48:30,https://raider.io/characters/eu/saurfang/vincentae,https://worldofwarcraft.blizzard.com/en-gb/character/eu/saurfang/vincentae,https://www.warcraftlogs.com/character/eu/saurfang/vincentae
Arthurshélby,darkspear,80,Hunter,Human,Super Moon,2608.0,23505.0,True,Arthúrshélby,80,2026-02-01 09:17:57,https://raider.io/characters/eu/darkspear/arthurshélby,https://worldofwarcraft.blizzard.com/en-gb/character/eu/darkspear/arthurshélby,https://www.warcraftlogs.com/character/eu/darkspear/arthurshélby
Deathbigears,saurfang,90,Warlock,Gnome,Officer Alt,3528.0,29555.0,True,Deathanddki,229,2026-03-15 22:00:45,https://raider.io/characters/eu/saurfang/deathbigears,https://worldofwarcraft.blizzard.com/en-gb/character/eu/saurfang/deathbigears,https://www.warcraftlogs.com/character/eu/saurfang/deathbigears
Deathseekerv,saurfang,90,Paladin,Human,Guild Officer,3528.0,29555.0,True,Deathanddki,232,2026-03-15 21:50:55,https://raider.io/characters/eu/saurfang/deathseekerv,https://worldofwarcraft.blizzard.com/en-gb/character/eu/saurfang/deathseekerv,https://www.warcraftlogs.com/character/eu/saurfang/deathseekerv
Gorkan,terokkar,90,Warrior,Human,Full Moon,3180.0,27155.0,True,Bluether,243,2026-03-16 10:55:42,https://raider.io/characters/eu/terokkar/gorkan,https://worldofwarcraft.blizzard.com/en-gb/character/eu/terokkar/gorkan,https://www.warcraftlogs.com/character/eu/terokkar/gorkan
Dutchmenn,terokkar,88,Death Knight,Draenei,Guild Officer,2577.0,22880.0,False,Dutchmenn,167,2026-03-15 20:28:03,https://raider.io/characters/eu/terokkar/dutchmenn,https://worldofwarcraft.blizzard.com/en-gb/character/eu/terokkar/dutchmenn,https://www.warcraftlogs.com/character/eu/terokkar/dutchmenn
Thawne,darkspear,80,Warrior,Void Elf,Active Moon,3825.0,32335.0,True,Decension,119,2026-03-11 10:46:28,https://raider.io/characters/eu/darkspear/thawne,https://worldofwarcraft.blizzard.com/en-gb/character/eu/darkspear/thawne,https://www.warcraftlogs.com/character/eu/darkspear/thawne
Angeloflife,terenas,80,Priest,Void Elf,Full Moon,3294.0,30975.0,False,Angeloflife,677,2026-01-05 03:07:20,https://raider.io/characters/eu/terenas/angeloflife,https://worldofwarcraft.blizzard.com/en-gb/character/eu/terenas/angeloflife,https://www.warcraftlogs.com/character/eu/terenas/angeloflife
Maharét,draenor,80,Rogue,Blood Elf,Full Moon,2211.0,18215.0,False,Maharét,167,2026-03-01 18:16:01,https://raider.io/characters/eu/draenor/maharét,https://worldofwarcraft.blizzard.com/en-gb/character/eu/draenor/maharét,https://www.warcraftlogs.com/character/eu/draenor/maharét
Fyrebeard,terenas,80,Warrior,Dark Iron Dwarf,Full Moon,4398.0,37590.0,False,Fyrebeard,139,2026-03-02 05:43:24,https://raider.io/characters/eu/terenas/fyrebeard,https://worldofwarcraft.blizzard.com/en-gb/character/eu/terenas/fyrebeard,https://www.warcraftlogs.com/character/eu/terenas/fyrebeard
Silvermage,saurfang,80,Mage,Human,Full Moon,2661.0,21820.0,False,Silvermage,157,2026-02-27 15:03:07,https://raider.io/characters/eu/saurfang/silvermage,https://worldofwarcraft.blizzard.com/en-gb/character/eu/saurfang/silvermage,https://www.warcraftlogs.com/character/eu/saurfang/silvermage
Lairiel,terokkar,89,Hunter,Night Elf,Full Moon,1479.0,12010.0,True,Relara,182,2026-03-15 14:47:37,https://raider.io/characters/eu/terokkar/lairiel,https://worldofwarcraft.blizzard.com/en-gb/character/eu/terokkar/lairiel,https://www.warcraftlogs.com/character/eu/terokkar/lairiel
Lorénthia,argent-dawn,80,Druid,Night Elf,Waxing Moon,3182.0,25760.0,True,Ajénal,646,2025-12-07 14:45:31,https://raider.io/characters/eu/argent-dawn/lorénthia,https://worldofwarcraft.blizzard.com/en-gb/character/eu/argent-dawn/lorénthia,https://www.warcraftlogs.com/character/eu/argent-dawn/lorénthia
Petitcoeur,saurfang,89,Priest,Gnome,Super Moon,1701.0,14795.0,False,Petitcoeur,182,2026-03-15 21:20:03,https://raider.io/characters/eu/saurfang/petitcoeur,https://worldofwarcraft.blizzard.com/en-gb/character/eu/saurfang/petitcoeur,https://www.warcraftlogs.com/character/eu/saurfang/petitcoeur
Bloodrins,ravencrest,80,Warrior,Dark Iron Dwarf,Half Moon,2363.0,19325.0,True,Otius,702,2025-12-11 18:50:36,https://raider.io/characters/eu/ravencrest/bloodrins,https://worldofwarcraft.blizzard.com/en-gb/character/eu/ravencrest/bloodrins,https://www.warcraftlogs.com/character/eu/ravencrest/bloodrins
Kiany,ravencrest,80,Priest,Dark Iron Dwarf,Half Moon,2042.0,17285.0,True,Cealla,109,2026-02-27 22:22:12,https://raider.io/characters/eu/ravencrest/kiany,https://worldofwarcraft.blizzard.com/en-gb/character/eu/ravencrest/kiany,https://www.warcraftlogs.com/character/eu/ravencrest/kiany
Gardarion,burning-steppes,80,Warrior,Human,Full Moon,1656.0,13490.0,False,Gardarion,129,2026-02-01 19:26:54,https://raider.io/characters/eu/burning-steppes/gardarion,https://worldofwarcraft.blizzard.com/en-gb/character/eu/burning-steppes/gardarion,https://www.warcraftlogs.com/character/eu/burning-steppes/gardarion
Demonglide,ravencrest,29,Demon Hunter,Night Elf,New Moon,1279.0,10965.0,False,Demonglide,106,2026-01-08 17:37:32,https://raider.io/characters/eu/ravencrest/demonglide,https://worldofwarcraft.blizzard.com/en-gb/character/eu/ravencrest/demonglide,https://www.warcraftlogs.com/character/eu/ravencrest/demonglide
Shuey,darkspear,71,Warrior,Dark Iron Dwarf,New Moon,2906.0,24245.0,False,Shuey,38,2026-02-08 08:07:23,https://raider.io/characters/eu/darkspear/shuey,https://worldofwarcraft.blizzard.com/en-gb/character/eu/darkspear/shuey,https://www.warcraftlogs.com/character/eu/darkspear/shuey
Chily,ravencrest,80,Monk,Pandaren,New Moon,2368.0,19355.0,True,Otius,593,2025-12-25 13:31:39,https://raider.io/characters/eu/ravencrest/chily,https://worldofwarcraft.blizzard.com/en-gb/character/eu/ravencrest/chily,https://www.warcraftlogs.com/character/eu/ravencrest/chily
Makuta,hellscream,86,Shaman,Orc,Half Moon,1786.0,14070.0,True,Saeko,146,2026-03-16 10:10:22,https://raider.io/characters/eu/hellscream/makuta,https://worldofwarcraft.blizzard.com/en-gb/character/eu/hellscream/makuta,https://www.warcraftlogs.com/character/eu/hellscream/makuta
Sereneety,darkspear,80,Demon Hunter,Night Elf,Waxing Moon,2000.0,17460.0,True,Zarramon,119,2026-03-11 20:36:37,https://raider.io/characters/eu/darkspear/sereneety,https://worldofwarcraft.blizzard.com/en-gb/character/eu/darkspear/sereneety,https://www.warcraftlogs.com/character/eu/darkspear/sereneety
Fern,terokkar,90,Druid,Night Elf,Full Moon,958.0,8685.0,False,Fern,220,2026-03-14 01:57:08,https://raider.io/characters/eu/terokkar/fern,https://worldofwarcraft.blizzard.com/en-gb/character/eu/terokkar/fern,https://www.warcraftlogs.com/character/eu/terokkar/fern
Ulfgrom,terokkar,90,Druid,Worgen,Full Moon,2295.0,20380.0,False,Ulfgrom,183,2026-03-15 18:56:23,https://raider.io/characters/eu/terokkar/ulfgrom,https://worldofwarcraft.blizzard.com/en-gb/character/eu/terokkar/ulfgrom,https://www.warcraftlogs.com/character/eu/terokkar/ulfgrom
Faedra,darkspear,80,Hunter,Night Elf,Half Moon,2108.0,17380.0,False,Faedra,99,2026-03-12 11:48:01,https://raider.io/characters/eu/darkspear/faedra,https://worldofwarcraft.blizzard.com/en-gb/character/eu/darkspear/faedra,https://www.warcraftlogs.com/character/eu/darkspear/faedra
Darqshaman,terokkar,80,Shaman,Dark Iron Dwarf,Officer Alt,2464.0,21495.0,True,Darq,138,2026-02-20 23:01:48,https://raider.io/characters/eu/terokkar/darqshaman,https://worldofwarcraft.blizzard.com/en-gb/character/eu/terokkar/darqshaman,https://www.warcraftlogs.com/character/eu/terokkar/darqshaman
Ruckus,korgall,80,Druid,Kul Tiran,New Moon,1393.0,12680.0,False,Ruckus,81,2026-03-01 14:21:41,https://raider.io/characters/eu/korgall/ruckus,https://worldofwarcraft.blizzard.com/en-gb/character/eu/korgall/ruckus,https://www.warcraftlogs.com/character/eu/korgall/ruckus
Missdmeanor,terokkar,70,Mage,Lightforged Draenei,New Moon,3332.0,27980.0,False,Missdmeanor,84,2026-03-14 13:53:25,https://raider.io/characters/eu/terokkar/missdmeanor,https://worldofwarcraft.blizzard.com/en-gb/character/eu/terokkar/missdmeanor,https://www.warcraftlogs.com/character/eu/terokkar/missdmeanor
Jamina,saurfang,65,Mage,Lightforged Draenei,Half Moon,586.0,4695.0,False,Jamina,36,2026-01-30 20:32:29,https://raider.io/characters/eu/saurfang/jamina,https://worldofwarcraft.blizzard.com/en-gb/character/eu/saurfang/jamina,https://www.warcraftlogs.com/character/eu/saurfang/jamina
Mayadik,doomhammer,89,Death Knight,Night Elf,Full Moon,1388.0,11950.0,False,Mayadik,183,2026-03-16 13:50:46,https://raider.io/characters/eu/doomhammer/mayadik,https://worldofwarcraft.blizzard.com/en-gb/character/eu/doomhammer/mayadik,https://www.warcraftlogs.com/character/eu/doomhammer/mayadik
Handfaste,saurfang,80,Warrior,Kul Tiran,Active Moon,1353.0,11510.0,False,Handfaste,100,2026-03-11 16:05:46,https://raider.io/characters/eu/saurfang/handfaste,https://worldofwarcraft.blizzard.com/en-gb/character/eu/saurfang/handfaste,https://www.warcraftlogs.com/character/eu/saurfang/handfaste
Nairi,saurfang,80,Death Knight,Human,Waxing Moon,1319.0,11605.0,False,Nairi,621,2025-12-06 16:56:36,https://raider.io/characters/eu/saurfang/nairi,https://worldofwarcraft.blizzard.com/en-gb/character/eu/saurfang/nairi,https://www.warcraftlogs.com/character/eu/saurfang/nairi
Mudiwa,hellscream,90,Druid,,Waxing Moon,1785.0,14060.0,True,Saeko,235,2026-03-14 20:59:49,https://raider.io/characters/eu/hellscream/mudiwa,https://worldofwarcraft.blizzard.com/en-gb/character/eu/hellscream/mudiwa,https://www.warcraftlogs.com/character/eu/hellscream/mudiwa
Descarte,saurfang,80,Death Knight,Human,Active Moon,1353.0,11510.0,True,Handfaste,107,2026-03-11 16:05:03,https://raider.io/characters/eu/saurfang/descarte,https://worldofwarcraft.blizzard.com/en-gb/character/eu/saurfang/descarte,https://www.warcraftlogs.com/character/eu/saurfang/descarte
Tarwis,terokkar,80,Mage,Human,Full Moon,803.0,7345.0,False,Tarwis,426,2025-12-04 01:15:53,https://raider.io/characters/eu/terokkar/tarwis,https://worldofwarcraft.blizzard.com/en-gb/character/eu/terokkar/tarwis,https://www.warcraftlogs.com/character/eu/terokkar/tarwis
Hejtuur,terokkar,80,Death Knight,Draenei,Waxing Moon,1382.0,11565.0,False,Hejtuur,128,2026-03-02 19:46:42,https://raider.io/characters/eu/terokkar/hejtuur,https://worldofwarcraft.blizzard.com/en-gb/character/eu/terokkar/hejtuur,https://www.warcraftlogs.com/character/eu/terokkar/hejtuur
Kremonn,magtheridon,90,Druid,Night Elf,Full Moon,2472.0,19920.0,False,Kremonn,214,2026-03-15 00:28:03,https://raider.io/characters/eu/magtheridon/kremonn,https://worldofwarcraft.blizzard.com/en-gb/character/eu/magtheridon/kremonn,https://www.warcraftlogs.com/character/eu/magtheridon/kremonn
Cartron,saurfang,90,Druid,Night Elf,Guild Officer,2425.0,20160.0,True,Twiztednipz,239,2026-03-15 21:42:47,https://raider.io/characters/eu/saurfang/cartron,https://worldofwarcraft.blizzard.com/en-gb/character/eu/saurfang/cartron,https://www.warcraftlogs.com/character/eu/saurfang/cartron
Questro,darkspear,80,Paladin,Lightforged Draenei,Full Moon,1626.0,14100.0,True,Maximous,108,2026-03-08 18:19:34,https://raider.io/characters/eu/darkspear/questro,https://worldofwarcraft.blizzard.com/en-gb/character/eu/darkspear/questro,https://www.warcraftlogs.com/character/eu/darkspear/questro
Sivara,moonglade,80,Monk,Night Elf,Half Moon,3282.0,25675.0,True,Vados,124,2026-02-22 12:13:34,https://raider.io/characters/eu/moonglade/sivara,https://worldofwarcraft.blizzard.com/en-gb/character/eu/moonglade/sivara,https://www.warcraftlogs.com/character/eu/moonglade/sivara
Lawr,saurfang,80,Priest,Lightforged Draenei,New Moon,2899.0,25325.0,True,Desinty,127,2026-03-15 01:15:39,https://raider.io/characters/eu/saurfang/lawr,https://worldofwarcraft.blizzard.com/en-gb/character/eu/saurfang/lawr,https://www.warcraftlogs.com/character/eu/saurfang/lawr
Luckle,moonglade,80,Demon Hunter,Night Elf,Active Moon,1506.0,12955.0,False,Luckle,142,2026-02-22 15:33:49,https://raider.io/characters/eu/moonglade/luckle,https://worldofwarcraft.blizzard.com/en-gb/character/eu/moonglade/luckle,https://www.warcraftlogs.com/character/eu/moonglade/luckle
Humanpaladin,saurfang,80,Paladin,Human,New Moon,2380.0,19740.0,True,Twiztednipz,85,2026-03-03 23:59:54,https://raider.io/characters/eu/saurfang/humanpaladin,https://worldofwarcraft.blizzard.com/en-gb/character/eu/saurfang/humanpaladin,https://www.warcraftlogs.com/character/eu/saurfang/humanpaladin
Spodokomodo,saurfang,80,Priest,Void Elf,Officer Alt,2342.0,19430.0,True,Twiztednipz,136,2026-02-15 22:01:48,https://raider.io/characters/eu/saurfang/spodokomodo,https://worldofwarcraft.blizzard.com/en-gb/character/eu/saurfang/spodokomodo,https://www.warcraftlogs.com/character/eu/saurfang/spodokomodo
Skrinx,saurfang,80,Hunter,Dwarf,Full Moon,2380.0,19740.0,True,Twiztednipz,76,2026-03-04 00:27:18,https://raider.io/characters/eu/saurfang/skrinx,https://worldofwarcraft.blizzard.com/en-gb/character/eu/saurfang/skrinx,https://www.warcraftlogs.com/character/eu/saurfang/skrinx
Black,moonglade,80,Hunter,Dark Iron Dwarf,New Moon,224.0,1995.0,True,Visilya,39,2026-02-27 18:33:15,https://raider.io/characters/eu/moonglade/black,https://worldofwarcraft.blizzard.com/en-gb/character/eu/moonglade/black,https://www.warcraftlogs.com/character/eu/moonglade/black
Mistaweewee,tarren-mill,75,Hunter,Night Elf,New Moon,1931.0,17000.0,True,Mistapeepee,81,2026-03-06 01:12:01,https://raider.io/characters/eu/tarren-mill/mistaweewee,https://worldofwarcraft.blizzard.com/en-gb/character/eu/tarren-mill/mistaweewee,https://www.warcraftlogs.com/character/eu/tarren-mill/mistaweewee
Ceasar,saurfang,90,Priest,Dracthyr,Full Moon,1359.0,11570.0,True,Handfaste,224,2026-03-15 18:20:58,https://raider.io/characters/eu/saurfang/ceasar,https://worldofwarcraft.blizzard.com/en-gb/character/eu/saurfang/ceasar,https://www.warcraftlogs.com/character/eu/saurfang/ceasar
Bryon,darkspear,52,Druid,Night Elf,New Moon,1065.0,9145.0,False,Bryon,52,2026-02-16 13:59:16,https://raider.io/characters/eu/darkspear/bryon,https://worldofwarcraft.blizzard.com/en-gb/character/eu/darkspear/bryon,https://www.warcraftlogs.com/character/eu/darkspear/bryon
Zandria,terokkar,90,Paladin,Human,Full Moon,2238.0,18045.0,False,Zandria,226,2026-03-16 12:51:33,https://raider.io/characters/eu/terokkar/zandria,https://worldofwarcraft.blizzard.com/en-gb/character/eu/terokkar/zandria,https://www.warcraftlogs.com/character/eu/terokkar/zandria
Mikurix,darkspear,90,Druid,Night Elf,Super Moon,2820.0,24640.0,True,Aradeni,214,2026-03-14 21:57:26,https://raider.io/characters/eu/darkspear/mikurix,https://worldofwarcraft.blizzard.com/en-gb/character/eu/darkspear/mikurix,https://www.warcraftlogs.com/character/eu/darkspear/mikurix
Athemis,darkspear,80,Warlock,Gnome,Waxing Moon,2788.0,24380.0,True,Aradeni,148,2026-02-26 21:29:04,https://raider.io/characters/eu/darkspear/athemis,https://worldofwarcraft.blizzard.com/en-gb/character/eu/darkspear/athemis,https://www.warcraftlogs.com/character/eu/darkspear/athemis
Aradeni,darkspear,80,Shaman,Draenei,Waxing Moon,2818.0,24620.0,False,Aradeni,138,2026-03-12 22:34:23,https://raider.io/characters/eu/darkspear/aradeni,https://worldofwarcraft.blizzard.com/en-gb/character/eu/darkspear/aradeni,https://www.warcraftlogs.com/character/eu/darkspear/aradeni
Bladesky,darkspear,71,Druid,Night Elf,Half Moon,3444.0,28830.0,False,Bladesky,72,2026-02-23 09:15:22,https://raider.io/characters/eu/darkspear/bladesky,https://worldofwarcraft.blizzard.com/en-gb/character/eu/darkspear/bladesky,https://www.warcraftlogs.com/character/eu/darkspear/bladesky
Krátós,burning-blade,90,Warrior,Human,Waxing Moon,1128.0,10630.0,False,Krátós,236,2026-03-15 18:40:13,https://raider.io/characters/eu/burning-blade/krátós,https://worldofwarcraft.blizzard.com/en-gb/character/eu/burning-blade/krátós,https://www.warcraftlogs.com/character/eu/burning-blade/krátós
Bunnykins,darkspear,80,Priest,Gnome,Waxing Moon,2787.0,24370.0,True,Aradeni,128,2026-02-20 14:42:02,https://raider.io/characters/eu/darkspear/bunnykins,https://worldofwarcraft.blizzard.com/en-gb/character/eu/darkspear/bunnykins,https://www.warcraftlogs.com/character/eu/darkspear/bunnykins
Purrincess,darkspear,80,Rogue,Void Elf,New Moon,2084.0,17155.0,True,Faedra,82,2026-03-03 11:47:48,https://raider.io/characters/eu/darkspear/purrincess,https://worldofwarcraft.blizzard.com/en-gb/character/eu/darkspear/purrincess,https://www.warcraftlogs.com/character/eu/darkspear/purrincess
Imsneezy,saurfang,80,Shaman,Dark Iron Dwarf,Half Moon,2711.0,23320.0,True,Redhot,117,2026-01-31 19:31:01,https://raider.io/characters/eu/saurfang/imsneezy,https://worldofwarcraft.blizzard.com/en-gb/character/eu/saurfang/imsneezy,https://www.warcraftlogs.com/character/eu/saurfang/imsneezy
Nitarian,terokkar,90,Warlock,Gnome,Full Moon,1267.0,11305.0,False,Nitarian,197,2026-03-14 21:30:04,https://raider.io/characters/eu/terokkar/nitarian,https://worldofwarcraft.blizzard.com/en-gb/character/eu/terokkar/nitarian,https://www.warcraftlogs.com/character/eu/terokkar/nitarian
Nima,terokkar,75,Druid,Night Elf,Full Moon,1446.0,11730.0,True,Relara,72,2026-02-03 09:14:07,https://raider.io/characters/eu/terokkar/nima,https://worldofwarcraft.blizzard.com/en-gb/character/eu/terokkar/nima,https://www.warcraftlogs.com/character/eu/terokkar/nima
Imgrumpy,saurfang,80,Warlock,Dark Iron Dwarf,Active Moon,2755.0,23740.0,True,Redhot,141,2026-02-28 22:27:50,https://raider.io/characters/eu/saurfang/imgrumpy,https://worldofwarcraft.blizzard.com/en-gb/character/eu/saurfang/imgrumpy,https://www.warcraftlogs.com/character/eu/saurfang/imgrumpy
Zalrias,draenor,80,Death Knight,Human,New Moon,2395.0,20255.0,False,Zalrias,90,2026-02-10 17:04:44,https://raider.io/characters/eu/draenor/zalrias,https://worldofwarcraft.blizzard.com/en-gb/character/eu/draenor/zalrias,https://www.warcraftlogs.com/character/eu/draenor/zalrias
Sharlaton,saurfang,82,Hunter,Void Elf,Full Moon,2000.0,17460.0,True,Zarramon,143,2026-03-10 21:54:43,https://raider.io/characters/eu/saurfang/sharlaton,https://worldofwarcraft.blizzard.com/en-gb/character/eu/saurfang/sharlaton,https://www.warcraftlogs.com/character/eu/saurfang/sharlaton
Menethill,darkspear,90,Death Knight,Human,Full Moon,831.0,7475.0,False,Menethill,217,2026-03-15 10:27:37,https://raider.io/characters/eu/darkspear/menethill,https://worldofwarcraft.blizzard.com/en-gb/character/eu/darkspear/menethill,https://www.warcraftlogs.com/character/eu/darkspear/menethill
Bobleearrow,darkspear,90,Hunter,Night Elf,Full Moon,836.0,7525.0,True,Menethill,217,2026-03-15 22:02:50,https://raider.io/characters/eu/darkspear/bobleearrow,https://worldofwarcraft.blizzard.com/en-gb/character/eu/darkspear/bobleearrow,https://www.warcraftlogs.com/character/eu/darkspear/bobleearrow
Wîenna,terokkar,80,Mage,Void Elf,Active Moon,2375.0,20265.0,True,Wîcca,133,2026-02-15 17:36:00,https://raider.io/characters/eu/terokkar/wîenna,https://worldofwarcraft.blizzard.com/en-gb/character/eu/terokkar/wîenna,https://www.warcraftlogs.com/character/eu/terokkar/wîenna
Rosali,terokkar,80,Shaman,Draenei,New Moon,1446.0,11730.0,True,Relara,80,2026-02-05 11:21:40,https://raider.io/characters/eu/terokkar/rosali,https://worldofwarcraft.blizzard.com/en-gb/character/eu/terokkar/rosali,https://www.warcraftlogs.com/character/eu/terokkar/rosali
Caelenne,moonglade,90,Hunter,Void Elf,Full Moon,2502.0,21300.0,False,Caelenne,236,2026-03-14 21:22:01,https://raider.io/characters/eu/moonglade/caelenne,https://worldofwarcraft.blizzard.com/en-gb/character/eu/moonglade/caelenne,https://www.warcraftlogs.com/character/eu/moonglade/caelenne
Lennaya,moonglade,90,Priest,Dracthyr,Active Moon,2502.0,21300.0,True,Caelenne,226,2026-03-15 16:22:06,https://raider.io/characters/eu/moonglade/lennaya,https://worldofwarcraft.blizzard.com/en-gb/character/eu/moonglade/lennaya,https://www.warcraftlogs.com/character/eu/moonglade/lennaya
Wíggs,kazzak,90,Monk,Mag'har Orc,Full Moon,2308.0,19555.0,True,Demoniwiggz,230,2026-03-16 11:18:26,https://raider.io/characters/eu/kazzak/wíggs,https://worldofwarcraft.blizzard.com/en-gb/character/eu/kazzak/wíggs,https://www.warcraftlogs.com/character/eu/kazzak/wíggs
Romen,terokkar,83,Paladin,Dwarf,Waxing Moon,2239.0,19730.0,False,Romen,141,2026-03-15 12:26:28,https://raider.io/characters/eu/terokkar/romen,https://worldofwarcraft.blizzard.com/en-gb/character/eu/terokkar/romen,https://www.warcraftlogs.com/character/eu/terokkar/romen
Brámble,saurfang,90,Druid,,Full Moon,2736.0,21785.0,False,Brámble,227,2026-03-16 12:31:02,https://raider.io/characters/eu/saurfang/brámble,https://worldofwarcraft.blizzard.com/en-gb/character/eu/saurfang/brámble,https://www.warcraftlogs.com/character/eu/saurfang/brámble
Velvetvixen,darkspear,88,Druid,Night Elf,Officer Alt,2870.0,24925.0,True,Nytingale,151,2026-03-15 09:04:14,https://raider.io/characters/eu/darkspear/velvetvixen,https://worldofwarcraft.blizzard.com/en-gb/character/eu/darkspear/velvetvixen,https://www.warcraftlogs.com/character/eu/darkspear/velvetvixen
Ruckle,moonglade,80,Shaman,Dwarf,Full Moon,1506.0,12965.0,True,Luckle,148,2026-02-08 16:34:43,https://raider.io/characters/eu/moonglade/ruckle,https://worldofwarcraft.blizzard.com/en-gb/character/eu/moonglade/ruckle,https://www.warcraftlogs.com/character/eu/moonglade/ruckle
Beefyelf,terokkar,90,Druid,Night Elf,Full Moon,2179.0,19435.0,False,Beefyelf,211,2026-03-15 21:01:57,https://raider.io/characters/eu/terokkar/beefyelf,https://worldofwarcraft.blizzard.com/en-gb/character/eu/terokkar/beefyelf,https://www.warcraftlogs.com/character/eu/terokkar/beefyelf
Vanith,saurfang,80,Priest,Void Elf,Waxing Moon,1436.0,11940.0,True,Illawrath,118,2026-02-08 21:58:09,https://raider.io/characters/eu/saurfang/vanith,https://worldofwarcraft.blizzard.com/en-gb/character/eu/saurfang/vanith,https://www.warcraftlogs.com/character/eu/saurfang/vanith
Rogueckle,moonglade,90,Rogue,Undead,Active Moon,1590.0,13650.0,True,Luckle,244,2026-03-15 21:01:58,https://raider.io/characters/eu/moonglade/rogueckle,https://worldofwarcraft.blizzard.com/en-gb/character/eu/moonglade/rogueckle,https://www.warcraftlogs.com/character/eu/moonglade/rogueckle
Zajmoon,saurfang,80,Rogue,Night Elf,Half Moon,2064.0,16000.0,False,Zajmoon,127,2026-03-14 10:09:59,https://raider.io/characters/eu/saurfang/zajmoon,https://worldofwarcraft.blizzard.com/en-gb/character/eu/saurfang/zajmoon,https://www.warcraftlogs.com/character/eu/saurfang/zajmoon
Cyainasec,terokkar,80,Warlock,Dark Iron Dwarf,Officer Alt,1451.0,12150.0,True,Cyainabit,135,2026-02-25 21:02:11,https://raider.io/characters/eu/terokkar/cyainasec,https://worldofwarcraft.blizzard.com/en-gb/character/eu/terokkar/cyainasec,https://www.warcraftlogs.com/character/eu/terokkar/cyainasec
Atheliss,darkspear,82,Hunter,Night Elf,Waxing Moon,2820.0,24640.0,True,Aradeni,140,2026-03-14 16:24:18,https://raider.io/characters/eu/darkspear/atheliss,https://worldofwarcraft.blizzard.com/en-gb/character/eu/darkspear/atheliss,https://www.warcraftlogs.com/character/eu/darkspear/atheliss
Sillver,terokkar,80,Monk,Pandaren,Full Moon,2320.0,19785.0,True,Aras,143,2026-02-12 17:55:49,https://raider.io/characters/eu/terokkar/sillver,https://worldofwarcraft.blizzard.com/en-gb/character/eu/terokkar/sillver,https://www.warcraftlogs.com/character/eu/terokkar/sillver
Threerivers,terokkar,80,Hunter,Night Elf,Full Moon,2153.0,19175.0,True,Beefyelf,122,2026-03-04 09:41:36,https://raider.io/characters/eu/terokkar/threerivers,https://worldofwarcraft.blizzard.com/en-gb/character/eu/terokkar/threerivers,https://www.warcraftlogs.com/character/eu/terokkar/threerivers
Kungfupandaa,saurfang,90,Monk,Pandaren,Active Moon,2085.0,16195.0,True,Zajmoon,240,2026-03-15 20:24:02,https://raider.io/characters/eu/saurfang/kungfupandaa,https://worldofwarcraft.blizzard.com/en-gb/character/eu/saurfang/kungfupandaa,https://www.warcraftlogs.com/character/eu/saurfang/kungfupandaa
Gryhm,saurfang,80,Hunter,Night Elf,Active Moon,1353.0,11510.0,True,Handfaste,107,2026-03-11 16:04:28,https://raider.io/characters/eu/saurfang/gryhm,https://worldofwarcraft.blizzard.com/en-gb/character/eu/saurfang/gryhm,https://www.warcraftlogs.com/character/eu/saurfang/gryhm
Smokelock,terokkar,90,Warlock,Dark Iron Dwarf,Waxing Moon,1310.0,11885.0,False,Smokelock,230,2026-03-13 20:15:03,https://raider.io/characters/eu/terokkar/smokelock,https://worldofwarcraft.blizzard.com/en-gb/character/eu/terokkar/smokelock,https://www.warcraftlogs.com/character/eu/terokkar/smokelock
Nakwena,moonglade,80,Paladin,Dwarf,Half Moon,2502.0,21300.0,True,Caelenne,120,2026-03-15 16:29:51,https://raider.io/characters/eu/moonglade/nakwena,https://worldofwarcraft.blizzard.com/en-gb/character/eu/moonglade/nakwena,https://www.warcraftlogs.com/character/eu/moonglade/nakwena
Onebreath,terokkar,80,Priest,Pandaren,Full Moon,2138.0,19090.0,True,Beefyelf,124,2026-02-19 21:17:00,https://raider.io/characters/eu/terokkar/onebreath,https://worldofwarcraft.blizzard.com/en-gb/character/eu/terokkar/onebreath,https://www.warcraftlogs.com/character/eu/terokkar/onebreath
Snowyn,darkspear,80,Mage,Void Elf,Full Moon,1577.0,13570.0,False,Snowyn,100,2026-02-21 15:10:50,https://raider.io/characters/eu/darkspear/snowyn,https://worldofwarcraft.blizzard.com/en-gb/character/eu/darkspear/snowyn,https://www.warcraftlogs.com/character/eu/darkspear/snowyn
Lightstalker,saurfang,80,Death Knight,Human,Full Moon,2750.0,23940.0,False,Lightstalker,122,2026-02-26 22:45:24,https://raider.io/characters/eu/saurfang/lightstalker,https://worldofwarcraft.blizzard.com/en-gb/character/eu/saurfang/lightstalker,https://www.warcraftlogs.com/character/eu/saurfang/lightstalker
Taradan,saurfang,80,Druid,Night Elf,Waxing Moon,2753.0,24115.0,False,Taradan,131,2026-03-09 18:44:34,https://raider.io/characters/eu/saurfang/taradan,https://worldofwarcraft.blizzard.com/en-gb/character/eu/saurfang/taradan,https://www.warcraftlogs.com/character/eu/saurfang/taradan
Tremac,darkspear,80,Death Knight,Human,Full Moon,1757.0,15410.0,False,Tremac,597,2025-11-16 11:11:26,https://raider.io/characters/eu/darkspear/tremac,https://worldofwarcraft.blizzard.com/en-gb/character/eu/darkspear/tremac,https://www.warcraftlogs.com/character/eu/darkspear/tremac
Zais,terokkar,80,Warlock,Void Elf,New Moon,2272.0,19480.0,True,Aras,702,2025-12-05 13:50:58,https://raider.io/characters/eu/terokkar/zais,https://worldofwarcraft.blizzard.com/en-gb/character/eu/terokkar/zais,https://www.warcraftlogs.com/character/eu/terokkar/zais
Sorrow,terokkar,80,Warlock,Void Elf,Full Moon,2674.0,21140.0,False,Sorrow,131,2026-03-02 09:50:11,https://raider.io/characters/eu/terokkar/sorrow,https://worldofwarcraft.blizzard.com/en-gb/character/eu/terokkar/sorrow,https://www.warcraftlogs.com/character/eu/terokkar/sorrow
Sheep,terokkar,80,Mage,Void Elf,Full Moon,2206.0,18595.0,True,Shadowsheep,153,2026-02-20 22:32:32,https://raider.io/characters/eu/terokkar/sheep,https://worldofwarcraft.blizzard.com/en-gb/character/eu/terokkar/sheep,https://www.warcraftlogs.com/character/eu/terokkar/sheep
Kenchoo,saurfang,80,Monk,Pandaren,New Moon,2995.0,25060.0,False,Kenchoo,76,2026-03-03 00:35:11,https://raider.io/characters/eu/saurfang/kenchoo,https://worldofwarcraft.blizzard.com/en-gb/character/eu/saurfang/kenchoo,https://www.warcraftlogs.com/character/eu/saurfang/kenchoo
Jaloh,terokkar,80,Hunter,Zandalari Troll,Half Moon,2306.0,19695.0,True,Aras,157,2026-02-01 14:33:59,https://raider.io/characters/eu/terokkar/jaloh,https://worldofwarcraft.blizzard.com/en-gb/character/eu/terokkar/jaloh,https://www.warcraftlogs.com/character/eu/terokkar/jaloh
Artaraz,saurfang,90,Mage,Human,Full Moon,2872.0,24865.0,True,Lightstalker,237,2026-03-16 11:08:16,https://raider.io/characters/eu/saurfang/artaraz,https://worldofwarcraft.blizzard.com/en-gb/character/eu/saurfang/artaraz,https://www.warcraftlogs.com/character/eu/saurfang/artaraz
Pausechamp,saurfang,80,Rogue,Human,Full Moon,2872.0,24865.0,True,Lightstalker,144,2026-03-15 18:48:27,https://raider.io/characters/eu/saurfang/pausechamp,https://worldofwarcraft.blizzard.com/en-gb/character/eu/saurfang/pausechamp,https://www.warcraftlogs.com/character/eu/saurfang/pausechamp
Lorthius,saurfang,80,Death Knight,Draenei,Full Moon,2915.0,24360.0,True,Kenchoo,81,2026-02-06 13:13:41,https://raider.io/characters/eu/saurfang/lorthius,https://worldofwarcraft.blizzard.com/en-gb/character/eu/saurfang/lorthius,https://www.warcraftlogs.com/character/eu/saurfang/lorthius
Dentraki,tarren-mill,90,Druid,Night Elf,Full Moon,3416.0,28455.0,False,Dentraki,226,2026-03-15 20:34:24,https://raider.io/characters/eu/tarren-mill/dentraki,https://worldofwarcraft.blizzard.com/en-gb/character/eu/tarren-mill/dentraki,https://www.warcraftlogs.com/character/eu/tarren-mill/dentraki
Ayani,saurfang,74,Druid,Night Elf,New Moon,2925.0,22645.0,False,Ayani,79,2026-02-06 08:59:16,https://raider.io/characters/eu/saurfang/ayani,https://worldofwarcraft.blizzard.com/en-gb/character/eu/saurfang/ayani,https://www.warcraftlogs.com/character/eu/saurfang/ayani
Azsuna,saurfang,80,Mage,Void Elf,Waxing Moon,3016.0,25205.0,True,Kenchoo,86,2026-03-07 16:42:35,https://raider.io/characters/eu/saurfang/azsuna,https://worldofwarcraft.blizzard.com/en-gb/character/eu/saurfang/azsuna,https://www.warcraftlogs.com/character/eu/saurfang/azsuna
Sumera,terokkar,80,Shaman,Draenei,Active Moon,2316.0,18555.0,True,Melissant,151,2026-03-15 18:08:17,https://raider.io/characters/eu/terokkar/sumera,https://worldofwarcraft.blizzard.com/en-gb/character/eu/terokkar/sumera,https://www.warcraftlogs.com/character/eu/terokkar/sumera
Shartman,shattered-hand,86,Shaman,Dark Iron Dwarf,Full Moon,982.0,9230.0,False,Shartman,153,2026-03-14 13:52:49,https://raider.io/characters/eu/shattered-hand/shartman,https://worldofwarcraft.blizzard.com/en-gb/character/eu/shattered-hand/shartman,https://www.warcraftlogs.com/character/eu/shattered-hand/shartman
Ramsi,terokkar,81,Priest,Human,Waxing Moon,4263.0,35315.0,False,Ramsi,122,2026-03-16 12:39:06,https://raider.io/characters/eu/terokkar/ramsi,https://worldofwarcraft.blizzard.com/en-gb/character/eu/terokkar/ramsi,https://www.warcraftlogs.com/character/eu/terokkar/ramsi
Tarwyss,terokkar,80,Warlock,Human,Full Moon,803.0,7345.0,True,Tarwis,323,2025-12-05 12:22:33,https://raider.io/characters/eu/terokkar/tarwyss,https://worldofwarcraft.blizzard.com/en-gb/character/eu/terokkar/tarwyss,https://www.warcraftlogs.com/character/eu/terokkar/tarwyss
Nytram,terokkar,80,Mage,Human,Full Moon,1280.0,11215.0,True,Kirkmeister,128,2026-03-03 07:41:05,https://raider.io/characters/eu/terokkar/nytram,https://worldofwarcraft.blizzard.com/en-gb/character/eu/terokkar/nytram,https://www.warcraftlogs.com/character/eu/terokkar/nytram
Strm,terokkar,80,Shaman,Dark Iron Dwarf,New Moon,2273.0,19485.0,True,Aras,654,2025-12-05 13:52:14,https://raider.io/characters/eu/terokkar/strm,https://worldofwarcraft.blizzard.com/en-gb/character/eu/terokkar/strm,https://www.warcraftlogs.com/character/eu/terokkar/strm
Draenerys,shattered-hand,90,Shaman,Draenei,Full Moon,1428.0,11845.0,False,Draenerys,201,2026-03-16 02:32:35,https://raider.io/characters/eu/shattered-hand/draenerys,https://worldofwarcraft.blizzard.com/en-gb/character/eu/shattered-hand/draenerys,https://www.warcraftlogs.com/character/eu/shattered-hand/draenerys
Riker,terokkar,88,Warrior,Human,Waxing Moon,467.0,4105.0,False,Riker,173,2026-03-15 11:16:45,https://raider.io/characters/eu/terokkar/riker,https://worldofwarcraft.blizzard.com/en-gb/character/eu/terokkar/riker,https://www.warcraftlogs.com/character/eu/terokkar/riker
Ranith,saurfang,80,Rogue,Human,Half Moon,1440.0,11935.0,True,Illawrath,136,2026-02-28 13:16:03,https://raider.io/characters/eu/saurfang/ranith,https://worldofwarcraft.blizzard.com/en-gb/character/eu/saurfang/ranith,https://www.warcraftlogs.com/character/eu/saurfang/ranith
Tarwiis,terokkar,80,Druid,Night Elf,Full Moon,801.0,7325.0,True,Tarwis,548,2025-11-18 21:31:00,https://raider.io/characters/eu/terokkar/tarwiis,https://worldofwarcraft.blizzard.com/en-gb/character/eu/terokkar/tarwiis,https://www.warcraftlogs.com/character/eu/terokkar/tarwiis
Slyd,saurfang,80,Evoker,Dracthyr,Half Moon,1560.0,13380.0,True,Slyg,122,2026-03-02 19:33:53,https://raider.io/characters/eu/saurfang/slyd,https://worldofwarcraft.blizzard.com/en-gb/character/eu/saurfang/slyd,https://www.warcraftlogs.com/character/eu/saurfang/slyd
Onana,terokkar,80,Evoker,Dracthyr,Full Moon,1885.0,16435.0,True,Primtah,148,2026-02-18 17:40:11,https://raider.io/characters/eu/terokkar/onana,https://worldofwarcraft.blizzard.com/en-gb/character/eu/terokkar/onana,https://www.warcraftlogs.com/character/eu/terokkar/onana
Hqofficer,terokkar,90,Demon Hunter,Night Elf,Full Moon,1508.0,13485.0,False,Hqofficer,199,2026-03-08 23:13:36,https://raider.io/characters/eu/terokkar/hqofficer,https://worldofwarcraft.blizzard.com/en-gb/character/eu/terokkar/hqofficer,https://www.warcraftlogs.com/character/eu/terokkar/hqofficer
Kirkgon,terokkar,80,Evoker,Dracthyr,Full Moon,1281.0,11225.0,True,Kirkmeister,123,2026-03-03 07:45:30,https://raider.io/characters/eu/terokkar/kirkgon,https://worldofwarcraft.blizzard.com/en-gb/character/eu/terokkar/kirkgon,https://www.warcraftlogs.com/character/eu/terokkar/kirkgon
Donkraften,bloodfeather,90,Druid,Night Elf,Full Moon,1829.0,15970.0,False,Donkraften,204,2026-03-10 19:25:12,https://raider.io/characters/eu/bloodfeather/donkraften,https://worldofwarcraft.blizzard.com/en-gb/character/eu/bloodfeather/donkraften,https://www.warcraftlogs.com/character/eu/bloodfeather/donkraften
Diadora,terokkar,80,Warlock,Mechagnome,New Moon,2165.0,17400.0,True,Zandria,119,2026-02-25 13:16:22,https://raider.io/characters/eu/terokkar/diadora,https://worldofwarcraft.blizzard.com/en-gb/character/eu/terokkar/diadora,https://www.warcraftlogs.com/character/eu/terokkar/diadora
Everdeen,saurfang,80,Shaman,Dark Iron Dwarf,Waxing Moon,2750.0,23940.0,True,Lightstalker,113,2026-02-26 23:08:33,https://raider.io/characters/eu/saurfang/everdeen,https://worldofwarcraft.blizzard.com/en-gb/character/eu/saurfang/everdeen,https://www.warcraftlogs.com/character/eu/saurfang/everdeen
Tzien,saurfang,81,Monk,Human,Full Moon,1463.0,12125.0,True,Illawrath,149,2026-03-08 21:35:10,https://raider.io/characters/eu/saurfang/tzien,https://worldofwarcraft.blizzard.com/en-gb/character/eu/saurfang/tzien,https://www.warcraftlogs.com/character/eu/saurfang/tzien
Panthro,terokkar,80,Druid,Worgen,Full Moon,3495.0,28585.0,True,Doragon,102,2026-02-20 16:15:58,https://raider.io/characters/eu/terokkar/panthro,https://worldofwarcraft.blizzard.com/en-gb/character/eu/terokkar/panthro,https://www.warcraftlogs.com/character/eu/terokkar/panthro
Kiharne,terokkar,80,Druid,Worgen,Waxing Moon,1843.0,14505.0,False,Kiharne,121,2026-02-14 16:49:28,https://raider.io/characters/eu/terokkar/kiharne,https://worldofwarcraft.blizzard.com/en-gb/character/eu/terokkar/kiharne,https://www.warcraftlogs.com/character/eu/terokkar/kiharne
Salexe,shattered-hand,81,Demon Hunter,Night Elf,New Moon,1406.0,12055.0,False,Salexe,116,2026-03-12 20:47:41,https://raider.io/characters/eu/shattered-hand/salexe,https://worldofwarcraft.blizzard.com/en-gb/character/eu/shattered-hand/salexe,https://www.warcraftlogs.com/character/eu/shattered-hand/salexe
Bloodfist,terokkar,80,Death Knight,Kul Tiran,Half Moon,2225.0,17940.0,True,Zandria,111,2026-03-06 18:32:19,https://raider.io/characters/eu/terokkar/bloodfist,https://worldofwarcraft.blizzard.com/en-gb/character/eu/terokkar/bloodfist,https://www.warcraftlogs.com/character/eu/terokkar/bloodfist
Quinax,shattered-hand,80,Priest,Dwarf,Waxing Moon,1675.0,15215.0,False,Quinax,82,2026-03-15 08:37:44,https://raider.io/characters/eu/shattered-hand/quinax,https://worldofwarcraft.blizzard.com/en-gb/character/eu/shattered-hand/quinax,https://www.warcraftlogs.com/character/eu/shattered-hand/quinax
Olívíá,terokkar,83,Hunter,Worgen,Full Moon,632.0,5825.0,False,Olívíá,144,2026-03-15 14:39:39,https://raider.io/characters/eu/terokkar/olívíá,https://worldofwarcraft.blizzard.com/en-gb/character/eu/terokkar/olívíá,https://www.warcraftlogs.com/character/eu/terokkar/olívíá
Suffusion,saurfang,90,Monk,Void Elf,Full Moon,1784.0,15905.0,False,Suffusion,180,2026-03-15 20:31:45,https://raider.io/characters/eu/saurfang/suffusion,https://worldofwarcraft.blizzard.com/en-gb/character/eu/saurfang/suffusion,https://www.warcraftlogs.com/character/eu/saurfang/suffusion
Elspeth,terrordar,80,Hunter,Human,Half Moon,3273.0,27525.0,False,Elspeth,89,2026-02-08 17:13:13,https://raider.io/characters/eu/terrordar/elspeth,https://worldofwarcraft.blizzard.com/en-gb/character/eu/terrordar/elspeth,https://www.warcraftlogs.com/character/eu/terrordar/elspeth
Snowblue,terokkar,90,Mage,Gnome,Half Moon,3387.0,27745.0,False,Snowblue,206,2026-03-15 10:29:15,https://raider.io/characters/eu/terokkar/snowblue,https://worldofwarcraft.blizzard.com/en-gb/character/eu/terokkar/snowblue,https://www.warcraftlogs.com/character/eu/terokkar/snowblue
Eviblaze,argent-dawn,90,Evoker,Dracthyr,Waxing Moon,2462.0,20045.0,False,Eviblaze,226,2026-03-15 23:08:51,https://raider.io/characters/eu/argent-dawn/eviblaze,https://worldofwarcraft.blizzard.com/en-gb/character/eu/argent-dawn/eviblaze,https://www.warcraftlogs.com/character/eu/argent-dawn/eviblaze
Skorps,shattered-hand,77,Mage,Gnome,New Moon,1385.0,11670.0,False,Skorps,80,2026-02-27 22:28:43,https://raider.io/characters/eu/shattered-hand/skorps,https://worldofwarcraft.blizzard.com/en-gb/character/eu/shattered-hand/skorps,https://www.warcraftlogs.com/character/eu/shattered-hand/skorps
Legolàz,terokkar,80,Hunter,Void Elf,Active Moon,2165.0,17400.0,True,Zandria,118,2026-02-25 12:26:34,https://raider.io/characters/eu/terokkar/legolàz,https://worldofwarcraft.blizzard.com/en-gb/character/eu/terokkar/legolàz,https://www.warcraftlogs.com/character/eu/terokkar/legolàz
Varrocks,doomhammer,90,Rogue,Night Elf,Half Moon,588.0,5550.0,False,Varrocks,217,2026-03-16 13:29:21,https://raider.io/characters/eu/doomhammer/varrocks,https://worldofwarcraft.blizzard.com/en-gb/character/eu/doomhammer/varrocks,https://www.warcraftlogs.com/character/eu/doomhammer/varrocks
Awoogah,saurfang,80,Monk,Worgen,Full Moon,1951.0,16225.0,False,Awoogah,147,2026-03-06 23:08:52,https://raider.io/characters/eu/saurfang/awoogah,https://worldofwarcraft.blizzard.com/en-gb/character/eu/saurfang/awoogah,https://www.warcraftlogs.com/character/eu/saurfang/awoogah
Kenko,darkspear,80,Warrior,Orc,Full Moon,2676.0,21855.0,True,Guenevéré,112,2026-03-06 18:40:40,https://raider.io/characters/eu/darkspear/kenko,https://worldofwarcraft.blizzard.com/en-gb/character/eu/darkspear/kenko,https://www.warcraftlogs.com/character/eu/darkspear/kenko
Jericho,terokkar,80,Monk,Night Elf,Active Moon,2588.0,20155.0,True,Theblueguy,673,2025-12-19 22:23:57,https://raider.io/characters/eu/terokkar/jericho,https://worldofwarcraft.blizzard.com/en-gb/character/eu/terokkar/jericho,https://www.warcraftlogs.com/character/eu/terokkar/jericho
Whitejuvel,darkspear,80,Priest,Night Elf,Full Moon,3598.0,29800.0,False,Whitejuvel,122,2026-03-06 19:21:36,https://raider.io/characters/eu/darkspear/whitejuvel,https://worldofwarcraft.blizzard.com/en-gb/character/eu/darkspear/whitejuvel,https://www.warcraftlogs.com/character/eu/darkspear/whitejuvel
Mogui,bloodfeather,90,Demon Hunter,Night Elf,Full Moon,3622.0,29115.0,True,Hanana,228,2026-03-16 13:53:04,https://raider.io/characters/eu/bloodfeather/mogui,https://worldofwarcraft.blizzard.com/en-gb/character/eu/bloodfeather/mogui,https://www.warcraftlogs.com/character/eu/bloodfeather/mogui
Molnia,azjolnerub,80,Shaman,Draenei,Full Moon,2151.0,19210.0,False,Molnia,120,2026-01-29 01:28:59,https://raider.io/characters/eu/azjolnerub/molnia,https://worldofwarcraft.blizzard.com/en-gb/character/eu/azjolnerub/molnia,https://www.warcraftlogs.com/character/eu/azjolnerub/molnia
Avvit,terokkar,87,Paladin,Dark Iron Dwarf,Officer Alt,2861.0,24600.0,True,Shíftii,172,2026-03-16 01:49:38,https://raider.io/characters/eu/terokkar/avvit,https://worldofwarcraft.blizzard.com/en-gb/character/eu/terokkar/avvit,https://www.warcraftlogs.com/character/eu/terokkar/avvit
Scarlèt,azjolnerub,80,Rogue,Night Elf,Full Moon,2151.0,19210.0,True,Molnia,119,2026-01-27 15:58:13,https://raider.io/characters/eu/azjolnerub/scarlèt,https://worldofwarcraft.blizzard.com/en-gb/character/eu/azjolnerub/scarlèt,https://www.warcraftlogs.com/character/eu/azjolnerub/scarlèt
Tinytracker,saurfang,80,Hunter,Gnome,Active Moon,3563.0,28480.0,True,Tinystab,132,2026-02-24 06:31:44,https://raider.io/characters/eu/saurfang/tinytracker,https://worldofwarcraft.blizzard.com/en-gb/character/eu/saurfang/tinytracker,https://www.warcraftlogs.com/character/eu/saurfang/tinytracker
Buladin,darkspear,80,Paladin,Lightforged Draenei,Half Moon,1211.0,9415.0,False,Buladin,680,2026-01-10 16:16:55,https://raider.io/characters/eu/darkspear/buladin,https://worldofwarcraft.blizzard.com/en-gb/character/eu/darkspear/buladin,https://www.warcraftlogs.com/character/eu/darkspear/buladin
Nest,terokkar,80,Death Knight,Human,Half Moon,1145.0,9805.0,False,Nest,127,2026-02-23 17:32:52,https://raider.io/characters/eu/terokkar/nest,https://worldofwarcraft.blizzard.com/en-gb/character/eu/terokkar/nest,https://www.warcraftlogs.com/character/eu/terokkar/nest
Lumpolard,terokkar,80,Druid,Night Elf,Officer Alt,2740.0,23655.0,True,Shíftii,145,2026-02-11 00:15:09,https://raider.io/characters/eu/terokkar/lumpolard,https://worldofwarcraft.blizzard.com/en-gb/character/eu/terokkar/lumpolard,https://www.warcraftlogs.com/character/eu/terokkar/lumpolard
Tech,shattered-hand,70,Priest,Night Elf,New Moon,2018.0,15695.0,False,Tech,388,2025-12-17 16:07:58,https://raider.io/characters/eu/shattered-hand/tech,https://worldofwarcraft.blizzard.com/en-gb/character/eu/shattered-hand/tech,https://www.warcraftlogs.com/character/eu/shattered-hand/tech
Sisyphus,executus,90,Rogue,Human,Half Moon,458.0,4225.0,False,Sisyphus,217,2026-03-13 20:53:52,https://raider.io/characters/eu/executus/sisyphus,https://worldofwarcraft.blizzard.com/en-gb/character/eu/executus/sisyphus,https://www.warcraftlogs.com/character/eu/executus/sisyphus
Babymorph,bloodfeather,80,Druid,Worgen,Full Moon,3601.0,28960.0,True,Hanana,80,2026-03-09 07:41:23,https://raider.io/characters/eu/bloodfeather/babymorph,https://worldofwarcraft.blizzard.com/en-gb/character/eu/bloodfeather/babymorph,https://www.warcraftlogs.com/character/eu/bloodfeather/babymorph
Shifti,terokkar,90,Mage,Void Elf,Officer Alt,2861.0,24600.0,True,Shíftii,217,2026-03-16 01:50:37,https://raider.io/characters/eu/terokkar/shifti,https://worldofwarcraft.blizzard.com/en-gb/character/eu/terokkar/shifti,https://www.warcraftlogs.com/character/eu/terokkar/shifti
Nicho,executus,76,Priest,Lightforged Draenei,Half Moon,261.0,2370.0,False,Nicho,78,2026-03-11 11:17:09,https://raider.io/characters/eu/executus/nicho,https://worldofwarcraft.blizzard.com/en-gb/character/eu/executus/nicho,https://www.warcraftlogs.com/character/eu/executus/nicho
Sneezydk,tarren-mill,80,Death Knight,Mag'har Orc,Half Moon,1089.0,9895.0,False,Sneezydk,166,2026-02-26 19:22:18,https://raider.io/characters/eu/tarren-mill/sneezydk,https://worldofwarcraft.blizzard.com/en-gb/character/eu/tarren-mill/sneezydk,https://www.warcraftlogs.com/character/eu/tarren-mill/sneezydk
Dragodeath,saurfang,80,Evoker,Dracthyr,Officer Alt,3439.0,28880.0,True,Deathanddki,136,2026-02-04 18:41:46,https://raider.io/characters/eu/saurfang/dragodeath,https://worldofwarcraft.blizzard.com/en-gb/character/eu/saurfang/dragodeath,https://www.warcraftlogs.com/character/eu/saurfang/dragodeath
Tweara,moonglade,83,Shaman,Earthen,Active Moon,2502.0,21300.0,True,Caelenne,157,2026-03-15 19:57:41,https://raider.io/characters/eu/moonglade/tweara,https://worldofwarcraft.blizzard.com/en-gb/character/eu/moonglade/tweara,https://www.warcraftlogs.com/character/eu/moonglade/tweara
Monkswool,saurfang,80,Monk,Pandaren,Half Moon,2905.0,24390.0,False,Monkswool,127,2026-02-28 11:53:17,https://raider.io/characters/eu/saurfang/monkswool,https://worldofwarcraft.blizzard.com/en-gb/character/eu/saurfang/monkswool,https://www.warcraftlogs.com/character/eu/saurfang/monkswool
Cheinna,argent-dawn,85,Paladin,Blood Elf,Waxing Moon,3356.0,28120.0,True,Elspeth,148,2026-03-15 03:19:13,https://raider.io/characters/eu/argent-dawn/cheinna,https://worldofwarcraft.blizzard.com/en-gb/character/eu/argent-dawn/cheinna,https://www.warcraftlogs.com/character/eu/argent-dawn/cheinna
Cannabissaa,terokkar,80,Hunter,Dark Iron Dwarf,Officer Alt,2569.0,22840.0,True,Dutchmenn,92,2026-03-01 15:46:47,https://raider.io/characters/eu/terokkar/cannabissaa,https://worldofwarcraft.blizzard.com/en-gb/character/eu/terokkar/cannabissaa,https://www.warcraftlogs.com/character/eu/terokkar/cannabissaa
Sellania,moonglade,90,Monk,Night Elf,Waxing Moon,2491.0,21225.0,True,Caelenne,242,2026-03-12 18:56:02,https://raider.io/characters/eu/moonglade/sellania,https://worldofwarcraft.blizzard.com/en-gb/character/eu/moonglade/sellania,https://www.warcraftlogs.com/character/eu/moonglade/sellania
Summermoon,bloodfeather,80,Demon Hunter,Night Elf,Full Moon,669.0,5975.0,True,Aztella,113,2026-03-07 22:29:13,https://raider.io/characters/eu/bloodfeather/summermoon,https://worldofwarcraft.blizzard.com/en-gb/character/eu/bloodfeather/summermoon,https://www.warcraftlogs.com/character/eu/bloodfeather/summermoon
Högervänster,shattered-hand,55,Rogue,Dark Iron Dwarf,New Moon,1547.0,13925.0,False,Högervänster,39,2026-02-25 21:56:23,https://raider.io/characters/eu/shattered-hand/högervänster,https://worldofwarcraft.blizzard.com/en-gb/character/eu/shattered-hand/högervänster,https://www.warcraftlogs.com/character/eu/shattered-hand/högervänster
Kirkdog,terokkar,88,Priest,Void Elf,Full Moon,1308.0,11475.0,True,Kirkmeister,162,2026-03-16 08:46:03,https://raider.io/characters/eu/terokkar/kirkdog,https://worldofwarcraft.blizzard.com/en-gb/character/eu/terokkar/kirkdog,https://www.warcraftlogs.com/character/eu/terokkar/kirkdog
Jägerbomb,terokkar,83,Hunter,Dwarf,Vice Guild Master,2861.0,24600.0,True,Shíftii,169,2026-03-15 19:53:56,https://raider.io/characters/eu/terokkar/jägerbomb,https://worldofwarcraft.blizzard.com/en-gb/character/eu/terokkar/jägerbomb,https://www.warcraftlogs.com/character/eu/terokkar/jägerbomb
Fanatheil,saurfang,90,Paladin,Human,Full Moon,2872.0,24865.0,True,Lightstalker,232,2026-03-14 12:46:18,https://raider.io/characters/eu/saurfang/fanatheil,https://worldofwarcraft.blizzard.com/en-gb/character/eu/saurfang/fanatheil,https://www.warcraftlogs.com/character/eu/saurfang/fanatheil
Tharwar,saurfang,80,Warrior,Human,Full Moon,3563.0,28480.0,True,Tinystab,144,2026-02-22 13:07:46,https://raider.io/characters/eu/saurfang/tharwar,https://worldofwarcraft.blizzard.com/en-gb/character/eu/saurfang/tharwar,https://www.warcraftlogs.com/character/eu/saurfang/tharwar
Mw,darkspear,80,Monk,Night Elf,Officer Alt,2666.0,21285.0,False,Mw,112,2026-02-14 21:02:34,https://raider.io/characters/eu/darkspear/mw,https://worldofwarcraft.blizzard.com/en-gb/character/eu/darkspear/mw,https://www.warcraftlogs.com/character/eu/darkspear/mw
Arlyn,terokkar,80,Mage,Worgen,Guild Officer,2053.0,17795.0,True,Iddybiddy,95,2026-03-04 09:35:50,https://raider.io/characters/eu/terokkar/arlyn,https://worldofwarcraft.blizzard.com/en-gb/character/eu/terokkar/arlyn,https://www.warcraftlogs.com/character/eu/terokkar/arlyn
Doombar,terokkar,80,Warlock,Dwarf,Officer Alt,2758.0,23780.0,True,Shíftii,153,2026-02-25 11:07:19,https://raider.io/characters/eu/terokkar/doombar,https://worldofwarcraft.blizzard.com/en-gb/character/eu/terokkar/doombar,https://www.warcraftlogs.com/character/eu/terokkar/doombar
Shädo,darkspear,76,Hunter,Kul Tiran,Full Moon,1465.0,12565.0,False,Shädo,74,2026-03-07 15:58:40,https://raider.io/characters/eu/darkspear/shädo,https://worldofwarcraft.blizzard.com/en-gb/character/eu/darkspear/shädo,https://www.warcraftlogs.com/character/eu/darkspear/shädo
Wackle,moonglade,80,Warrior,Orc,Half Moon,1517.0,13050.0,True,Luckle,143,2026-02-22 16:13:16,https://raider.io/characters/eu/moonglade/wackle,https://worldofwarcraft.blizzard.com/en-gb/character/eu/moonglade/wackle,https://www.warcraftlogs.com/character/eu/moonglade/wackle
Zérolove,saurfang,90,Paladin,Lightforged Draenei,Full Moon,1385.0,12350.0,True,Talisa,217,2026-03-15 18:14:23,https://raider.io/characters/eu/saurfang/zérolove,https://worldofwarcraft.blizzard.com/en-gb/character/eu/saurfang/zérolove,https://www.warcraftlogs.com/character/eu/saurfang/zérolove
Danksvensson,executus,90,Shaman,Dwarf,Waxing Moon,2293.0,19705.0,False,Danksvensson,239,2026-03-15 18:45:25,https://raider.io/characters/eu/executus/danksvensson,https://worldofwarcraft.blizzard.com/en-gb/character/eu/executus/danksvensson,https://www.warcraftlogs.com/character/eu/executus/danksvensson
Apolo,korgall,80,Hunter,Night Elf,Full Moon,1504.0,12050.0,False,Apolo,606,2026-01-06 11:49:52,https://raider.io/characters/eu/korgall/apolo,https://worldofwarcraft.blizzard.com/en-gb/character/eu/korgall/apolo,https://www.warcraftlogs.com/character/eu/korgall/apolo
Myná,darkspear,80,Shaman,Draenei,Active Moon,1442.0,12475.0,True,Myna,609,2025-12-04 10:35:51,https://raider.io/characters/eu/darkspear/myná,https://worldofwarcraft.blizzard.com/en-gb/character/eu/darkspear/myná,https://www.warcraftlogs.com/character/eu/darkspear/myná
Otodlyadida,terokkar,80,Druid,Night Elf,Full Moon,810.0,6165.0,False,Otodlyadida,130,2026-01-22 13:33:34,https://raider.io/characters/eu/terokkar/otodlyadida,https://worldofwarcraft.blizzard.com/en-gb/character/eu/terokkar/otodlyadida,https://www.warcraftlogs.com/character/eu/terokkar/otodlyadida
Amhere,saurfang,80,Paladin,Lightforged Draenei,Half Moon,1652.0,13920.0,True,Magefist,130,2026-03-01 19:59:16,https://raider.io/characters/eu/saurfang/amhere,https://worldofwarcraft.blizzard.com/en-gb/character/eu/saurfang/amhere,https://www.warcraftlogs.com/character/eu/saurfang/amhere
Krenling,darkspear,80,Monk,Pandaren,Full Moon,3476.0,30265.0,True,Peetsj,75,2026-02-26 21:35:29,https://raider.io/characters/eu/darkspear/krenling,https://worldofwarcraft.blizzard.com/en-gb/character/eu/darkspear/krenling,https://www.warcraftlogs.com/character/eu/darkspear/krenling
Elysio,shattered-hand,71,Priest,Night Elf,New Moon,2747.0,22470.0,False,Elysio,424,2025-12-21 00:01:16,https://raider.io/characters/eu/shattered-hand/elysio,https://worldofwarcraft.blizzard.com/en-gb/character/eu/shattered-hand/elysio,https://www.warcraftlogs.com/character/eu/shattered-hand/elysio
Muschízerstö,darkspear,80,Warlock,Human,Half Moon,1218.0,9475.0,False,Muschízerstö,134,2026-03-13 23:08:46,https://raider.io/characters/eu/darkspear/muschízerstö,https://worldofwarcraft.blizzard.com/en-gb/character/eu/darkspear/muschízerstö,https://www.warcraftlogs.com/character/eu/darkspear/muschízerstö
Shadowfalen,doomhammer,81,Mage,Night Elf,Full Moon,217.0,2020.0,False,Shadowfalen,122,2026-03-15 19:18:21,https://raider.io/characters/eu/doomhammer/shadowfalen,https://worldofwarcraft.blizzard.com/en-gb/character/eu/doomhammer/shadowfalen,https://www.warcraftlogs.com/character/eu/doomhammer/shadowfalen
Truaim,shattered-hand,80,Hunter,Human,Full Moon,2871.0,24670.0,False,Truaim,673,2025-12-05 07:32:38,https://raider.io/characters/eu/shattered-hand/truaim,https://worldofwarcraft.blizzard.com/en-gb/character/eu/shattered-hand/truaim,https://www.warcraftlogs.com/character/eu/shattered-hand/truaim
Jordskred,shattered-hand,80,Shaman,Dark Iron Dwarf,Waxing Moon,1072.0,10210.0,False,Jordskred,684,2025-12-25 15:09:09,https://raider.io/characters/eu/shattered-hand/jordskred,https://worldofwarcraft.blizzard.com/en-gb/character/eu/shattered-hand/jordskred,https://www.warcraftlogs.com/character/eu/shattered-hand/jordskred
Janiebanwen,saurfang,70,Shaman,Dark Iron Dwarf,New Moon,1546.0,13660.0,False,Janiebanwen,474,2026-01-18 22:25:34,https://raider.io/characters/eu/saurfang/janiebanwen,https://worldofwarcraft.blizzard.com/en-gb/character/eu/saurfang/janiebanwen,https://www.warcraftlogs.com/character/eu/saurfang/janiebanwen
Grenadier,saurfang,80,Death Knight,Dark Iron Dwarf,Waxing Moon,1106.0,9345.0,False,Grenadier,87,2026-02-14 20:13:18,https://raider.io/characters/eu/saurfang/grenadier,https://worldofwarcraft.blizzard.com/en-gb/character/eu/saurfang/grenadier,https://www.warcraftlogs.com/character/eu/saurfang/grenadier
Eversor,terokkar,90,Demon Hunter,Night Elf,Full Moon,2853.0,24620.0,False,Eversor,205,2026-03-14 19:14:56,https://raider.io/characters/eu/terokkar/eversor,https://worldofwarcraft.blizzard.com/en-gb/character/eu/terokkar/eversor,https://www.warcraftlogs.com/character/eu/terokkar/eversor
Lotusblossom,darkspear,80,Monk,Void Elf,Officer Alt,2821.0,24560.0,True,Nytingale,109,2026-02-28 13:37:34,https://raider.io/characters/eu/darkspear/lotusblossom,https://worldofwarcraft.blizzard.com/en-gb/character/eu/darkspear/lotusblossom,https://www.warcraftlogs.com/character/eu/darkspear/lotusblossom
Thelamon,burning-steppes,71,Evoker,Dracthyr,New Moon,1064.0,9365.0,False,Thelamon,381,2026-01-07 22:01:23,https://raider.io/characters/eu/burning-steppes/thelamon,https://worldofwarcraft.blizzard.com/en-gb/character/eu/burning-steppes/thelamon,https://www.warcraftlogs.com/character/eu/burning-steppes/thelamon
Loftykonuk,turalyon,80,Hunter,Dwarf,Full Moon,,,False,Loftykonuk,757,2025-12-18 11:07:13,https://raider.io/characters/eu/turalyon/loftykonuk,https://worldofwarcraft.blizzard.com/en-gb/character/eu/turalyon/loftykonuk,https://www.warcraftlogs.com/character/eu/turalyon/loftykonuk
Discoveries,terokkar,80,Priest,Night Elf,Full Moon,2451.0,22470.0,True,Jamie,88,2026-02-08 14:03:28,https://raider.io/characters/eu/terokkar/discoveries,https://worldofwarcraft.blizzard.com/en-gb/character/eu/terokkar/discoveries,https://www.warcraftlogs.com/character/eu/terokkar/discoveries
Zajmon,saurfang,80,Warlock,Void Elf,Waxing Moon,2064.0,16000.0,True,Zajmoon,108,2026-03-14 10:08:13,https://raider.io/characters/eu/saurfang/zajmon,https://worldofwarcraft.blizzard.com/en-gb/character/eu/saurfang/zajmon,https://www.warcraftlogs.com/character/eu/saurfang/zajmon
Vairozpr,shattered-hand,80,Priest,Night Elf,Half Moon,2036.0,16665.0,False,Vairozpr,128,2026-03-16 13:33:42,https://raider.io/characters/eu/shattered-hand/vairozpr,https://worldofwarcraft.blizzard.com/en-gb/character/eu/shattered-hand/vairozpr,https://www.warcraftlogs.com/character/eu/shattered-hand/vairozpr
Earthadin,haomarush,80,Paladin,Earthen,Half Moon,5143.0,41530.0,False,Earthadin,108,2026-02-01 17:54:08,https://raider.io/characters/eu/haomarush/earthadin,https://worldofwarcraft.blizzard.com/en-gb/character/eu/haomarush/earthadin,https://www.warcraftlogs.com/character/eu/haomarush/earthadin
Remara,darkspear,83,Druid,Kul Tiran,Full Moon,2571.0,22440.0,True,Kaidence,146,2026-03-15 18:52:06,https://raider.io/characters/eu/darkspear/remara,https://worldofwarcraft.blizzard.com/en-gb/character/eu/darkspear/remara,https://www.warcraftlogs.com/character/eu/darkspear/remara
Lighthoff,shattered-hand,80,Paladin,Tauren,Half Moon,2805.0,24540.0,True,Aradeni,140,2026-03-15 15:07:31,https://raider.io/characters/eu/shattered-hand/lighthoff,https://worldofwarcraft.blizzard.com/en-gb/character/eu/shattered-hand/lighthoff,https://www.warcraftlogs.com/character/eu/shattered-hand/lighthoff
Xinthya,burning-steppes,71,Priest,Void Elf,New Moon,3560.0,28630.0,True,Hanana,47,2026-02-25 20:47:09,https://raider.io/characters/eu/burning-steppes/xinthya,https://worldofwarcraft.blizzard.com/en-gb/character/eu/burning-steppes/xinthya,https://www.warcraftlogs.com/character/eu/burning-steppes/xinthya
Yueigami,bloodfeather,80,Druid,Night Elf,Waxing Moon,2398.0,18905.0,False,Yueigami,118,2026-03-10 19:40:18,https://raider.io/characters/eu/bloodfeather/yueigami,https://worldofwarcraft.blizzard.com/en-gb/character/eu/bloodfeather/yueigami,https://www.warcraftlogs.com/character/eu/bloodfeather/yueigami
Arthaniss,darkspear,80,Warrior,Night Elf,Full Moon,1110.0,7780.0,False,Arthaniss,89,2026-03-10 09:25:15,https://raider.io/characters/eu/darkspear/arthaniss,https://worldofwarcraft.blizzard.com/en-gb/character/eu/darkspear/arthaniss,https://www.warcraftlogs.com/character/eu/darkspear/arthaniss
Avan,darkspear,80,Paladin,Human,Full Moon,1758.0,15420.0,True,Tremac,601,2025-11-29 20:09:33,https://raider.io/characters/eu/darkspear/avan,https://worldofwarcraft.blizzard.com/en-gb/character/eu/darkspear/avan,https://www.warcraftlogs.com/character/eu/darkspear/avan
Walterwhite,terokkar,80,Rogue,Night Elf,Full Moon,2977.0,25555.0,False,Walterwhite,116,2026-03-15 15:56:42,https://raider.io/characters/eu/terokkar/walterwhite,https://worldofwarcraft.blizzard.com/en-gb/character/eu/terokkar/walterwhite,https://www.warcraftlogs.com/character/eu/terokkar/walterwhite
Chieara,darkspear,70,Druid,Worgen,New Moon,996.0,9210.0,False,Chieara,84,2026-03-03 00:18:23,https://raider.io/characters/eu/darkspear/chieara,https://worldofwarcraft.blizzard.com/en-gb/character/eu/darkspear/chieara,https://www.warcraftlogs.com/character/eu/darkspear/chieara
Durinar,darkspear,80,Warrior,Dwarf,Full Moon,1757.0,15410.0,True,Tremac,622,2025-11-16 11:07:08,https://raider.io/characters/eu/darkspear/durinar,https://worldofwarcraft.blizzard.com/en-gb/character/eu/darkspear/durinar,https://www.warcraftlogs.com/character/eu/darkspear/durinar
Précilla,shattered-hand,80,Warlock,Void Elf,New Moon,2776.0,23415.0,False,Précilla,657,2025-12-06 15:02:11,https://raider.io/characters/eu/shattered-hand/précilla,https://worldofwarcraft.blizzard.com/en-gb/character/eu/shattered-hand/précilla,https://www.warcraftlogs.com/character/eu/shattered-hand/précilla
Callahan,saurfang,80,Paladin,Human,Full Moon,1617.0,13600.0,False,Callahan,112,2026-03-07 00:20:19,https://raider.io/characters/eu/saurfang/callahan,https://worldofwarcraft.blizzard.com/en-gb/character/eu/saurfang/callahan,https://www.warcraftlogs.com/character/eu/saurfang/callahan
Moonkeeper,saurfang,70,Demon Hunter,Blood Elf,New Moon,545.0,4900.0,False,Moonkeeper,425,2026-01-20 01:21:25,https://raider.io/characters/eu/saurfang/moonkeeper,https://worldofwarcraft.blizzard.com/en-gb/character/eu/saurfang/moonkeeper,https://www.warcraftlogs.com/character/eu/saurfang/moonkeeper
Alise,saurfang,90,Priest,Blood Elf,Full Moon,3347.0,28060.0,True,Elspeth,193,2026-03-13 02:08:23,https://raider.io/characters/eu/saurfang/alise,https://worldofwarcraft.blizzard.com/en-gb/character/eu/saurfang/alise,https://www.warcraftlogs.com/character/eu/saurfang/alise
Michael,terokkar,80,Mage,Human,Active Moon,2451.0,22450.0,True,Jamie,116,2026-02-14 16:03:50,https://raider.io/characters/eu/terokkar/michael,https://worldofwarcraft.blizzard.com/en-gb/character/eu/terokkar/michael,https://www.warcraftlogs.com/character/eu/terokkar/michael
Nessara,saurfang,90,Mage,Blood Elf,Full Moon,3356.0,28120.0,True,Elspeth,231,2026-03-14 21:42:55,https://raider.io/characters/eu/saurfang/nessara,https://worldofwarcraft.blizzard.com/en-gb/character/eu/saurfang/nessara,https://www.warcraftlogs.com/character/eu/saurfang/nessara
Tialli,terokkar,85,Hunter,Draenei,Full Moon,1353.0,11415.0,False,Tialli,151,2026-03-14 19:20:46,https://raider.io/characters/eu/terokkar/tialli,https://worldofwarcraft.blizzard.com/en-gb/character/eu/terokkar/tialli,https://www.warcraftlogs.com/character/eu/terokkar/tialli
Sarcophagus,terokkar,80,Death Knight,Worgen,Full Moon,2972.0,24425.0,False,Sarcophagus,154,2026-02-25 07:32:10,https://raider.io/characters/eu/terokkar/sarcophagus,https://worldofwarcraft.blizzard.com/en-gb/character/eu/terokkar/sarcophagus,https://www.warcraftlogs.com/character/eu/terokkar/sarcophagus
Thyma,saurfang,80,Warlock,Blood Elf,Half Moon,3356.0,28120.0,True,Elspeth,118,2026-03-15 06:10:53,https://raider.io/characters/eu/saurfang/thyma,https://worldofwarcraft.blizzard.com/en-gb/character/eu/saurfang/thyma,https://www.warcraftlogs.com/character/eu/saurfang/thyma
Dralon,terokkar,90,Death Knight,Lightforged Draenei,Full Moon,4566.0,39370.0,False,Dralon,209,2026-03-16 13:14:44,https://raider.io/characters/eu/terokkar/dralon,https://worldofwarcraft.blizzard.com/en-gb/character/eu/terokkar/dralon,https://www.warcraftlogs.com/character/eu/terokkar/dralon
Mezzino,saurfang,80,Hunter,Pandaren,Full Moon,4491.0,36960.0,False,Mezzino,91,2026-02-21 00:33:15,https://raider.io/characters/eu/saurfang/mezzino,https://worldofwarcraft.blizzard.com/en-gb/character/eu/saurfang/mezzino,https://www.warcraftlogs.com/character/eu/saurfang/mezzino
Mechafrodo,darkspear,80,Mage,Mechagnome,Active Moon,2346.0,18770.0,False,Mechafrodo,111,2026-02-12 21:03:58,https://raider.io/characters/eu/darkspear/mechafrodo,https://worldofwarcraft.blizzard.com/en-gb/character/eu/darkspear/mechafrodo,https://www.warcraftlogs.com/character/eu/darkspear/mechafrodo
Mini,darkspear,80,Monk,Gnome,Active Moon,2451.0,22470.0,True,Jamie,99,2026-02-08 14:18:08,https://raider.io/characters/eu/darkspear/mini,https://worldofwarcraft.blizzard.com/en-gb/character/eu/darkspear/mini,https://www.warcraftlogs.com/character/eu/darkspear/mini
Marianneje,shattered-hand,90,Mage,Human,Full Moon,3450.0,30850.0,False,Marianneje,222,2026-03-15 23:50:52,https://raider.io/characters/eu/shattered-hand/marianneje,https://worldofwarcraft.blizzard.com/en-gb/character/eu/shattered-hand/marianneje,https://www.warcraftlogs.com/character/eu/shattered-hand/marianneje
Esthar,terokkar,80,Hunter,Void Elf,Half Moon,2161.0,18500.0,True,Sofy,89,2026-02-21 23:38:45,https://raider.io/characters/eu/terokkar/esthar,https://worldofwarcraft.blizzard.com/en-gb/character/eu/terokkar/esthar,https://www.warcraftlogs.com/character/eu/terokkar/esthar
Zarise,darkspear,80,Monk,Lightforged Draenei,Full Moon,2815.0,22980.0,False,Zarise,672,2026-01-05 10:52:04,https://raider.io/characters/eu/darkspear/zarise,https://worldofwarcraft.blizzard.com/en-gb/character/eu/darkspear/zarise,https://www.warcraftlogs.com/character/eu/darkspear/zarise
Andromache,burning-steppes,80,Death Knight,Night Elf,Half Moon,3417.0,30435.0,False,Andromache,92,2026-02-17 19:10:28,https://raider.io/characters/eu/burning-steppes/andromache,https://worldofwarcraft.blizzard.com/en-gb/character/eu/burning-steppes/andromache,https://www.warcraftlogs.com/character/eu/burning-steppes/andromache
Fjutten,saurfang,83,Druid,Night Elf,Full Moon,1707.0,14330.0,True,Magefist,132,2026-03-15 14:17:40,https://raider.io/characters/eu/saurfang/fjutten,https://worldofwarcraft.blizzard.com/en-gb/character/eu/saurfang/fjutten,https://www.warcraftlogs.com/character/eu/saurfang/fjutten
Avgdmonnjoyr,saurfang,90,Warlock,Undead,Officer Alt,2400.0,19955.0,True,Twiztednipz,232,2026-03-15 01:43:06,https://raider.io/characters/eu/saurfang/avgdmonnjoyr,https://worldofwarcraft.blizzard.com/en-gb/character/eu/saurfang/avgdmonnjoyr,https://www.warcraftlogs.com/character/eu/saurfang/avgdmonnjoyr
Adjudicator,terokkar,80,Priest,Nightborne,Active Moon,2615.0,20320.0,True,Theblueguy,164,2026-02-27 01:06:32,https://raider.io/characters/eu/terokkar/adjudicator,https://worldofwarcraft.blizzard.com/en-gb/character/eu/terokkar/adjudicator,https://www.warcraftlogs.com/character/eu/terokkar/adjudicator
Zenah,darkspear,87,Priest,Void Elf,Waxing Moon,1982.0,16180.0,True,Daealla,166,2026-03-15 11:43:13,https://raider.io/characters/eu/darkspear/zenah,https://worldofwarcraft.blizzard.com/en-gb/character/eu/darkspear/zenah,https://www.warcraftlogs.com/character/eu/darkspear/zenah
Mikane,burning-legion,80,Priest,Human,New Moon,2382.0,19200.0,True,Kremonn,121,2026-02-13 00:06:22,https://raider.io/characters/eu/burning-legion/mikane,https://worldofwarcraft.blizzard.com/en-gb/character/eu/burning-legion/mikane,https://www.warcraftlogs.com/character/eu/burning-legion/mikane
Thebeastess,darkspear,80,Rogue,Dwarf,Waxing Moon,2000.0,17460.0,True,Zarramon,116,2026-03-12 20:01:20,https://raider.io/characters/eu/darkspear/thebeastess,https://worldofwarcraft.blizzard.com/en-gb/character/eu/darkspear/thebeastess,https://www.warcraftlogs.com/character/eu/darkspear/thebeastess
Dio,saurfang,71,Death Knight,Kul Tiran,New Moon,3039.0,24060.0,False,Dio,465,2025-12-19 01:55:58,https://raider.io/characters/eu/saurfang/dio,https://worldofwarcraft.blizzard.com/en-gb/character/eu/saurfang/dio,https://www.warcraftlogs.com/character/eu/saurfang/dio
Huntina,darkspear,80,Hunter,Human,Half Moon,4395.0,35690.0,True,Velthelda,89,2026-02-21 17:49:51,https://raider.io/characters/eu/darkspear/huntina,https://worldofwarcraft.blizzard.com/en-gb/character/eu/darkspear/huntina,https://www.warcraftlogs.com/character/eu/darkspear/huntina
Totemiina,darkspear,80,Shaman,Dwarf,Half Moon,4395.0,35690.0,True,Velthelda,93,2026-02-21 18:03:16,https://raider.io/characters/eu/darkspear/totemiina,https://worldofwarcraft.blizzard.com/en-gb/character/eu/darkspear/totemiina,https://www.warcraftlogs.com/character/eu/darkspear/totemiina
Tomchuk,korgall,80,Warlock,Human,New Moon,2480.0,20965.0,False,Tomchuk,100,2026-03-05 06:37:22,https://raider.io/characters/eu/korgall/tomchuk,https://worldofwarcraft.blizzard.com/en-gb/character/eu/korgall/tomchuk,https://www.warcraftlogs.com/character/eu/korgall/tomchuk
Loomkin,terokkar,80,Druid,Night Elf,Officer Alt,2516.0,21935.0,True,Darq,112,2026-03-10 11:12:36,https://raider.io/characters/eu/terokkar/loomkin,https://worldofwarcraft.blizzard.com/en-gb/character/eu/terokkar/loomkin,https://www.warcraftlogs.com/character/eu/terokkar/loomkin
Stryike,saurfang,80,Hunter,Human,Waxing Moon,1436.0,11940.0,True,Illawrath,145,2026-02-04 22:25:14,https://raider.io/characters/eu/saurfang/stryike,https://worldofwarcraft.blizzard.com/en-gb/character/eu/saurfang/stryike,https://www.warcraftlogs.com/character/eu/saurfang/stryike
Valkia,terokkar,80,Death Knight,Human,Waxing Moon,1108.0,8555.0,False,Valkia,140,2026-02-27 06:19:18,https://raider.io/characters/eu/terokkar/valkia,https://worldofwarcraft.blizzard.com/en-gb/character/eu/terokkar/valkia,https://www.warcraftlogs.com/character/eu/terokkar/valkia
Sleeptoken,saurfang,80,Death Knight,Lightforged Draenei,Waxing Moon,3710.0,29315.0,False,Sleeptoken,119,2026-02-24 19:07:37,https://raider.io/characters/eu/saurfang/sleeptoken,https://worldofwarcraft.blizzard.com/en-gb/character/eu/saurfang/sleeptoken,https://www.warcraftlogs.com/character/eu/saurfang/sleeptoken
Ståldk,shattered-hand,80,Death Knight,Human,Full Moon,2017.0,17410.0,False,Ståldk,124,2026-02-08 21:22:19,https://raider.io/characters/eu/shattered-hand/ståldk,https://worldofwarcraft.blizzard.com/en-gb/character/eu/shattered-hand/ståldk,https://www.warcraftlogs.com/character/eu/shattered-hand/ståldk
Halley,terokkar,55,Mage,Nightborne,New Moon,2349.0,20130.0,True,Wîcca,244,2026-01-17 13:19:54,https://raider.io/characters/eu/terokkar/halley,https://worldofwarcraft.blizzard.com/en-gb/character/eu/terokkar/halley,https://www.warcraftlogs.com/character/eu/terokkar/halley
Sophty,terokkar,80,Druid,Night Elf,Full Moon,2451.0,22470.0,True,Jamie,92,2026-02-08 14:06:34,https://raider.io/characters/eu/terokkar/sophty,https://worldofwarcraft.blizzard.com/en-gb/character/eu/terokkar/sophty,https://www.warcraftlogs.com/character/eu/terokkar/sophty
Vorai,terokkar,80,Priest,Void Elf,Full Moon,3057.0,24250.0,False,Vorai,140,2026-02-28 20:47:10,https://raider.io/characters/eu/terokkar/vorai,https://worldofwarcraft.blizzard.com/en-gb/character/eu/terokkar/vorai,https://www.warcraftlogs.com/character/eu/terokkar/vorai
Littleholy,skullcrusher,80,Paladin,Dwarf,New Moon,264.0,2325.0,False,Littleholy,76,2026-03-15 18:46:24,https://raider.io/characters/eu/skullcrusher/littleholy,https://worldofwarcraft.blizzard.com/en-gb/character/eu/skullcrusher/littleholy,https://www.warcraftlogs.com/character/eu/skullcrusher/littleholy
Evisham,argent-dawn,90,Shaman,Dwarf,Full Moon,2462.0,20045.0,True,Eviblaze,239,2026-03-15 16:08:23,https://raider.io/characters/eu/argent-dawn/evisham,https://worldofwarcraft.blizzard.com/en-gb/character/eu/argent-dawn/evisham,https://www.warcraftlogs.com/character/eu/argent-dawn/evisham
Tinkerbellz,saurfang,80,Mage,Gnome,Active Moon,3035.0,25420.0,True,Lorrax,135,2026-01-24 19:41:34,https://raider.io/characters/eu/saurfang/tinkerbellz,https://worldofwarcraft.blizzard.com/en-gb/character/eu/saurfang/tinkerbellz,https://www.warcraftlogs.com/character/eu/saurfang/tinkerbellz
Elderflower,terokkar,80,Paladin,Lightforged Draenei,Half Moon,2770.0,22350.0,False,Elderflower,126,2026-02-11 16:25:24,https://raider.io/characters/eu/terokkar/elderflower,https://worldofwarcraft.blizzard.com/en-gb/character/eu/terokkar/elderflower,https://www.warcraftlogs.com/character/eu/terokkar/elderflower
Arrax,terokkar,80,Death Knight,Dark Iron Dwarf,Half Moon,2611.0,20330.0,True,Theblueguy,79,2026-01-21 15:56:33,https://raider.io/characters/eu/terokkar/arrax,https://worldofwarcraft.blizzard.com/en-gb/character/eu/terokkar/arrax,https://www.warcraftlogs.com/character/eu/terokkar/arrax
Nimrod,terokkar,80,Hunter,Troll,New Moon,1998.0,17490.0,False,Nimrod,107,2026-02-25 09:23:01,https://raider.io/characters/eu/terokkar/nimrod,https://worldofwarcraft.blizzard.com/en-gb/character/eu/terokkar/nimrod,https://www.warcraftlogs.com/character/eu/terokkar/nimrod
Ameili,saurfang,80,Druid,Night Elf,Half Moon,3259.0,27395.0,True,Elspeth,117,2026-01-29 08:17:01,https://raider.io/characters/eu/saurfang/ameili,https://worldofwarcraft.blizzard.com/en-gb/character/eu/saurfang/ameili,https://www.warcraftlogs.com/character/eu/saurfang/ameili
Dracthilya,terokkar,71,Evoker,Dracthyr,New Moon,1775.0,15410.0,False,Dracthilya,467,2025-10-19 22:58:21,https://raider.io/characters/eu/terokkar/dracthilya,https://worldofwarcraft.blizzard.com/en-gb/character/eu/terokkar/dracthilya,https://www.warcraftlogs.com/character/eu/terokkar/dracthilya
Dismas,saurfang,85,Shaman,Draenei,Full Moon,1402.0,11475.0,False,Dismas,147,2026-03-14 13:03:22,https://raider.io/characters/eu/saurfang/dismas,https://worldofwarcraft.blizzard.com/en-gb/character/eu/saurfang/dismas,https://www.warcraftlogs.com/character/eu/saurfang/dismas
Gatoula,darkspear,80,Mage,Blood Elf,Waxing Moon,3918.0,32580.0,True,Olgítsa,594,2026-01-01 14:12:24,https://raider.io/characters/eu/darkspear/gatoula,https://worldofwarcraft.blizzard.com/en-gb/character/eu/darkspear/gatoula,https://www.warcraftlogs.com/character/eu/darkspear/gatoula
Woolferine,burning-steppes,80,Druid,Worgen,Full Moon,4302.0,35665.0,False,Woolferine,649,2025-12-27 21:57:49,https://raider.io/characters/eu/burning-steppes/woolferine,https://worldofwarcraft.blizzard.com/en-gb/character/eu/burning-steppes/woolferine,https://www.warcraftlogs.com/character/eu/burning-steppes/woolferine
Howitzer,darkspear,80,Hunter,Void Elf,Half Moon,1216.0,9450.0,True,Buladin,91,2026-02-21 18:09:56,https://raider.io/characters/eu/darkspear/howitzer,https://worldofwarcraft.blizzard.com/en-gb/character/eu/darkspear/howitzer,https://www.warcraftlogs.com/character/eu/darkspear/howitzer
Eltaco,terokkar,82,Death Knight,Mag'har Orc,Officer Alt,2848.0,24515.0,True,Shíftii,135,2026-03-16 01:57:07,https://raider.io/characters/eu/terokkar/eltaco,https://worldofwarcraft.blizzard.com/en-gb/character/eu/terokkar/eltaco,https://www.warcraftlogs.com/character/eu/terokkar/eltaco
Nothu,terokkar,80,Shaman,Draenei,Full Moon,1843.0,14505.0,True,Kiharne,156,2026-03-01 22:27:52,https://raider.io/characters/eu/terokkar/nothu,https://worldofwarcraft.blizzard.com/en-gb/character/eu/terokkar/nothu,https://www.warcraftlogs.com/character/eu/terokkar/nothu
Karistos,terokkar,80,Druid,Worgen,New Moon,2553.0,20885.0,False,Karistos,116,2026-03-13 16:16:28,https://raider.io/characters/eu/terokkar/karistos,https://worldofwarcraft.blizzard.com/en-gb/character/eu/terokkar/karistos,https://www.warcraftlogs.com/character/eu/terokkar/karistos
Mokkachino,terokkar,80,Paladin,Lightforged Draenei,Full Moon,1843.0,16845.0,False,Mokkachino,572,2025-12-21 19:38:50,https://raider.io/characters/eu/terokkar/mokkachino,https://worldofwarcraft.blizzard.com/en-gb/character/eu/terokkar/mokkachino,https://www.warcraftlogs.com/character/eu/terokkar/mokkachino
Vespin,saurfang,83,Death Knight,Human,Full Moon,1485.0,12295.0,True,Illawrath,144,2026-03-14 20:29:22,https://raider.io/characters/eu/saurfang/vespin,https://worldofwarcraft.blizzard.com/en-gb/character/eu/saurfang/vespin,https://www.warcraftlogs.com/character/eu/saurfang/vespin
Fistdance,tarren-mill,87,Monk,Night Elf,Half Moon,1796.0,15315.0,False,Fistdance,161,2026-03-05 21:00:59,https://raider.io/characters/eu/tarren-mill/fistdance,https://worldofwarcraft.blizzard.com/en-gb/character/eu/tarren-mill/fistdance,https://www.warcraftlogs.com/character/eu/tarren-mill/fistdance
Thump,burning-steppes,70,Paladin,Draenei,New Moon,1544.0,13570.0,False,Thump,480,2025-10-27 10:23:14,https://raider.io/characters/eu/burning-steppes/thump,https://worldofwarcraft.blizzard.com/en-gb/character/eu/burning-steppes/thump,https://www.warcraftlogs.com/character/eu/burning-steppes/thump
Ibragen,tarren-mill,80,Demon Hunter,Blood Elf,New Moon,1070.0,9740.0,True,Sneezydk,150,2026-02-13 00:37:49,https://raider.io/characters/eu/tarren-mill/ibragen,https://worldofwarcraft.blizzard.com/en-gb/character/eu/tarren-mill/ibragen,https://www.warcraftlogs.com/character/eu/tarren-mill/ibragen
Huntaar,darkspear,80,Hunter,Worgen,Waxing Moon,240.0,2050.0,False,Huntaar,671,2025-12-05 21:35:18,https://raider.io/characters/eu/darkspear/huntaar,https://worldofwarcraft.blizzard.com/en-gb/character/eu/darkspear/huntaar,https://www.warcraftlogs.com/character/eu/darkspear/huntaar
Shammyx,saurfang,46,Shaman,Earthen,New Moon,1819.0,16210.0,False,Shammyx,38,2026-03-12 20:38:39,https://raider.io/characters/eu/saurfang/shammyx,https://worldofwarcraft.blizzard.com/en-gb/character/eu/saurfang/shammyx,https://www.warcraftlogs.com/character/eu/saurfang/shammyx
Dirtbag,terokkar,90,Warrior,Void Elf,Officer Alt,2861.0,24600.0,True,Shíftii,242,2026-03-16 01:51:29,https://raider.io/characters/eu/terokkar/dirtbag,https://worldofwarcraft.blizzard.com/en-gb/character/eu/terokkar/dirtbag,https://www.warcraftlogs.com/character/eu/terokkar/dirtbag
Lene,terokkar,83,Warlock,Mechagnome,Officer Alt,2065.0,17900.0,True,Iddybiddy,133,2026-03-09 17:42:40,https://raider.io/characters/eu/terokkar/lene,https://worldofwarcraft.blizzard.com/en-gb/character/eu/terokkar/lene,https://www.warcraftlogs.com/character/eu/terokkar/lene
Meryn,saurfang,82,Priest,Night Elf,Full Moon,3379.0,28290.0,True,Elspeth,164,2026-03-15 10:50:20,https://raider.io/characters/eu/saurfang/meryn,https://worldofwarcraft.blizzard.com/en-gb/character/eu/saurfang/meryn,https://www.warcraftlogs.com/character/eu/saurfang/meryn
Kinshara,terokkar,80,Evoker,Dracthyr,New Moon,1724.0,13495.0,False,Kinshara,567,2025-11-03 23:59:29,https://raider.io/characters/eu/terokkar/kinshara,https://worldofwarcraft.blizzard.com/en-gb/character/eu/terokkar/kinshara,https://www.warcraftlogs.com/character/eu/terokkar/kinshara
Bod,darkspear,81,Paladin,Earthen,Waxing Moon,2568.0,22415.0,True,Kaidence,137,2026-03-14 18:11:13,https://raider.io/characters/eu/darkspear/bod,https://worldofwarcraft.blizzard.com/en-gb/character/eu/darkspear/bod,https://www.warcraftlogs.com/character/eu/darkspear/bod
Ramppo,burning-steppes,90,Mage,Gnome,Full Moon,1035.0,9800.0,False,Ramppo,227,2026-03-04 21:46:02,https://raider.io/characters/eu/burning-steppes/ramppo,https://worldofwarcraft.blizzard.com/en-gb/character/eu/burning-steppes/ramppo,https://www.warcraftlogs.com/character/eu/burning-steppes/ramppo
Lightsworn,terokkar,80,Paladin,Human,Half Moon,1075.0,10035.0,False,Lightsworn,696,2025-12-28 23:03:29,https://raider.io/characters/eu/terokkar/lightsworn,https://worldofwarcraft.blizzard.com/en-gb/character/eu/terokkar/lightsworn,https://www.warcraftlogs.com/character/eu/terokkar/lightsworn
Evocus,terokkar,81,Warlock,Human,Full Moon,1294.0,11535.0,False,Evocus,123,2026-03-15 21:16:19,https://raider.io/characters/eu/terokkar/evocus,https://worldofwarcraft.blizzard.com/en-gb/character/eu/terokkar/evocus,https://www.warcraftlogs.com/character/eu/terokkar/evocus
Sneezret,tarren-mill,80,Paladin,Dwarf,New Moon,1068.0,9740.0,True,Sneezydk,155,2026-02-09 22:37:23,https://raider.io/characters/eu/tarren-mill/sneezret,https://worldofwarcraft.blizzard.com/en-gb/character/eu/tarren-mill/sneezret,https://www.warcraftlogs.com/character/eu/tarren-mill/sneezret
Tootz,terokkar,90,Shaman,Earthen,Officer Alt,2089.0,18105.0,True,Iddybiddy,183,2026-03-14 08:33:50,https://raider.io/characters/eu/terokkar/tootz,https://worldofwarcraft.blizzard.com/en-gb/character/eu/terokkar/tootz,https://www.warcraftlogs.com/character/eu/terokkar/tootz
Nadja,saurfang,80,Demon Hunter,Night Elf,New Moon,3370.0,28215.0,True,Elspeth,138,2026-03-13 14:09:40,https://raider.io/characters/eu/saurfang/nadja,https://worldofwarcraft.blizzard.com/en-gb/character/eu/saurfang/nadja,https://www.warcraftlogs.com/character/eu/saurfang/nadja
Trefoil,terokkar,90,Mage,Gnome,Super Moon,3377.0,28270.0,True,Elspeth,230,2026-03-14 21:29:04,https://raider.io/characters/eu/terokkar/trefoil,https://worldofwarcraft.blizzard.com/en-gb/character/eu/terokkar/trefoil,https://www.warcraftlogs.com/character/eu/terokkar/trefoil
Elissana,terokkar,80,Druid,Night Elf,Waxing Moon,3273.0,27525.0,True,Elspeth,108,2026-02-08 17:13:49,https://raider.io/characters/eu/terokkar/elissana,https://worldofwarcraft.blizzard.com/en-gb/character/eu/terokkar/elissana,https://www.warcraftlogs.com/character/eu/terokkar/elissana
Ilok,saurfang,80,Shaman,Zandalari Troll,Waxing Moon,1440.0,11940.0,True,Illawrath,98,2026-03-01 14:17:54,https://raider.io/characters/eu/saurfang/ilok,https://worldofwarcraft.blizzard.com/en-gb/character/eu/saurfang/ilok,https://www.warcraftlogs.com/character/eu/saurfang/ilok
Galgatur,bloodfeather,90,Demon Hunter,Night Elf,Waxing Moon,517.0,4580.0,False,Galgatur,233,2026-03-16 13:15:48,https://raider.io/characters/eu/bloodfeather/galgatur,https://worldofwarcraft.blizzard.com/en-gb/character/eu/bloodfeather/galgatur,https://www.warcraftlogs.com/character/eu/bloodfeather/galgatur
Bosch,terokkar,80,Shaman,Draenei,Half Moon,797.0,6125.0,True,Otodlyadida,706,2026-01-07 23:44:34,https://raider.io/characters/eu/terokkar/bosch,https://worldofwarcraft.blizzard.com/en-gb/character/eu/terokkar/bosch,https://www.warcraftlogs.com/character/eu/terokkar/bosch
Williams,saurfang,80,Death Knight,Human,Half Moon,1620.0,13630.0,True,Callahan,86,2026-03-13 00:20:21,https://raider.io/characters/eu/saurfang/williams,https://worldofwarcraft.blizzard.com/en-gb/character/eu/saurfang/williams,https://www.warcraftlogs.com/character/eu/saurfang/williams
Dripdrizzy,darkspear,80,Shaman,Dwarf,New Moon,504.0,4870.0,False,Dripdrizzy,75,2026-03-07 21:43:18,https://raider.io/characters/eu/darkspear/dripdrizzy,https://worldofwarcraft.blizzard.com/en-gb/character/eu/darkspear/dripdrizzy,https://www.warcraftlogs.com/character/eu/darkspear/dripdrizzy
Cippi,the-shatar,80,Priest,Void Elf,New Moon,1863.0,16295.0,True,Primtah,672,2025-12-14 13:26:31,https://raider.io/characters/eu/the-shatar/cippi,https://worldofwarcraft.blizzard.com/en-gb/character/eu/the-shatar/cippi,https://www.warcraftlogs.com/character/eu/the-shatar/cippi
Dannydan,darkspear,80,Druid,Night Elf,Full Moon,1842.0,15140.0,False,Dannydan,117,2026-02-21 20:44:28,https://raider.io/characters/eu/darkspear/dannydan,https://worldofwarcraft.blizzard.com/en-gb/character/eu/darkspear/dannydan,https://www.warcraftlogs.com/character/eu/darkspear/dannydan
Jayda,executus,80,Warrior,Draenei,Full Moon,580.0,5265.0,False,Jayda,553,2025-12-20 20:38:59,https://raider.io/characters/eu/executus/jayda,https://worldofwarcraft.blizzard.com/en-gb/character/eu/executus/jayda,https://www.warcraftlogs.com/character/eu/executus/jayda
Winifrida,terokkar,87,Paladin,Dwarf,Active Moon,3380.0,28295.0,True,Elspeth,172,2026-03-16 13:53:49,https://raider.io/characters/eu/terokkar/winifrida,https://worldofwarcraft.blizzard.com/en-gb/character/eu/terokkar/winifrida,https://www.warcraftlogs.com/character/eu/terokkar/winifrida
Scyntillia,terokkar,80,Evoker,Dracthyr,New Moon,3198.0,26950.0,True,Elspeth,596,2026-01-05 20:05:00,https://raider.io/characters/eu/terokkar/scyntillia,https://worldofwarcraft.blizzard.com/en-gb/character/eu/terokkar/scyntillia,https://www.warcraftlogs.com/character/eu/terokkar/scyntillia
Prefired,darkspear,80,Mage,Night Elf,Half Moon,1065.0,9145.0,True,Bryon,96,2026-02-18 00:23:14,https://raider.io/characters/eu/darkspear/prefired,https://worldofwarcraft.blizzard.com/en-gb/character/eu/darkspear/prefired,https://www.warcraftlogs.com/character/eu/darkspear/prefired
Arãchne,argent-dawn,80,Demon Hunter,Night Elf,Half Moon,1526.0,13395.0,False,Arãchne,105,2026-02-27 04:19:27,https://raider.io/characters/eu/argent-dawn/arãchne,https://worldofwarcraft.blizzard.com/en-gb/character/eu/argent-dawn/arãchne,https://www.warcraftlogs.com/character/eu/argent-dawn/arãchne
Tinkerboom,terokkar,90,Mage,Gnome,Officer Alt,2089.0,18105.0,True,Iddybiddy,202,2026-03-14 08:32:10,https://raider.io/characters/eu/terokkar/tinkerboom,https://worldofwarcraft.blizzard.com/en-gb/character/eu/terokkar/tinkerboom,https://www.warcraftlogs.com/character/eu/terokkar/tinkerboom
Chaoskungfu,darkspear,90,Monk,Night Elf,Full Moon,1912.0,16695.0,False,Chaoskungfu,187,2026-03-15 23:55:41,https://raider.io/characters/eu/darkspear/chaoskungfu,https://worldofwarcraft.blizzard.com/en-gb/character/eu/darkspear/chaoskungfu,https://www.warcraftlogs.com/character/eu/darkspear/chaoskungfu
Smuckle,terokkar,83,Death Knight,Troll,Active Moon,1590.0,13650.0,True,Luckle,157,2026-03-15 21:18:40,https://raider.io/characters/eu/terokkar/smuckle,https://worldofwarcraft.blizzard.com/en-gb/character/eu/terokkar/smuckle,https://www.warcraftlogs.com/character/eu/terokkar/smuckle
Sneakyfk,terokkar,80,Rogue,Gnome,New Moon,4995.0,41135.0,False,Sneakyfk,129,2026-03-01 00:20:02,https://raider.io/characters/eu/terokkar/sneakyfk,https://worldofwarcraft.blizzard.com/en-gb/character/eu/terokkar/sneakyfk,https://www.warcraftlogs.com/character/eu/terokkar/sneakyfk
Dizmagic,terokkar,80,Mage,Dracthyr,New Moon,2554.0,22475.0,True,Diztruction,78,2026-02-09 12:21:27,https://raider.io/characters/eu/terokkar/dizmagic,https://worldofwarcraft.blizzard.com/en-gb/character/eu/terokkar/dizmagic,https://www.warcraftlogs.com/character/eu/terokkar/dizmagic
Irnbrü,saurfang,80,Druid,Troll,Half Moon,2609.0,22870.0,True,Diztruction,142,2026-03-10 15:59:36,https://raider.io/characters/eu/saurfang/irnbrü,https://worldofwarcraft.blizzard.com/en-gb/character/eu/saurfang/irnbrü,https://www.warcraftlogs.com/character/eu/saurfang/irnbrü
Skyforge,terokkar,80,Monk,Dwarf,New Moon,1571.0,13485.0,False,Skyforge,607,2025-12-14 22:33:30,https://raider.io/characters/eu/terokkar/skyforge,https://worldofwarcraft.blizzard.com/en-gb/character/eu/terokkar/skyforge,https://www.warcraftlogs.com/character/eu/terokkar/skyforge
Lildiz,saurfang,90,Monk,Void Elf,Active Moon,2634.0,23055.0,True,Diztruction,235,2026-03-16 11:33:56,https://raider.io/characters/eu/saurfang/lildiz,https://worldofwarcraft.blizzard.com/en-gb/character/eu/saurfang/lildiz,https://www.warcraftlogs.com/character/eu/saurfang/lildiz
Roghach,steamwheedle-cartel,71,Druid,Night Elf,New Moon,2777.0,23045.0,False,Roghach,67,2026-01-27 18:05:52,https://raider.io/characters/eu/steamwheedle-cartel/roghach,https://worldofwarcraft.blizzard.com/en-gb/character/eu/steamwheedle-cartel/roghach,https://www.warcraftlogs.com/character/eu/steamwheedle-cartel/roghach
Darkfury,emeriss,80,Warrior,Blood Elf,New Moon,3386.0,25400.0,False,Darkfury,105,2026-02-27 10:54:07,https://raider.io/characters/eu/emeriss/darkfury,https://worldofwarcraft.blizzard.com/en-gb/character/eu/emeriss/darkfury,https://www.warcraftlogs.com/character/eu/emeriss/darkfury
Zemlebur,terokkar,80,Hunter,Human,New Moon,549.0,5305.0,False,Zemlebur,672,2025-10-31 09:25:52,https://raider.io/characters/eu/terokkar/zemlebur,https://worldofwarcraft.blizzard.com/en-gb/character/eu/terokkar/zemlebur,https://www.warcraftlogs.com/character/eu/terokkar/zemlebur
Manicfluffy,saurfang,90,Monk,Human,Half Moon,2733.0,21760.0,True,Brámble,230,2026-03-15 18:46:25,https://raider.io/characters/eu/saurfang/manicfluffy,https://worldofwarcraft.blizzard.com/en-gb/character/eu/saurfang/manicfluffy,https://www.warcraftlogs.com/character/eu/saurfang/manicfluffy
Monikamonk,darkspear,80,Hunter,Pandaren,Full Moon,392.0,3540.0,False,Monikamonk,637,2026-01-05 19:23:23,https://raider.io/characters/eu/darkspear/monikamonk,https://worldofwarcraft.blizzard.com/en-gb/character/eu/darkspear/monikamonk,https://www.warcraftlogs.com/character/eu/darkspear/monikamonk
Catharsis,burning-steppes,90,Demon Hunter,Void Elf,Full Moon,3496.0,31050.0,True,Andromache,235,2026-03-16 05:59:08,https://raider.io/characters/eu/burning-steppes/catharsis,https://worldofwarcraft.blizzard.com/en-gb/character/eu/burning-steppes/catharsis,https://www.warcraftlogs.com/character/eu/burning-steppes/catharsis
Nalaea,terokkar,90,Druid,Night Elf,Super Moon,2392.0,20445.0,True,Aras,239,2026-03-15 13:10:20,https://raider.io/characters/eu/terokkar/nalaea,https://worldofwarcraft.blizzard.com/en-gb/character/eu/terokkar/nalaea,https://www.warcraftlogs.com/character/eu/terokkar/nalaea
Dawnsky,saurfang,90,Hunter,Void Elf,Full Moon,2872.0,24865.0,True,Lightstalker,233,2026-03-16 13:27:43,https://raider.io/characters/eu/saurfang/dawnsky,https://worldofwarcraft.blizzard.com/en-gb/character/eu/saurfang/dawnsky,https://www.warcraftlogs.com/character/eu/saurfang/dawnsky
Dïz,saurfang,80,Druid,Night Elf,New Moon,2631.0,23035.0,True,Diztruction,86,2026-03-14 23:01:12,https://raider.io/characters/eu/saurfang/dïz,https://worldofwarcraft.blizzard.com/en-gb/character/eu/saurfang/dïz,https://www.warcraftlogs.com/character/eu/saurfang/dïz
Amos,shattered-hand,80,Paladin,Human,Full Moon,1393.0,11535.0,True,Draenerys,122,2026-03-08 20:09:51,https://raider.io/characters/eu/shattered-hand/amos,https://worldofwarcraft.blizzard.com/en-gb/character/eu/shattered-hand/amos,https://www.warcraftlogs.com/character/eu/shattered-hand/amos
Jayla,terokkar,80,Mage,Human,Waxing Moon,2322.0,19815.0,True,Aras,153,2026-02-20 00:01:51,https://raider.io/characters/eu/terokkar/jayla,https://worldofwarcraft.blizzard.com/en-gb/character/eu/terokkar/jayla,https://www.warcraftlogs.com/character/eu/terokkar/jayla
Lupobianco,bloodfeather,67,Rogue,Worgen,New Moon,467.0,3715.0,False,Lupobianco,64,2026-02-21 20:13:49,https://raider.io/characters/eu/bloodfeather/lupobianco,https://worldofwarcraft.blizzard.com/en-gb/character/eu/bloodfeather/lupobianco,https://www.warcraftlogs.com/character/eu/bloodfeather/lupobianco
Sharzam,saurfang,80,Druid,Night Elf,Full Moon,1697.0,13815.0,False,Sharzam,713,2025-12-17 16:33:51,https://raider.io/characters/eu/saurfang/sharzam,https://worldofwarcraft.blizzard.com/en-gb/character/eu/saurfang/sharzam,https://www.warcraftlogs.com/character/eu/saurfang/sharzam
Dizturbed,saurfang,80,Demon Hunter,Night Elf,Waxing Moon,2631.0,23035.0,True,Diztruction,134,2026-03-14 21:48:18,https://raider.io/characters/eu/saurfang/dizturbed,https://worldofwarcraft.blizzard.com/en-gb/character/eu/saurfang/dizturbed,https://www.warcraftlogs.com/character/eu/saurfang/dizturbed
Eriwi,moonglade,80,Warlock,Troll,Half Moon,2379.0,20350.0,True,Caelenne,143,2026-01-30 20:37:54,https://raider.io/characters/eu/moonglade/eriwi,https://worldofwarcraft.blizzard.com/en-gb/character/eu/moonglade/eriwi,https://www.warcraftlogs.com/character/eu/moonglade/eriwi
Diz,saurfang,67,Hunter,Void Elf,New Moon,2554.0,22475.0,True,Diztruction,55,2026-02-09 12:22:39,https://raider.io/characters/eu/saurfang/diz,https://worldofwarcraft.blizzard.com/en-gb/character/eu/saurfang/diz,https://www.warcraftlogs.com/character/eu/saurfang/diz
Wtdouservher,bloodfeather,80,Mage,Draenei,Full Moon,491.0,3250.0,False,Wtdouservher,706,2026-01-05 22:12:19,https://raider.io/characters/eu/bloodfeather/wtdouservher,https://worldofwarcraft.blizzard.com/en-gb/character/eu/bloodfeather/wtdouservher,https://www.warcraftlogs.com/character/eu/bloodfeather/wtdouservher
Uisce,bloodfeather,90,Shaman,Draenei,Active Moon,2059.0,16335.0,True,Talasha,242,2026-03-16 01:03:57,https://raider.io/characters/eu/bloodfeather/uisce,https://worldofwarcraft.blizzard.com/en-gb/character/eu/bloodfeather/uisce,https://www.warcraftlogs.com/character/eu/bloodfeather/uisce
Buq,bloodfeather,90,Druid,Night Elf,Full Moon,2212.0,16770.0,False,Buq,234,2026-03-16 13:23:26,https://raider.io/characters/eu/bloodfeather/buq,https://worldofwarcraft.blizzard.com/en-gb/character/eu/bloodfeather/buq,https://www.warcraftlogs.com/character/eu/bloodfeather/buq
Illarith,saurfang,90,Warlock,Human,Full Moon,1487.0,12310.0,True,Illawrath,226,2026-03-14 21:25:33,https://raider.io/characters/eu/saurfang/illarith,https://worldofwarcraft.blizzard.com/en-gb/character/eu/saurfang/illarith,https://www.warcraftlogs.com/character/eu/saurfang/illarith
Dianadruidka,azjolnerub,80,Druid,Night Elf,Waxing Moon,2151.0,19210.0,True,Molnia,124,2026-01-28 16:45:19,https://raider.io/characters/eu/azjolnerub/dianadruidka,https://worldofwarcraft.blizzard.com/en-gb/character/eu/azjolnerub/dianadruidka,https://www.warcraftlogs.com/character/eu/azjolnerub/dianadruidka
Paloma,shattered-hand,80,Shaman,Draenei,Half Moon,985.0,7625.0,False,Paloma,119,2026-01-26 19:25:44,https://raider.io/characters/eu/shattered-hand/paloma,https://worldofwarcraft.blizzard.com/en-gb/character/eu/shattered-hand/paloma,https://www.warcraftlogs.com/character/eu/shattered-hand/paloma
Fatfrodo,darkspear,80,Priest,Earthen,Active Moon,2346.0,18770.0,True,Mechafrodo,153,2026-02-12 21:02:26,https://raider.io/characters/eu/darkspear/fatfrodo,https://worldofwarcraft.blizzard.com/en-gb/character/eu/darkspear/fatfrodo,https://www.warcraftlogs.com/character/eu/darkspear/fatfrodo
Dìz,saurfang,80,Evoker,Dracthyr,Active Moon,2554.0,22475.0,True,Diztruction,104,2026-02-09 12:22:08,https://raider.io/characters/eu/saurfang/dìz,https://worldofwarcraft.blizzard.com/en-gb/character/eu/saurfang/dìz,https://www.warcraftlogs.com/character/eu/saurfang/dìz
Jest,saurfang,90,Warrior,Kul Tiran,Full Moon,1536.0,13745.0,False,Jest,217,2026-03-16 01:05:15,https://raider.io/characters/eu/saurfang/jest,https://worldofwarcraft.blizzard.com/en-gb/character/eu/saurfang/jest,https://www.warcraftlogs.com/character/eu/saurfang/jest
Shinai,bloodfeather,80,Druid,Kul Tiran,Full Moon,1487.0,11470.0,False,Shinai,680,2025-11-15 00:20:37,https://raider.io/characters/eu/bloodfeather/shinai,https://worldofwarcraft.blizzard.com/en-gb/character/eu/bloodfeather/shinai,https://www.warcraftlogs.com/character/eu/bloodfeather/shinai
Moonyy,xavius,69,Evoker,Dracthyr,Half Moon,192.0,1670.0,False,Moonyy,71,2026-01-31 16:27:37,https://raider.io/characters/eu/xavius/moonyy,https://worldofwarcraft.blizzard.com/en-gb/character/eu/xavius/moonyy,https://www.warcraftlogs.com/character/eu/xavius/moonyy
Umbrya,terokkar,23,Priest,Dracthyr,Half Moon,1122.0,9480.0,False,Umbrya,54,2025-12-01 18:28:09,https://raider.io/characters/eu/terokkar/umbrya,https://worldofwarcraft.blizzard.com/en-gb/character/eu/terokkar/umbrya,https://www.warcraftlogs.com/character/eu/terokkar/umbrya
Tix,terokkar,80,Evoker,Dracthyr,Half Moon,367.0,3380.0,False,Tix,706,2025-12-21 16:16:36,https://raider.io/characters/eu/terokkar/tix,https://worldofwarcraft.blizzard.com/en-gb/character/eu/terokkar/tix,https://www.warcraftlogs.com/character/eu/terokkar/tix
Tanzanite,bloodfeather,75,Hunter,Earthen,New Moon,1858.0,15475.0,False,Tanzanite,77,2026-02-28 22:16:58,https://raider.io/characters/eu/bloodfeather/tanzanite,https://worldofwarcraft.blizzard.com/en-gb/character/eu/bloodfeather/tanzanite,https://www.warcraftlogs.com/character/eu/bloodfeather/tanzanite
Ossian,darkspear,80,Druid,Night Elf,Waxing Moon,916.0,8065.0,False,Ossian,121,2026-03-05 18:22:26,https://raider.io/characters/eu/darkspear/ossian,https://worldofwarcraft.blizzard.com/en-gb/character/eu/darkspear/ossian,https://www.warcraftlogs.com/character/eu/darkspear/ossian
Azyrelle,terokkar,90,Demon Hunter,Night Elf,Waxing Moon,1061.0,9045.0,False,Azyrelle,193,2026-03-14 08:53:36,https://raider.io/characters/eu/terokkar/azyrelle,https://worldofwarcraft.blizzard.com/en-gb/character/eu/terokkar/azyrelle,https://www.warcraftlogs.com/character/eu/terokkar/azyrelle
Gumball,saurfang,84,Hunter,Worgen,Full Moon,1404.0,11495.0,True,Dismas,145,2026-03-16 09:28:31,https://raider.io/characters/eu/saurfang/gumball,https://worldofwarcraft.blizzard.com/en-gb/character/eu/saurfang/gumball,https://www.warcraftlogs.com/character/eu/saurfang/gumball
Kaei,saurfang,80,Mage,Void Elf,New Moon,1433.0,11920.0,True,Illawrath,136,2026-01-28 18:41:58,https://raider.io/characters/eu/saurfang/kaei,https://worldofwarcraft.blizzard.com/en-gb/character/eu/saurfang/kaei,https://www.warcraftlogs.com/character/eu/saurfang/kaei
Nyarlathotep,burning-steppes,80,Warlock,Draenei,Full Moon,1044.0,8040.0,False,Nyarlathotep,122,2026-02-26 21:17:03,https://raider.io/characters/eu/burning-steppes/nyarlathotep,https://worldofwarcraft.blizzard.com/en-gb/character/eu/burning-steppes/nyarlathotep,https://www.warcraftlogs.com/character/eu/burning-steppes/nyarlathotep
Churg,shattered-hand,80,Death Knight,Dark Iron Dwarf,Half Moon,911.0,7840.0,False,Churg,703,2025-12-04 20:08:22,https://raider.io/characters/eu/shattered-hand/churg,https://worldofwarcraft.blizzard.com/en-gb/character/eu/shattered-hand/churg,https://www.warcraftlogs.com/character/eu/shattered-hand/churg
Lucen,terokkar,80,Paladin,Human,Full Moon,645.0,5345.0,False,Lucen,150,2026-03-11 17:57:15,https://raider.io/characters/eu/terokkar/lucen,https://worldofwarcraft.blizzard.com/en-gb/character/eu/terokkar/lucen,https://www.warcraftlogs.com/character/eu/terokkar/lucen
Euphoric,saurfang,80,Shaman,Dark Iron Dwarf,New Moon,2547.0,21225.0,False,Euphoric,131,2026-02-27 23:37:08,https://raider.io/characters/eu/saurfang/euphoric,https://worldofwarcraft.blizzard.com/en-gb/character/eu/saurfang/euphoric,https://www.warcraftlogs.com/character/eu/saurfang/euphoric
Ghostpaw,saurfang,80,Monk,Pandaren,Half Moon,1337.0,10970.0,True,Lineerune,118,2026-02-24 17:18:47,https://raider.io/characters/eu/saurfang/ghostpaw,https://worldofwarcraft.blizzard.com/en-gb/character/eu/saurfang/ghostpaw,https://www.warcraftlogs.com/character/eu/saurfang/ghostpaw
Neltharen,bloodfeather,26,Evoker,Dracthyr,New Moon,3004.0,26280.0,False,Neltharen,61,2025-11-16 07:17:51,https://raider.io/characters/eu/bloodfeather/neltharen,https://worldofwarcraft.blizzard.com/en-gb/character/eu/bloodfeather/neltharen,https://www.warcraftlogs.com/character/eu/bloodfeather/neltharen
Elestra,steamwheedle-cartel,80,Paladin,Blood Elf,Full Moon,2821.0,22165.0,True,Aiyone,740,2025-12-06 19:37:34,https://raider.io/characters/eu/steamwheedle-cartel/elestra,https://worldofwarcraft.blizzard.com/en-gb/character/eu/steamwheedle-cartel/elestra,https://www.warcraftlogs.com/character/eu/steamwheedle-cartel/elestra
Alya,moonglade,80,Mage,Void Elf,Full Moon,3273.0,25660.0,True,Vados,90,2026-01-24 19:39:01,https://raider.io/characters/eu/moonglade/alya,https://worldofwarcraft.blizzard.com/en-gb/character/eu/moonglade/alya,https://www.warcraftlogs.com/character/eu/moonglade/alya
Socalbarbie,bloodfeather,80,Priest,Void Elf,Half Moon,540.0,3470.0,True,Wtdouservher,124,2026-02-05 22:23:21,https://raider.io/characters/eu/bloodfeather/socalbarbie,https://worldofwarcraft.blizzard.com/en-gb/character/eu/bloodfeather/socalbarbie,https://www.warcraftlogs.com/character/eu/bloodfeather/socalbarbie
Kettu,terokkar,80,Hunter,Worgen,New Moon,1122.0,9480.0,True,Umbrya,644,2025-12-01 18:32:38,https://raider.io/characters/eu/terokkar/kettu,https://worldofwarcraft.blizzard.com/en-gb/character/eu/terokkar/kettu,https://www.warcraftlogs.com/character/eu/terokkar/kettu
Daéndris,azjolnerub,80,Paladin,Draenei,Full Moon,2151.0,19210.0,True,Molnia,126,2026-01-27 15:30:16,https://raider.io/characters/eu/azjolnerub/daéndris,https://worldofwarcraft.blizzard.com/en-gb/character/eu/azjolnerub/daéndris,https://www.warcraftlogs.com/character/eu/azjolnerub/daéndris
Biigwolf,turalyon,80,Druid,Worgen,Waxing Moon,64.0,580.0,False,Biigwolf,75,2026-03-10 15:30:03,https://raider.io/characters/eu/turalyon/biigwolf,https://worldofwarcraft.blizzard.com/en-gb/character/eu/turalyon/biigwolf,https://www.warcraftlogs.com/character/eu/turalyon/biigwolf
Dumplin,terokkar,70,Priest,Mechagnome,New Moon,1071.0,9995.0,True,Lightsworn,317,2025-10-29 19:16:56,https://raider.io/characters/eu/terokkar/dumplin,https://worldofwarcraft.blizzard.com/en-gb/character/eu/terokkar/dumplin,https://www.warcraftlogs.com/character/eu/terokkar/dumplin
Himiko,bloodfeather,80,Hunter,Pandaren,Waxing Moon,1956.0,15530.0,True,Talasha,102,2026-02-22 21:36:08,https://raider.io/characters/eu/bloodfeather/himiko,https://worldofwarcraft.blizzard.com/en-gb/character/eu/bloodfeather/himiko,https://www.warcraftlogs.com/character/eu/bloodfeather/himiko
Asterinella,saurfang,84,Warlock,Night Elf,Full Moon,3820.0,31240.0,True,Bodhmall,137,2026-03-16 10:15:14,https://raider.io/characters/eu/saurfang/asterinella,https://worldofwarcraft.blizzard.com/en-gb/character/eu/saurfang/asterinella,https://www.warcraftlogs.com/character/eu/saurfang/asterinella
Lantash,bloodfeather,81,Hunter,Dracthyr,Waxing Moon,3271.0,26960.0,False,Lantash,123,2026-03-15 16:06:41,https://raider.io/characters/eu/bloodfeather/lantash,https://worldofwarcraft.blizzard.com/en-gb/character/eu/bloodfeather/lantash,https://www.warcraftlogs.com/character/eu/bloodfeather/lantash
Frodobeerbel,darkspear,80,Hunter,Earthen,Half Moon,2346.0,18830.0,True,Mechafrodo,102,2026-02-08 18:06:18,https://raider.io/characters/eu/darkspear/frodobeerbel,https://worldofwarcraft.blizzard.com/en-gb/character/eu/darkspear/frodobeerbel,https://www.warcraftlogs.com/character/eu/darkspear/frodobeerbel
Corra,terokkar,80,Warrior,Kul Tiran,Half Moon,3144.0,26580.0,True,Elspeth,551,2025-12-06 19:54:40,https://raider.io/characters/eu/terokkar/corra,https://worldofwarcraft.blizzard.com/en-gb/character/eu/terokkar/corra,https://www.warcraftlogs.com/character/eu/terokkar/corra
Inferii,darkspear,80,Death Knight,Void Elf,Full Moon,3247.0,28155.0,False,Inferii,143,2026-02-21 18:13:06,https://raider.io/characters/eu/darkspear/inferii,https://worldofwarcraft.blizzard.com/en-gb/character/eu/darkspear/inferii,https://www.warcraftlogs.com/character/eu/darkspear/inferii
Jiraei,darkspear,80,Druid,Night Elf,Full Moon,1933.0,15815.0,True,Daealla,655,2026-01-15 14:54:50,https://raider.io/characters/eu/darkspear/jiraei,https://worldofwarcraft.blizzard.com/en-gb/character/eu/darkspear/jiraei,https://www.warcraftlogs.com/character/eu/darkspear/jiraei
Fallflame,terokkar,80,Demon Hunter,Night Elf,Full Moon,1330.0,11290.0,True,Tialli,574,2026-01-20 19:21:16,https://raider.io/characters/eu/terokkar/fallflame,https://worldofwarcraft.blizzard.com/en-gb/character/eu/terokkar/fallflame,https://www.warcraftlogs.com/character/eu/terokkar/fallflame
Lighttroll,darkspear,80,Paladin,Zandalari Troll,Full Moon,3935.0,32700.0,True,Olgítsa,102,2026-01-31 13:49:17,https://raider.io/characters/eu/darkspear/lighttroll,https://worldofwarcraft.blizzard.com/en-gb/character/eu/darkspear/lighttroll,https://www.warcraftlogs.com/character/eu/darkspear/lighttroll
Talnaar,saurfang,80,Paladin,Draenei,Full Moon,2064.0,16000.0,True,Zajmoon,113,2026-03-14 10:10:40,https://raider.io/characters/eu/saurfang/talnaar,https://worldofwarcraft.blizzard.com/en-gb/character/eu/saurfang/talnaar,https://www.warcraftlogs.com/character/eu/saurfang/talnaar
Bodie,terokkar,80,Paladin,Blood Elf,Full Moon,4237.0,35215.0,True,Troyster,104,2026-03-06 19:00:39,https://raider.io/characters/eu/terokkar/bodie,https://worldofwarcraft.blizzard.com/en-gb/character/eu/terokkar/bodie,https://www.warcraftlogs.com/character/eu/terokkar/bodie
Yuelin,terokkar,90,Monk,Human,Full Moon,2316.0,18555.0,True,Melissant,229,2026-03-15 19:50:27,https://raider.io/characters/eu/terokkar/yuelin,https://worldofwarcraft.blizzard.com/en-gb/character/eu/terokkar/yuelin,https://www.warcraftlogs.com/character/eu/terokkar/yuelin
Lokkur,saurfang,90,Warlock,Void Elf,Waxing Moon,2980.0,23260.0,False,Lokkur,204,2026-03-16 01:03:51,https://raider.io/characters/eu/saurfang/lokkur,https://worldofwarcraft.blizzard.com/en-gb/character/eu/saurfang/lokkur,https://www.warcraftlogs.com/character/eu/saurfang/lokkur
Zelmer,terokkar,80,Druid,Worgen,Full Moon,809.0,6155.0,True,Otodlyadida,655,2026-01-20 16:15:52,https://raider.io/characters/eu/terokkar/zelmer,https://worldofwarcraft.blizzard.com/en-gb/character/eu/terokkar/zelmer,https://www.warcraftlogs.com/character/eu/terokkar/zelmer
Rippa,bloodfeather,80,Rogue,Mechagnome,New Moon,1829.0,14650.0,True,Talasha,591,2025-12-14 12:22:55,https://raider.io/characters/eu/bloodfeather/rippa,https://worldofwarcraft.blizzard.com/en-gb/character/eu/bloodfeather/rippa,https://www.warcraftlogs.com/character/eu/bloodfeather/rippa
Marvello,moonglade,80,Priest,Earthen,Full Moon,3710.0,30305.0,True,Troopp,655,2026-01-20 21:38:59,https://raider.io/characters/eu/moonglade/marvello,https://worldofwarcraft.blizzard.com/en-gb/character/eu/moonglade/marvello,https://www.warcraftlogs.com/character/eu/moonglade/marvello
Lyrra,terokkar,80,Druid,Worgen,Full Moon,1129.0,9525.0,True,Umbrya,90,2026-02-05 13:27:23,https://raider.io/characters/eu/terokkar/lyrra,https://worldofwarcraft.blizzard.com/en-gb/character/eu/terokkar/lyrra,https://www.warcraftlogs.com/character/eu/terokkar/lyrra
Spírals,argent-dawn,35,Paladin,Human,Waxing Moon,1852.0,16030.0,False,Spírals,32,2026-01-23 12:04:45,https://raider.io/characters/eu/argent-dawn/spírals,https://worldofwarcraft.blizzard.com/en-gb/character/eu/argent-dawn/spírals,https://www.warcraftlogs.com/character/eu/argent-dawn/spírals
Ragemuffin,terokkar,80,Warrior,Night Elf,Full Moon,1797.0,15470.0,True,Dracthilya,102,2026-02-27 01:55:22,https://raider.io/characters/eu/terokkar/ragemuffin,https://worldofwarcraft.blizzard.com/en-gb/character/eu/terokkar/ragemuffin,https://www.warcraftlogs.com/character/eu/terokkar/ragemuffin
Bigdaddycane,terokkar,80,Death Knight,Kul Tiran,Waxing Moon,1788.0,13720.0,False,Bigdaddycane,740,2025-12-04 21:50:27,https://raider.io/characters/eu/terokkar/bigdaddycane,https://worldofwarcraft.blizzard.com/en-gb/character/eu/terokkar/bigdaddycane,https://www.warcraftlogs.com/character/eu/terokkar/bigdaddycane
Amarda,saurfang,80,Rogue,Night Elf,New Moon,3228.0,27060.0,True,Elspeth,655,2026-01-20 23:22:32,https://raider.io/characters/eu/saurfang/amarda,https://worldofwarcraft.blizzard.com/en-gb/character/eu/saurfang/amarda,https://www.warcraftlogs.com/character/eu/saurfang/amarda
Mightypüss,turalyon,90,Priest,Night Elf,Half Moon,236.0,2125.0,False,Mightypüss,231,2026-03-16 12:03:08,https://raider.io/characters/eu/turalyon/mightypüss,https://worldofwarcraft.blizzard.com/en-gb/character/eu/turalyon/mightypüss,https://www.warcraftlogs.com/character/eu/turalyon/mightypüss
Leanansidhé,darkspear,80,Warlock,Void Elf,Full Moon,1482.0,11615.0,False,Leanansidhé,761,2025-12-29 22:33:21,https://raider.io/characters/eu/darkspear/leanansidhé,https://worldofwarcraft.blizzard.com/en-gb/character/eu/darkspear/leanansidhé,https://www.warcraftlogs.com/character/eu/darkspear/leanansidhé
Darqremix,terokkar,13,Monk,Human,New Moon,2439.0,21320.0,True,Darq,19,2025-12-08 12:35:21,https://raider.io/characters/eu/terokkar/darqremix,https://worldofwarcraft.blizzard.com/en-gb/character/eu/terokkar/darqremix,https://www.warcraftlogs.com/character/eu/terokkar/darqremix
Toghairm,bloodfeather,80,Warlock,Dark Iron Dwarf,Full Moon,1943.0,15445.0,True,Talasha,90,2026-02-02 21:21:27,https://raider.io/characters/eu/bloodfeather/toghairm,https://worldofwarcraft.blizzard.com/en-gb/character/eu/bloodfeather/toghairm,https://www.warcraftlogs.com/character/eu/bloodfeather/toghairm
Ecologicjer,draenor,84,Druid,,New Moon,1874.0,16870.0,False,Ecologicjer,150,2026-03-15 17:15:01,https://raider.io/characters/eu/draenor/ecologicjer,https://worldofwarcraft.blizzard.com/en-gb/character/eu/draenor/ecologicjer,https://www.warcraftlogs.com/character/eu/draenor/ecologicjer
Vibaldi,doomhammer,89,Warlock,Dwarf,Full Moon,76.0,715.0,False,Vibaldi,174,2026-03-14 23:23:02,https://raider.io/characters/eu/doomhammer/vibaldi,https://worldofwarcraft.blizzard.com/en-gb/character/eu/doomhammer/vibaldi,https://www.warcraftlogs.com/character/eu/doomhammer/vibaldi
Emberz,saurfang,81,Mage,Human,New Moon,2282.0,19105.0,False,Emberz,117,2026-03-04 21:58:31,https://raider.io/characters/eu/saurfang/emberz,https://worldofwarcraft.blizzard.com/en-gb/character/eu/saurfang/emberz,https://www.warcraftlogs.com/character/eu/saurfang/emberz
Lemontart,darkspear,80,Warlock,Blood Elf,Waxing Moon,3996.0,33285.0,True,Olgítsa,135,2026-02-24 15:29:01,https://raider.io/characters/eu/darkspear/lemontart,https://worldofwarcraft.blizzard.com/en-gb/character/eu/darkspear/lemontart,https://www.warcraftlogs.com/character/eu/darkspear/lemontart
Faron,terokkar,80,Death Knight,Highmountain Tauren,Half Moon,3123.0,26425.0,True,Elspeth,581,2025-12-06 19:45:56,https://raider.io/characters/eu/terokkar/faron,https://worldofwarcraft.blizzard.com/en-gb/character/eu/terokkar/faron,https://www.warcraftlogs.com/character/eu/terokkar/faron
Margoroth,terokkar,80,Demon Hunter,Night Elf,Half Moon,3143.0,26575.0,True,Elspeth,565,2025-12-06 19:44:27,https://raider.io/characters/eu/terokkar/margoroth,https://worldofwarcraft.blizzard.com/en-gb/character/eu/terokkar/margoroth,https://www.warcraftlogs.com/character/eu/terokkar/margoroth
Dïzturbéd,saurfang,51,Death Knight,Draenei,Half Moon,2551.0,22325.0,True,Diztruction,55,2026-02-09 12:06:35,https://raider.io/characters/eu/saurfang/dïzturbéd,https://worldofwarcraft.blizzard.com/en-gb/character/eu/saurfang/dïzturbéd,https://www.warcraftlogs.com/character/eu/saurfang/dïzturbéd
Aoras,terokkar,80,Paladin,Lightforged Draenei,Active Moon,2296.0,19620.0,True,Aras,151,2026-01-23 22:50:35,https://raider.io/characters/eu/terokkar/aoras,https://worldofwarcraft.blizzard.com/en-gb/character/eu/terokkar/aoras,https://www.warcraftlogs.com/character/eu/terokkar/aoras
Battosai,darkspear,80,Demon Hunter,Blood Elf,Waxing Moon,3996.0,33285.0,True,Olgítsa,142,2026-02-24 15:18:40,https://raider.io/characters/eu/darkspear/battosai,https://worldofwarcraft.blizzard.com/en-gb/character/eu/darkspear/battosai,https://www.warcraftlogs.com/character/eu/darkspear/battosai
Perenelle,terokkar,80,Warlock,Nightborne,Half Moon,3124.0,26430.0,True,Elspeth,585,2025-12-06 19:54:09,https://raider.io/characters/eu/terokkar/perenelle,https://worldofwarcraft.blizzard.com/en-gb/character/eu/terokkar/perenelle,https://www.warcraftlogs.com/character/eu/terokkar/perenelle
Shabbella,saurfang,80,Paladin,Human,Officer Alt,3161.0,26160.0,True,Shabba,740,2025-11-21 21:08:54,https://raider.io/characters/eu/saurfang/shabbella,https://worldofwarcraft.blizzard.com/en-gb/character/eu/saurfang/shabbella,https://www.warcraftlogs.com/character/eu/saurfang/shabbella
Gwendy,terokkar,80,Death Knight,Human,New Moon,2480.0,19575.0,False,Gwendy,102,2026-03-05 20:07:58,https://raider.io/characters/eu/terokkar/gwendy,https://worldofwarcraft.blizzard.com/en-gb/character/eu/terokkar/gwendy,https://www.warcraftlogs.com/character/eu/terokkar/gwendy
Notthatdeep,darkspear,90,Demon Hunter,Night Elf,New Moon,3591.0,29325.0,True,Doragon,223,2026-03-16 14:28:22,https://raider.io/characters/eu/darkspear/notthatdeep,https://worldofwarcraft.blizzard.com/en-gb/character/eu/darkspear/notthatdeep,https://www.warcraftlogs.com/character/eu/darkspear/notthatdeep
Plentymore,darkspear,80,Paladin,Blood Elf,New Moon,3846.0,31395.0,False,Plentymore,104,2026-01-29 16:13:13,https://raider.io/characters/eu/darkspear/plentymore,https://worldofwarcraft.blizzard.com/en-gb/character/eu/darkspear/plentymore,https://www.warcraftlogs.com/character/eu/darkspear/plentymore
Wintermoon,bloodfeather,80,Paladin,Human,Active Moon,661.0,5915.0,True,Aztella,481,2025-12-15 02:34:55,https://raider.io/characters/eu/bloodfeather/wintermoon,https://worldofwarcraft.blizzard.com/en-gb/character/eu/bloodfeather/wintermoon,https://www.warcraftlogs.com/character/eu/bloodfeather/wintermoon
Jayveeshka,terokkar,80,Warrior,Lightforged Draenei,New Moon,934.0,7190.0,False,Jayveeshka,102,2026-02-22 15:42:02,https://raider.io/characters/eu/terokkar/jayveeshka,https://worldofwarcraft.blizzard.com/en-gb/character/eu/terokkar/jayveeshka,https://www.warcraftlogs.com/character/eu/terokkar/jayveeshka
Ðemonicæ,terokkar,68,Demon Hunter,Night Elf,New Moon,1697.0,14340.0,False,Ðemonicæ,58,2026-02-08 11:36:04,https://raider.io/characters/eu/terokkar/ðemonicæ,https://worldofwarcraft.blizzard.com/en-gb/character/eu/terokkar/ðemonicæ,https://www.warcraftlogs.com/character/eu/terokkar/ðemonicæ
Sorra,terokkar,80,Mage,Dark Iron Dwarf,Half Moon,3144.0,26580.0,True,Elspeth,574,2025-12-06 20:57:25,https://raider.io/characters/eu/terokkar/sorra,https://worldofwarcraft.blizzard.com/en-gb/character/eu/terokkar/sorra,https://www.warcraftlogs.com/character/eu/terokkar/sorra
Sollas,bloodfeather,80,Paladin,Dwarf,New Moon,1823.0,14635.0,True,Talasha,583,2025-12-12 23:27:13,https://raider.io/characters/eu/bloodfeather/sollas,https://worldofwarcraft.blizzard.com/en-gb/character/eu/bloodfeather/sollas,https://www.warcraftlogs.com/character/eu/bloodfeather/sollas
Orbitculture,executus,90,Druid,Night Elf,Full Moon,426.0,3520.0,False,Orbitculture,239,2026-03-16 01:35:24,https://raider.io/characters/eu/executus/orbitculture,https://worldofwarcraft.blizzard.com/en-gb/character/eu/executus/orbitculture,https://www.warcraftlogs.com/character/eu/executus/orbitculture
Khadgay,bloodfeather,80,Mage,Human,Half Moon,1894.0,15040.0,True,Talasha,583,2026-01-18 01:54:43,https://raider.io/characters/eu/bloodfeather/khadgay,https://worldofwarcraft.blizzard.com/en-gb/character/eu/bloodfeather/khadgay,https://www.warcraftlogs.com/character/eu/bloodfeather/khadgay
Felyeah,saurfang,33,Demon Hunter,Night Elf,New Moon,3126.0,26005.0,True,Shabba,115,2025-11-10 20:45:20,https://raider.io/characters/eu/saurfang/felyeah,https://worldofwarcraft.blizzard.com/en-gb/character/eu/saurfang/felyeah,https://www.warcraftlogs.com/character/eu/saurfang/felyeah
Mattdaemón,saurfang,90,Demon Hunter,Night Elf,Waxing Moon,2330.0,18465.0,False,Mattdaemón,228,2026-03-15 23:36:43,https://raider.io/characters/eu/saurfang/mattdaemón,https://worldofwarcraft.blizzard.com/en-gb/character/eu/saurfang/mattdaemón,https://www.warcraftlogs.com/character/eu/saurfang/mattdaemón
Whops,terokkar,80,Demon Hunter,Blood Elf,Half Moon,4237.0,35215.0,True,Troyster,106,2026-03-06 18:51:44,https://raider.io/characters/eu/terokkar/whops,https://worldofwarcraft.blizzard.com/en-gb/character/eu/terokkar/whops,https://www.warcraftlogs.com/character/eu/terokkar/whops
Iciclé,terokkar,80,Priest,Nightborne,Waxing Moon,4237.0,35215.0,True,Troyster,102,2026-03-06 18:54:36,https://raider.io/characters/eu/terokkar/iciclé,https://worldofwarcraft.blizzard.com/en-gb/character/eu/terokkar/iciclé,https://www.warcraftlogs.com/character/eu/terokkar/iciclé
Marlaw,shattered-hand,90,Shaman,Kul Tiran,Waxing Moon,1295.0,10765.0,False,Marlaw,203,2026-03-15 22:07:20,https://raider.io/characters/eu/shattered-hand/marlaw,https://worldofwarcraft.blizzard.com/en-gb/character/eu/shattered-hand/marlaw,https://www.warcraftlogs.com/character/eu/shattered-hand/marlaw
Shadowcurse,bloodfeather,72,Priest,Draenei,New Moon,3019.0,26290.0,True,Neltharen,361,2025-11-21 22:32:35,https://raider.io/characters/eu/bloodfeather/shadowcurse,https://worldofwarcraft.blizzard.com/en-gb/character/eu/bloodfeather/shadowcurse,https://www.warcraftlogs.com/character/eu/bloodfeather/shadowcurse
Raana,bloodfeather,75,Warrior,Draenei,New Moon,644.0,5335.0,False,Raana,75,2026-03-03 15:24:32,https://raider.io/characters/eu/bloodfeather/raana,https://worldofwarcraft.blizzard.com/en-gb/character/eu/bloodfeather/raana,https://www.warcraftlogs.com/character/eu/bloodfeather/raana
Kathilin,bloodfeather,17,Warlock,Blood Elf,New Moon,10.0,60.0,False,Kathilin,34,2025-11-23 23:27:05,https://raider.io/characters/eu/bloodfeather/kathilin,https://worldofwarcraft.blizzard.com/en-gb/character/eu/bloodfeather/kathilin,https://www.warcraftlogs.com/character/eu/bloodfeather/kathilin
Stunted,terokkar,80,Paladin,Dwarf,Half Moon,2629.0,20425.0,True,Theblueguy,102,2026-02-21 20:03:17,https://raider.io/characters/eu/terokkar/stunted,https://worldofwarcraft.blizzard.com/en-gb/character/eu/terokkar/stunted,https://www.warcraftlogs.com/character/eu/terokkar/stunted
Zhalgor,burning-steppes,88,Warlock,Void Elf,Half Moon,911.0,7065.0,False,Zhalgor,182,2026-03-14 20:43:15,https://raider.io/characters/eu/burning-steppes/zhalgor,https://worldofwarcraft.blizzard.com/en-gb/character/eu/burning-steppes/zhalgor,https://www.warcraftlogs.com/character/eu/burning-steppes/zhalgor
Férnando,darkspear,90,Death Knight,Draenei,Full Moon,2564.0,20750.0,False,Férnando,222,2026-03-11 18:35:01,https://raider.io/characters/eu/darkspear/férnando,https://worldofwarcraft.blizzard.com/en-gb/character/eu/darkspear/férnando,https://www.warcraftlogs.com/character/eu/darkspear/férnando
Dïana,azjolnerub,80,Demon Hunter,Night Elf,Full Moon,2151.0,19210.0,True,Molnia,125,2026-01-27 15:43:58,https://raider.io/characters/eu/azjolnerub/dïana,https://worldofwarcraft.blizzard.com/en-gb/character/eu/azjolnerub/dïana,https://www.warcraftlogs.com/character/eu/azjolnerub/dïana
Brayyjex,darkspear,87,Druid,Worgen,Waxing Moon,2735.0,23750.0,False,Brayyjex,174,2026-03-15 17:31:23,https://raider.io/characters/eu/darkspear/brayyjex,https://worldofwarcraft.blizzard.com/en-gb/character/eu/darkspear/brayyjex,https://www.warcraftlogs.com/character/eu/darkspear/brayyjex
Igonbuy,burning-steppes,82,Shaman,Orc,Half Moon,219.0,1980.0,False,Igonbuy,130,2026-03-02 14:04:46,https://raider.io/characters/eu/burning-steppes/igonbuy,https://worldofwarcraft.blizzard.com/en-gb/character/eu/burning-steppes/igonbuy,https://www.warcraftlogs.com/character/eu/burning-steppes/igonbuy
Lyssra,burning-steppes,88,Death Knight,Dwarf,Half Moon,506.0,3495.0,False,Lyssra,184,2026-03-14 20:42:35,https://raider.io/characters/eu/burning-steppes/lyssra,https://worldofwarcraft.blizzard.com/en-gb/character/eu/burning-steppes/lyssra,https://www.warcraftlogs.com/character/eu/burning-steppes/lyssra
Rutth,terokkar,80,Druid,Worgen,New Moon,3147.0,26585.0,True,Elspeth,583,2025-12-07 18:06:11,https://raider.io/characters/eu/terokkar/rutth,https://worldofwarcraft.blizzard.com/en-gb/character/eu/terokkar/rutth,https://www.warcraftlogs.com/character/eu/terokkar/rutth
Necrofrodo,darkspear,90,Death Knight,Human,Full Moon,2451.0,19555.0,True,Mechafrodo,241,2026-03-16 13:59:40,https://raider.io/characters/eu/darkspear/necrofrodo,https://worldofwarcraft.blizzard.com/en-gb/character/eu/darkspear/necrofrodo,https://www.warcraftlogs.com/character/eu/darkspear/necrofrodo
Troopmourne,moonglade,80,Death Knight,Dwarf,New Moon,3703.0,30260.0,True,Troopp,655,2026-01-03 07:06:01,https://raider.io/characters/eu/moonglade/troopmourne,https://worldofwarcraft.blizzard.com/en-gb/character/eu/moonglade/troopmourne,https://www.warcraftlogs.com/character/eu/moonglade/troopmourne
Kareina,terokkar,80,Hunter,Vulpera,New Moon,3212.0,26985.0,True,Elspeth,111,2026-01-23 22:25:46,https://raider.io/characters/eu/terokkar/kareina,https://worldofwarcraft.blizzard.com/en-gb/character/eu/terokkar/kareina,https://www.warcraftlogs.com/character/eu/terokkar/kareina
Spellslinger,terokkar,90,Mage,Dracthyr,Super Moon,2711.0,21145.0,True,Theblueguy,237,2026-03-15 15:58:16,https://raider.io/characters/eu/terokkar/spellslinger,https://worldofwarcraft.blizzard.com/en-gb/character/eu/terokkar/spellslinger,https://www.warcraftlogs.com/character/eu/terokkar/spellslinger
Sagart,bloodfeather,80,Priest,Void Elf,New Moon,1842.0,14695.0,True,Talasha,614,2025-12-18 00:28:53,https://raider.io/characters/eu/bloodfeather/sagart,https://worldofwarcraft.blizzard.com/en-gb/character/eu/bloodfeather/sagart,https://www.warcraftlogs.com/character/eu/bloodfeather/sagart
Malcorn,saurfang,80,Mage,Void Elf,New Moon,1402.0,11475.0,True,Dismas,93,2026-03-14 10:07:08,https://raider.io/characters/eu/saurfang/malcorn,https://worldofwarcraft.blizzard.com/en-gb/character/eu/saurfang/malcorn,https://www.warcraftlogs.com/character/eu/saurfang/malcorn
Triqs,darkspear,80,Shaman,Dark Iron Dwarf,Half Moon,182.0,1670.0,False,Triqs,645,2025-12-31 17:42:01,https://raider.io/characters/eu/darkspear/triqs,https://worldofwarcraft.blizzard.com/en-gb/character/eu/darkspear/triqs,https://www.warcraftlogs.com/character/eu/darkspear/triqs
Wyra,terokkar,80,Warrior,Draenei,New Moon,3188.0,26890.0,True,Elspeth,510,2025-12-22 22:19:55,https://raider.io/characters/eu/terokkar/wyra,https://worldofwarcraft.blizzard.com/en-gb/character/eu/terokkar/wyra,https://www.warcraftlogs.com/character/eu/terokkar/wyra
Waria,bloodfeather,80,Warrior,Pandaren,Half Moon,1894.0,15040.0,True,Talasha,586,2026-01-18 20:47:18,https://raider.io/characters/eu/bloodfeather/waria,https://worldofwarcraft.blizzard.com/en-gb/character/eu/bloodfeather/waria,https://www.warcraftlogs.com/character/eu/bloodfeather/waria
Sneeseism,tarren-mill,80,Warrior,Tauren,Waxing Moon,1089.0,9895.0,True,Sneezydk,167,2026-02-27 15:17:21,https://raider.io/characters/eu/tarren-mill/sneeseism,https://worldofwarcraft.blizzard.com/en-gb/character/eu/tarren-mill/sneeseism,https://www.warcraftlogs.com/character/eu/tarren-mill/sneeseism
Satanistic,terokkar,80,Death Knight,Dark Iron Dwarf,Half Moon,2000.0,17460.0,True,Zarramon,118,2026-03-11 19:47:21,https://raider.io/characters/eu/terokkar/satanistic,https://worldofwarcraft.blizzard.com/en-gb/character/eu/terokkar/satanistic,https://www.warcraftlogs.com/character/eu/terokkar/satanistic
Aruun,darkspear,90,Mage,Draenei,Half Moon,370.0,3025.0,False,Aruun,219,2026-03-16 09:54:30,https://raider.io/characters/eu/darkspear/aruun,https://worldofwarcraft.blizzard.com/en-gb/character/eu/darkspear/aruun,https://www.warcraftlogs.com/character/eu/darkspear/aruun
Blackwater,darkspear,80,Warrior,Human,New Moon,1828.0,15530.0,True,Fistdance,128,2026-03-15 20:15:05,https://raider.io/characters/eu/darkspear/blackwater,https://worldofwarcraft.blizzard.com/en-gb/character/eu/darkspear/blackwater,https://www.warcraftlogs.com/character/eu/darkspear/blackwater
Kryon,bladefist,90,Warrior,Draenei,New Moon,1524.0,11905.0,False,Kryon,193,2026-03-15 00:08:29,https://raider.io/characters/eu/bladefist/kryon,https://worldofwarcraft.blizzard.com/en-gb/character/eu/bladefist/kryon,https://www.warcraftlogs.com/character/eu/bladefist/kryon
Stabby,burning-steppes,90,Rogue,Night Elf,Half Moon,2147.0,17300.0,False,Stabby,226,2026-03-09 08:41:33,https://raider.io/characters/eu/burning-steppes/stabby,https://worldofwarcraft.blizzard.com/en-gb/character/eu/burning-steppes/stabby,https://www.warcraftlogs.com/character/eu/burning-steppes/stabby
Olgaki,darkspear,80,Demon Hunter,Blood Elf,New Moon,3923.0,32605.0,True,Olgítsa,655,2026-01-12 13:02:10,https://raider.io/characters/eu/darkspear/olgaki,https://worldofwarcraft.blizzard.com/en-gb/character/eu/darkspear/olgaki,https://www.warcraftlogs.com/character/eu/darkspear/olgaki
Moltarn,saurfang,80,Shaman,Dark Iron Dwarf,New Moon,2322.0,19125.0,False,Moltarn,127,2026-02-25 14:51:23,https://raider.io/characters/eu/saurfang/moltarn,https://worldofwarcraft.blizzard.com/en-gb/character/eu/saurfang/moltarn,https://www.warcraftlogs.com/character/eu/saurfang/moltarn
Noratix,darkspear,84,Warlock,Gnome,Half Moon,123.0,1030.0,False,Noratix,128,2026-03-16 06:42:56,https://raider.io/characters/eu/darkspear/noratix,https://worldofwarcraft.blizzard.com/en-gb/character/eu/darkspear/noratix,https://www.warcraftlogs.com/character/eu/darkspear/noratix
Elementalism,darkspear,80,Shaman,Dwarf,New Moon,4002.0,33330.0,True,Olgítsa,115,2026-02-26 19:36:06,https://raider.io/characters/eu/darkspear/elementalism,https://worldofwarcraft.blizzard.com/en-gb/character/eu/darkspear/elementalism,https://www.warcraftlogs.com/character/eu/darkspear/elementalism
Loq,bloodfeather,80,Priest,Human,New Moon,2165.0,16480.0,True,Buq,140,2026-02-28 23:24:04,https://raider.io/characters/eu/bloodfeather/loq,https://worldofwarcraft.blizzard.com/en-gb/character/eu/bloodfeather/loq,https://www.warcraftlogs.com/character/eu/bloodfeather/loq
Ioannis,darkspear,90,Paladin,Human,Active Moon,4093.0,34000.0,True,Olgítsa,228,2026-03-15 20:54:58,https://raider.io/characters/eu/darkspear/ioannis,https://worldofwarcraft.blizzard.com/en-gb/character/eu/darkspear/ioannis,https://www.warcraftlogs.com/character/eu/darkspear/ioannis
Ramplock,burning-steppes,90,Warlock,Void Elf,Half Moon,1077.0,10200.0,True,Ramppo,227,2026-03-10 22:17:39,https://raider.io/characters/eu/burning-steppes/ramplock,https://worldofwarcraft.blizzard.com/en-gb/character/eu/burning-steppes/ramplock,https://www.warcraftlogs.com/character/eu/burning-steppes/ramplock
Yoq,bloodfeather,90,Death Knight,Human,New Moon,2212.0,16770.0,True,Buq,229,2026-03-16 13:25:03,https://raider.io/characters/eu/bloodfeather/yoq,https://worldofwarcraft.blizzard.com/en-gb/character/eu/bloodfeather/yoq,https://www.warcraftlogs.com/character/eu/bloodfeather/yoq
Voiddemon,darkspear,80,Demon Hunter,Void Elf,New Moon,1862.0,15895.0,False,Voiddemon,96,2026-02-25 11:24:35,https://raider.io/characters/eu/darkspear/voiddemon,https://worldofwarcraft.blizzard.com/en-gb/character/eu/darkspear/voiddemon,https://www.warcraftlogs.com/character/eu/darkspear/voiddemon
Demonioo,terokkar,80,Demon Hunter,Void Elf,New Moon,2910.0,24910.0,False,Demonioo,130,2026-02-25 19:11:42,https://raider.io/characters/eu/terokkar/demonioo,https://worldofwarcraft.blizzard.com/en-gb/character/eu/terokkar/demonioo,https://www.warcraftlogs.com/character/eu/terokkar/demonioo
Deathglaive,darkspear,80,Demon Hunter,Void Elf,Half Moon,3247.0,28155.0,True,Inferii,135,2026-02-26 17:20:59,https://raider.io/characters/eu/darkspear/deathglaive,https://worldofwarcraft.blizzard.com/en-gb/character/eu/darkspear/deathglaive,https://www.warcraftlogs.com/character/eu/darkspear/deathglaive
Artrog,darkspear,90,Rogue,Human,Full Moon,1398.0,12225.0,False,Artrog,205,2026-03-14 11:47:25,https://raider.io/characters/eu/darkspear/artrog,https://worldofwarcraft.blizzard.com/en-gb/character/eu/darkspear/artrog,https://www.warcraftlogs.com/character/eu/darkspear/artrog
Frathia,saurfang,81,Priest,Void Elf,Waxing Moon,3933.0,32555.0,False,Frathia,135,2026-03-14 20:16:10,https://raider.io/characters/eu/saurfang/frathia,https://worldofwarcraft.blizzard.com/en-gb/character/eu/saurfang/frathia,https://www.warcraftlogs.com/character/eu/saurfang/frathia
Grimstorm,bloodfeather,90,Shaman,Dark Iron Dwarf,Full Moon,760.0,7050.0,False,Grimstorm,227,2026-03-16 00:21:16,https://raider.io/characters/eu/bloodfeather/grimstorm,https://worldofwarcraft.blizzard.com/en-gb/character/eu/bloodfeather/grimstorm,https://www.warcraftlogs.com/character/eu/bloodfeather/grimstorm
Froglover,darkspear,90,Hunter,Night Elf,Full Moon,1296.0,10825.0,False,Froglover,223,2026-03-09 21:48:02,https://raider.io/characters/eu/darkspear/froglover,https://worldofwarcraft.blizzard.com/en-gb/character/eu/darkspear/froglover,https://www.warcraftlogs.com/character/eu/darkspear/froglover
Jax,korgall,80,Warrior,Human,New Moon,1457.0,12535.0,False,Jax,70,2026-03-04 17:15:56,https://raider.io/characters/eu/korgall/jax,https://worldofwarcraft.blizzard.com/en-gb/character/eu/korgall/jax,https://www.warcraftlogs.com/character/eu/korgall/jax
Aql,terokkar,33,Paladin,Human,Waxing Moon,108.0,1030.0,False,Aql,30,2026-02-27 22:50:00,https://raider.io/characters/eu/terokkar/aql,https://worldofwarcraft.blizzard.com/en-gb/character/eu/terokkar/aql,https://www.warcraftlogs.com/character/eu/terokkar/aql
Caress,darkspear,80,Hunter,Night Elf,Full Moon,3265.0,28290.0,True,Inferii,131,2026-03-05 23:28:55,https://raider.io/characters/eu/darkspear/caress,https://worldofwarcraft.blizzard.com/en-gb/character/eu/darkspear/caress,https://www.warcraftlogs.com/character/eu/darkspear/caress
Yannah,terokkar,80,Demon Hunter,Void Elf,New Moon,1950.0,16495.0,False,Yannah,125,2026-03-09 20:11:50,https://raider.io/characters/eu/terokkar/yannah,https://worldofwarcraft.blizzard.com/en-gb/character/eu/terokkar/yannah,https://www.warcraftlogs.com/character/eu/terokkar/yannah
Mikkedoos,darkspear,83,Mage,Void Elf,Active Moon,2822.0,24650.0,True,Aradeni,124,2026-03-15 23:58:13,https://raider.io/characters/eu/darkspear/mikkedoos,https://worldofwarcraft.blizzard.com/en-gb/character/eu/darkspear/mikkedoos,https://www.warcraftlogs.com/character/eu/darkspear/mikkedoos
Iwilldevouru,saurfang,59,Demon Hunter,Void Elf,Half Moon,2264.0,19175.0,False,Iwilldevouru,52,2026-02-26 23:32:59,https://raider.io/characters/eu/saurfang/iwilldevouru,https://worldofwarcraft.blizzard.com/en-gb/character/eu/saurfang/iwilldevouru,https://www.warcraftlogs.com/character/eu/saurfang/iwilldevouru
Malerica,darkspear,80,Mage,Blood Elf,Full Moon,671.0,6535.0,False,Malerica,111,2026-03-16 13:50:31,https://raider.io/characters/eu/darkspear/malerica,https://worldofwarcraft.blizzard.com/en-gb/character/eu/darkspear/malerica,https://www.warcraftlogs.com/character/eu/darkspear/malerica
Xenari,darkspear,80,Priest,Draenei,Waxing Moon,675.0,6570.0,True,Malerica,59,2026-03-16 01:07:27,https://raider.io/characters/eu/darkspear/xenari,https://worldofwarcraft.blizzard.com/en-gb/character/eu/darkspear/xenari,https://www.warcraftlogs.com/character/eu/darkspear/xenari
Willems,terokkar,90,Paladin,Human,Full Moon,142.0,1345.0,False,Willems,208,2026-03-15 20:56:05,https://raider.io/characters/eu/terokkar/willems,https://worldofwarcraft.blizzard.com/en-gb/character/eu/terokkar/willems,https://www.warcraftlogs.com/character/eu/terokkar/willems
Khaom,darkspear,90,Demon Hunter,Void Elf,Full Moon,1061.0,9080.0,False,Khaom,218,2026-03-08 21:43:47,https://raider.io/characters/eu/darkspear/khaom,https://worldofwarcraft.blizzard.com/en-gb/character/eu/darkspear/khaom,https://www.warcraftlogs.com/character/eu/darkspear/khaom
Darqvoid,terokkar,80,Demon Hunter,Void Elf,Officer Alt,2464.0,21495.0,True,Darq,115,2026-02-20 21:59:30,https://raider.io/characters/eu/terokkar/darqvoid,https://worldofwarcraft.blizzard.com/en-gb/character/eu/terokkar/darqvoid,https://www.warcraftlogs.com/character/eu/terokkar/darqvoid
Igonbuye,burning-steppes,80,Paladin,Human,New Moon,219.0,1980.0,False,Igonbuye,101,2026-03-01 22:18:30,https://raider.io/characters/eu/burning-steppes/igonbuye,https://worldofwarcraft.blizzard.com/en-gb/character/eu/burning-steppes/igonbuye,https://www.warcraftlogs.com/character/eu/burning-steppes/igonbuye
Chumlord,terokkar,90,Warrior,Human,Full Moon,147.0,1380.0,False,Chumlord,231,2026-03-16 00:22:18,https://raider.io/characters/eu/terokkar/chumlord,https://worldofwarcraft.blizzard.com/en-gb/character/eu/terokkar/chumlord,https://www.warcraftlogs.com/character/eu/terokkar/chumlord
Silverlocks,shattered-hand,80,Paladin,Human,Waxing Moon,2204.0,18635.0,False,Silverlocks,80,2026-02-27 20:12:14,https://raider.io/characters/eu/shattered-hand/silverlocks,https://worldofwarcraft.blizzard.com/en-gb/character/eu/shattered-hand/silverlocks,https://www.warcraftlogs.com/character/eu/shattered-hand/silverlocks
Kenaichi,shattered-hand,80,Monk,Blood Elf,New Moon,157.0,1550.0,False,Kenaichi,92,2026-03-13 22:17:18,https://raider.io/characters/eu/shattered-hand/kenaichi,https://worldofwarcraft.blizzard.com/en-gb/character/eu/shattered-hand/kenaichi,https://www.warcraftlogs.com/character/eu/shattered-hand/kenaichi
Lemontärt,darkspear,89,Warlock,Void Elf,Waxing Moon,4093.0,34000.0,True,Olgítsa,173,2026-03-15 20:10:43,https://raider.io/characters/eu/darkspear/lemontärt,https://worldofwarcraft.blizzard.com/en-gb/character/eu/darkspear/lemontärt,https://www.warcraftlogs.com/character/eu/darkspear/lemontärt
Rurouni,darkspear,88,Demon Hunter,Void Elf,Full Moon,4089.0,33960.0,True,Olgítsa,174,2026-03-15 14:46:11,https://raider.io/characters/eu/darkspear/rurouni,https://worldofwarcraft.blizzard.com/en-gb/character/eu/darkspear/rurouni,https://www.warcraftlogs.com/character/eu/darkspear/rurouni
Voidie,terokkar,43,Demon Hunter,Void Elf,Half Moon,1420.0,11980.0,False,Voidie,35,2026-02-25 22:04:23,https://raider.io/characters/eu/terokkar/voidie,https://worldofwarcraft.blizzard.com/en-gb/character/eu/terokkar/voidie,https://www.warcraftlogs.com/character/eu/terokkar/voidie
Drienella,darkspear,49,Mage,Lightforged Draenei,Half Moon,544.0,4540.0,False,Drienella,29,2026-03-02 13:51:26,https://raider.io/characters/eu/darkspear/drienella,https://worldofwarcraft.blizzard.com/en-gb/character/eu/darkspear/drienella,https://www.warcraftlogs.com/character/eu/darkspear/drienella
Troopslayer,moonglade,80,Demon Hunter,Night Elf,Officer Alt,3738.0,30490.0,True,Troopp,145,2026-02-26 17:32:46,https://raider.io/characters/eu/moonglade/troopslayer,https://worldofwarcraft.blizzard.com/en-gb/character/eu/moonglade/troopslayer,https://www.warcraftlogs.com/character/eu/moonglade/troopslayer
Mornatix,darkspear,36,Warrior,Night Elf,Waxing Moon,118.0,980.0,True,Noratix,25,2026-03-12 20:20:22,https://raider.io/characters/eu/darkspear/mornatix,https://worldofwarcraft.blizzard.com/en-gb/character/eu/darkspear/mornatix,https://www.warcraftlogs.com/character/eu/darkspear/mornatix
Bongex,shattered-hand,80,Monk,Pandaren,Waxing Moon,162.0,1615.0,False,Bongex,86,2026-03-16 12:10:18,https://raider.io/characters/eu/shattered-hand/bongex,https://worldofwarcraft.blizzard.com/en-gb/character/eu/shattered-hand/bongex,https://www.warcraftlogs.com/character/eu/shattered-hand/bongex
Corwin,terokkar,90,Rogue,Night Elf,Full Moon,231.0,2155.0,False,Corwin,194,2026-03-15 21:52:13,https://raider.io/characters/eu/terokkar/corwin,https://worldofwarcraft.blizzard.com/en-gb/character/eu/terokkar/corwin,https://www.warcraftlogs.com/character/eu/terokkar/corwin
Passiflora,darkspear,22,Priest,Void Elf,Half Moon,1252.0,10515.0,True,Froglover,13,2026-03-02 19:43:30,https://raider.io/characters/eu/darkspear/passiflora,https://worldofwarcraft.blizzard.com/en-gb/character/eu/darkspear/passiflora,https://www.warcraftlogs.com/character/eu/darkspear/passiflora
Nallo,darkspear,16,Monk,Human,New Moon,1771.0,15405.0,False,Nallo,10,2026-03-03 17:48:16,https://raider.io/characters/eu/darkspear/nallo,https://worldofwarcraft.blizzard.com/en-gb/character/eu/darkspear/nallo,https://www.warcraftlogs.com/character/eu/darkspear/nallo
Jerremelerry,darkspear,90,Shaman,Dark Iron Dwarf,Full Moon,1874.0,16870.0,True,Ecologicjer,224,2026-03-15 17:22:52,https://raider.io/characters/eu/darkspear/jerremelerry,https://worldofwarcraft.blizzard.com/en-gb/character/eu/darkspear/jerremelerry,https://www.warcraftlogs.com/character/eu/darkspear/jerremelerry
Vorthos,terokkar,90,Demon Hunter,Void Elf,Vice Guild Master,1530.0,12780.0,True,Cyainabit,234,2026-03-13 23:05:14,https://raider.io/characters/eu/terokkar/vorthos,https://worldofwarcraft.blizzard.com/en-gb/character/eu/terokkar/vorthos,https://www.warcraftlogs.com/character/eu/terokkar/vorthos
Galimemnon,darkspear,89,Warrior,Human,Full Moon,1811.0,15790.0,True,Nallo,185,2026-03-15 17:23:34,https://raider.io/characters/eu/darkspear/galimemnon,https://worldofwarcraft.blizzard.com/en-gb/character/eu/darkspear/galimemnon,https://www.warcraftlogs.com/character/eu/darkspear/galimemnon
Wukong,darkspear,90,Monk,,Waxing Moon,1074.0,9170.0,True,Khaom,228,2026-03-14 17:14:38,https://raider.io/characters/eu/darkspear/wukong,https://worldofwarcraft.blizzard.com/en-gb/character/eu/darkspear/wukong,https://www.warcraftlogs.com/character/eu/darkspear/wukong
Mecharogue,burning-steppes,83,Rogue,Mechagnome,Half Moon,1144.0,9630.0,False,Mecharogue,135,2026-03-08 21:40:36,https://raider.io/characters/eu/burning-steppes/mecharogue,https://worldofwarcraft.blizzard.com/en-gb/character/eu/burning-steppes/mecharogue,https://www.warcraftlogs.com/character/eu/burning-steppes/mecharogue
Papawilly,darkspear,90,Druid,Kul Tiran,Waxing Moon,612.0,5185.0,False,Papawilly,192,2026-03-15 18:32:25,https://raider.io/characters/eu/darkspear/papawilly,https://worldofwarcraft.blizzard.com/en-gb/character/eu/darkspear/papawilly,https://www.warcraftlogs.com/character/eu/darkspear/papawilly
Frogfriend,darkspear,82,Druid,,Full Moon,1298.0,10845.0,True,Froglover,131,2026-03-13 14:35:58,https://raider.io/characters/eu/darkspear/frogfriend,https://worldofwarcraft.blizzard.com/en-gb/character/eu/darkspear/frogfriend,https://www.warcraftlogs.com/character/eu/darkspear/frogfriend
Mávis,terokkar,82,Druid,,New Moon,632.0,5825.0,True,Olívíá,128,2026-03-05 12:52:52,https://raider.io/characters/eu/terokkar/mávis,https://worldofwarcraft.blizzard.com/en-gb/character/eu/terokkar/mávis,https://www.warcraftlogs.com/character/eu/terokkar/mávis
Tankysmashy,terokkar,84,Paladin,Lightforged Draenei,Half Moon,1540.0,12530.0,False,Tankysmashy,149,2026-03-16 11:45:18,https://raider.io/characters/eu/terokkar/tankysmashy,https://worldofwarcraft.blizzard.com/en-gb/character/eu/terokkar/tankysmashy,https://www.warcraftlogs.com/character/eu/terokkar/tankysmashy
Bolzebub,darkspear,24,Demon Hunter,Void Elf,New Moon,1800.0,15685.0,True,Nallo,18,2026-03-13 20:55:24,https://raider.io/characters/eu/darkspear/bolzebub,https://worldofwarcraft.blizzard.com/en-gb/character/eu/darkspear/bolzebub,https://www.warcraftlogs.com/character/eu/darkspear/bolzebub
Holyjer,darkspear,18,Paladin,Lightforged Draenei,New Moon,1874.0,16870.0,True,Ecologicjer,10,2026-03-15 19:19:35,https://raider.io/characters/eu/darkspear/holyjer,https://worldofwarcraft.blizzard.com/en-gb/character/eu/darkspear/holyjer,https://www.warcraftlogs.com/character/eu/darkspear/holyjer
Eviljer,darkspear,90,Warlock,Gnome,Full Moon,1875.0,16880.0,True,Ecologicjer,224,2026-03-16 12:09:00,https://raider.io/characters/eu/darkspear/eviljer,https://worldofwarcraft.blizzard.com/en-gb/character/eu/darkspear/eviljer,https://www.warcraftlogs.com/character/eu/darkspear/eviljer
Avantar,darkspear,10,Shaman,,New Moon,4083.0,33930.0,True,Olgítsa,6,2026-03-12 15:51:46,https://raider.io/characters/eu/darkspear/avantar,https://worldofwarcraft.blizzard.com/en-gb/character/eu/darkspear/avantar,https://www.warcraftlogs.com/character/eu/darkspear/avantar
Lamexxie,ragnaros,90,Shaman,Vulpera,Full Moon,2532.0,22250.0,False,Lamexxie,209,2026-03-12 14:16:34,https://raider.io/characters/eu/ragnaros/lamexxie,https://worldofwarcraft.blizzard.com/en-gb/character/eu/ragnaros/lamexxie,https://www.warcraftlogs.com/character/eu/ragnaros/lamexxie
Galadriél,ragnaros,87,Death Knight,Blood Elf,Half Moon,2824.0,23115.0,False,Galadriél,168,2026-03-16 12:00:58,https://raider.io/characters/eu/ragnaros/galadriél,https://worldofwarcraft.blizzard.com/en-gb/character/eu/ragnaros/galadriél,https://www.warcraftlogs.com/character/eu/ragnaros/galadriél
Nìghtwolf,frostmane,90,Druid,Night Elf,Waxing Moon,2745.0,21815.0,False,Nìghtwolf,237,2026-03-14 23:08:18,https://raider.io/characters/eu/frostmane/nìghtwolf,https://worldofwarcraft.blizzard.com/en-gb/character/eu/frostmane/nìghtwolf,https://www.warcraftlogs.com/character/eu/frostmane/nìghtwolf
Rèxy,frostmane,80,Warrior,Gnome,New Moon,2626.0,20840.0,True,Nìghtwolf,159,2026-02-20 02:05:20,https://raider.io/characters/eu/frostmane/rèxy,https://worldofwarcraft.blizzard.com/en-gb/character/eu/frostmane/rèxy,https://www.warcraftlogs.com/character/eu/frostmane/rèxy
Nìghtblade,frostmane,90,Demon Hunter,Night Elf,Full Moon,2745.0,21815.0,True,Nìghtwolf,241,2026-03-14 22:57:51,https://raider.io/characters/eu/frostmane/nìghtblade,https://worldofwarcraft.blizzard.com/en-gb/character/eu/frostmane/nìghtblade,https://www.warcraftlogs.com/character/eu/frostmane/nìghtblade
Webnado,ragnaros,80,Warrior,Dwarf,Half Moon,2288.0,18705.0,False,Webnado,146,2026-01-22 23:39:42,https://raider.io/characters/eu/ragnaros/webnado,https://worldofwarcraft.blizzard.com/en-gb/character/eu/ragnaros/webnado,https://www.warcraftlogs.com/character/eu/ragnaros/webnado
Valevias,twisting-nether,90,Demon Hunter,Blood Elf,Half Moon,2406.0,19260.0,False,Valevias,231,2026-03-15 23:03:29,https://raider.io/characters/eu/twisting-nether/valevias,https://worldofwarcraft.blizzard.com/en-gb/character/eu/twisting-nether/valevias,https://www.warcraftlogs.com/character/eu/twisting-nether/valevias
Nightwítch,ragnaros,90,Druid,Night Elf,Waxing Moon,2810.0,23020.0,True,Galadriél,216,2026-03-14 14:17:14,https://raider.io/characters/eu/ragnaros/nightwítch,https://worldofwarcraft.blizzard.com/en-gb/character/eu/ragnaros/nightwítch,https://www.warcraftlogs.com/character/eu/ragnaros/nightwítch
Dragonwítch,ragnaros,90,Hunter,Dracthyr,Full Moon,2813.0,23045.0,True,Galadriél,243,2026-03-16 13:54:54,https://raider.io/characters/eu/ragnaros/dragonwítch,https://worldofwarcraft.blizzard.com/en-gb/character/eu/ragnaros/dragonwítch,https://www.warcraftlogs.com/character/eu/ragnaros/dragonwítch
Valenthra,ragnaros,80,Death Knight,Night Elf,Half Moon,896.0,7970.0,False,Valenthra,712,2026-01-13 18:07:24,https://raider.io/characters/eu/ragnaros/valenthra,https://worldofwarcraft.blizzard.com/en-gb/character/eu/ragnaros/valenthra,https://www.warcraftlogs.com/character/eu/ragnaros/valenthra
Rhaastfury,ragnaros,80,Demon Hunter,Night Elf,Half Moon,896.0,7970.0,True,Valenthra,709,2026-01-13 18:10:03,https://raider.io/characters/eu/ragnaros/rhaastfury,https://worldofwarcraft.blizzard.com/en-gb/character/eu/ragnaros/rhaastfury,https://www.warcraftlogs.com/character/eu/ragnaros/rhaastfury
Kristha,chamber-of-aspects,80,Warrior,Worgen,Full Moon,1730.0,15130.0,False,Kristha,707,2026-01-10 06:22:18,https://raider.io/characters/eu/chamber-of-aspects/kristha,https://worldofwarcraft.blizzard.com/en-gb/character/eu/chamber-of-aspects/kristha,https://www.warcraftlogs.com/character/eu/chamber-of-aspects/kristha
Wíggsy,kazzak,80,Death Knight,Mag'har Orc,Half Moon,2281.0,19290.0,True,Demoniwiggz,142,2026-03-09 23:21:55,https://raider.io/characters/eu/kazzak/wíggsy,https://worldofwarcraft.blizzard.com/en-gb/character/eu/kazzak/wíggsy,https://www.warcraftlogs.com/character/eu/kazzak/wíggsy
Wiggzard,kazzak,90,Mage,Orc,Waxing Moon,2308.0,19555.0,True,Demoniwiggz,222,2026-03-16 11:01:18,https://raider.io/characters/eu/kazzak/wiggzard,https://worldofwarcraft.blizzard.com/en-gb/character/eu/kazzak/wiggzard,https://www.warcraftlogs.com/character/eu/kazzak/wiggzard
Ime,silvermoon,47,Hunter,Human,Half Moon,1309.0,11615.0,False,Ime,158,2025-11-25 19:11:27,https://raider.io/characters/eu/silvermoon/ime,https://worldofwarcraft.blizzard.com/en-gb/character/eu/silvermoon/ime,https://www.warcraftlogs.com/character/eu/silvermoon/ime
Wíggzz,kazzak,90,Paladin,Earthen,Half Moon,2308.0,19555.0,True,Demoniwiggz,227,2026-03-15 22:26:49,https://raider.io/characters/eu/kazzak/wíggzz,https://worldofwarcraft.blizzard.com/en-gb/character/eu/kazzak/wíggzz,https://www.warcraftlogs.com/character/eu/kazzak/wíggzz
Dannia,silvermoon,90,Evoker,Dracthyr,Full Moon,4196.0,33255.0,False,Dannia,238,2026-03-15 23:10:01,https://raider.io/characters/eu/silvermoon/dannia,https://worldofwarcraft.blizzard.com/en-gb/character/eu/silvermoon/dannia,https://www.warcraftlogs.com/character/eu/silvermoon/dannia
Alexsonny,arathor,90,Paladin,Human,Full Moon,2778.0,23320.0,False,Alexsonny,228,2026-03-15 15:02:51,https://raider.io/characters/eu/arathor/alexsonny,https://worldofwarcraft.blizzard.com/en-gb/character/eu/arathor/alexsonny,https://www.warcraftlogs.com/character/eu/arathor/alexsonny
Manbearpigz,frostmane,87,Druid,Night Elf,Waxing Moon,2230.0,18450.0,False,Manbearpigz,163,2026-03-15 23:49:50,https://raider.io/characters/eu/frostmane/manbearpigz,https://worldofwarcraft.blizzard.com/en-gb/character/eu/frostmane/manbearpigz,https://www.warcraftlogs.com/character/eu/frostmane/manbearpigz
Bigwizard,silvermoon,80,Mage,Gnome,New Moon,3394.0,25445.0,True,Darkfury,151,2026-02-27 10:50:58,https://raider.io/characters/eu/silvermoon/bigwizard,https://worldofwarcraft.blizzard.com/en-gb/character/eu/silvermoon/bigwizard,https://www.warcraftlogs.com/character/eu/silvermoon/bigwizard
Dididamoshni,kazzak,80,Rogue,Night Elf,Half Moon,1375.0,11590.0,False,Dididamoshni,119,2026-02-15 08:20:56,https://raider.io/characters/eu/kazzak/dididamoshni,https://worldofwarcraft.blizzard.com/en-gb/character/eu/kazzak/dididamoshni,https://www.warcraftlogs.com/character/eu/kazzak/dididamoshni
Demonhunte,outland,80,Demon Hunter,Night Elf,Full Moon,1266.0,10955.0,True,Demonglide,684,2026-01-08 11:29:25,https://raider.io/characters/eu/outland/demonhunte,https://worldofwarcraft.blizzard.com/en-gb/character/eu/outland/demonhunte,https://www.warcraftlogs.com/character/eu/outland/demonhunte
Sungjinwóo,outland,80,Paladin,Earthen,Waxing Moon,2147.0,17790.0,False,Sungjinwóo,127,2026-03-05 23:25:09,https://raider.io/characters/eu/outland/sungjinwóo,https://worldofwarcraft.blizzard.com/en-gb/character/eu/outland/sungjinwóo,https://www.warcraftlogs.com/character/eu/outland/sungjinwóo
Trafalgarláw,outland,80,Hunter,Night Elf,Full Moon,2130.0,17640.0,True,Sungjinwóo,121,2026-03-03 19:29:52,https://raider.io/characters/eu/outland/trafalgarláw,https://worldofwarcraft.blizzard.com/en-gb/character/eu/outland/trafalgarláw,https://www.warcraftlogs.com/character/eu/outland/trafalgarláw
Kuroyukihimé,outland,90,Mage,Night Elf,Full Moon,2157.0,17880.0,True,Sungjinwóo,217,2026-03-12 18:02:58,https://raider.io/characters/eu/outland/kuroyukihimé,https://worldofwarcraft.blizzard.com/en-gb/character/eu/outland/kuroyukihimé,https://www.warcraftlogs.com/character/eu/outland/kuroyukihimé
Harukasakura,outland,81,Monk,Night Elf,New Moon,2152.0,17830.0,True,Sungjinwóo,88,2026-03-08 17:41:15,https://raider.io/characters/eu/outland/harukasakura,https://worldofwarcraft.blizzard.com/en-gb/character/eu/outland/harukasakura,https://www.warcraftlogs.com/character/eu/outland/harukasakura
Evimist,sylvanas,90,Monk,Night Elf,New Moon,2461.0,20035.0,True,Eviblaze,237,2026-03-14 15:42:40,https://raider.io/characters/eu/sylvanas/evimist,https://worldofwarcraft.blizzard.com/en-gb/character/eu/sylvanas/evimist,https://www.warcraftlogs.com/character/eu/sylvanas/evimist
Manjirou,outland,85,Rogue,Night Elf,Full Moon,2160.0,17900.0,True,Sungjinwóo,148,2026-03-15 19:05:29,https://raider.io/characters/eu/outland/manjirou,https://worldofwarcraft.blizzard.com/en-gb/character/eu/outland/manjirou,https://www.warcraftlogs.com/character/eu/outland/manjirou
Sungjinwoó,outland,82,Druid,Night Elf,Full Moon,2157.0,17880.0,True,Sungjinwóo,127,2026-03-11 15:35:12,https://raider.io/characters/eu/outland/sungjinwoó,https://worldofwarcraft.blizzard.com/en-gb/character/eu/outland/sungjinwoó,https://www.warcraftlogs.com/character/eu/outland/sungjinwoó
Darkchi,silvermoon,80,Monk,Void Elf,New Moon,3478.0,26120.0,True,Darkfury,101,2026-03-13 19:19:14,https://raider.io/characters/eu/silvermoon/darkchi,https://worldofwarcraft.blizzard.com/en-gb/character/eu/silvermoon/darkchi,https://www.warcraftlogs.com/character/eu/silvermoon/darkchi
Smacit,silvermoon,87,Warlock,Night Elf,Half Moon,1946.0,16935.0,True,Primtah,161,2026-03-15 21:38:16,https://raider.io/characters/eu/silvermoon/smacit,https://worldofwarcraft.blizzard.com/en-gb/character/eu/silvermoon/smacit,https://www.warcraftlogs.com/character/eu/silvermoon/smacit
Lifecaller,silvermoon,80,Shaman,Earthen,Half Moon,3394.0,25445.0,True,Darkfury,130,2026-02-27 10:52:29,https://raider.io/characters/eu/silvermoon/lifecaller,https://worldofwarcraft.blizzard.com/en-gb/character/eu/silvermoon/lifecaller,https://www.warcraftlogs.com/character/eu/silvermoon/lifecaller
Kuróyukihime,outland,80,Demon Hunter,Night Elf,New Moon,2100.0,17535.0,True,Sungjinwóo,532,2025-11-21 14:41:44,https://raider.io/characters/eu/outland/kuróyukihime,https://worldofwarcraft.blizzard.com/en-gb/character/eu/outland/kuróyukihime,https://www.warcraftlogs.com/character/eu/outland/kuróyukihime
Randalthór,outland,80,Hunter,Dracthyr,Waxing Moon,2120.0,17615.0,True,Sungjinwóo,776,2026-01-15 19:59:18,https://raider.io/characters/eu/outland/randalthór,https://worldofwarcraft.blizzard.com/en-gb/character/eu/outland/randalthór,https://www.warcraftlogs.com/character/eu/outland/randalthór
Loftykonuk,silvermoon,80,Death Knight,Dark Iron Dwarf,New Moon,1341.0,10455.0,False,Loftykonuk,757,2025-12-18 11:07:13,https://raider.io/characters/eu/silvermoon/loftykonuk,https://worldofwarcraft.blizzard.com/en-gb/character/eu/silvermoon/loftykonuk,https://www.warcraftlogs.com/character/eu/silvermoon/loftykonuk
Verronah,frostmane,80,Paladin,Draenei,New Moon,237.0,2245.0,False,Verronah,152,2026-03-06 04:33:35,https://raider.io/characters/eu/frostmane/verronah,https://worldofwarcraft.blizzard.com/en-gb/character/eu/frostmane/verronah,https://www.warcraftlogs.com/character/eu/frostmane/verronah
Alperin,silvermoon,80,Warrior,Human,Half Moon,1437.0,11370.0,True,Loftykonuk,698,2026-01-03 03:51:47,https://raider.io/characters/eu/silvermoon/alperin,https://worldofwarcraft.blizzard.com/en-gb/character/eu/silvermoon/alperin,https://www.warcraftlogs.com/character/eu/silvermoon/alperin
Loftypanda,silvermoon,80,Monk,Pandaren,Waxing Moon,1426.0,11310.0,True,Loftykonuk,648,2026-01-02 08:19:59,https://raider.io/characters/eu/silvermoon/loftypanda,https://worldofwarcraft.blizzard.com/en-gb/character/eu/silvermoon/loftypanda,https://www.warcraftlogs.com/character/eu/silvermoon/loftypanda
Cindarion,silvermoon,34,Druid,Night Elf,New Moon,780.0,6880.0,False,Cindarion,138,2026-01-11 11:43:15,https://raider.io/characters/eu/silvermoon/cindarion,https://worldofwarcraft.blizzard.com/en-gb/character/eu/silvermoon/cindarion,https://www.warcraftlogs.com/character/eu/silvermoon/cindarion
Mesay,silvermoon,80,Mage,Night Elf,New Moon,1419.0,11435.0,False,Mesay,167,2026-03-07 21:35:08,https://raider.io/characters/eu/silvermoon/mesay,https://worldofwarcraft.blizzard.com/en-gb/character/eu/silvermoon/mesay,https://www.warcraftlogs.com/character/eu/silvermoon/mesay
Simplefurion,chamber-of-aspects,90,Druid,Night Elf,Full Moon,961.0,8455.0,True,Valenthra,237,2026-03-15 19:18:17,https://raider.io/characters/eu/chamber-of-aspects/simplefurion,https://worldofwarcraft.blizzard.com/en-gb/character/eu/chamber-of-aspects/simplefurion,https://www.warcraftlogs.com/character/eu/chamber-of-aspects/simplefurion
Aquahoshino,outland,81,Warlock,,New Moon,2151.0,17820.0,True,Sungjinwóo,103,2026-03-07 18:54:38,https://raider.io/characters/eu/outland/aquahoshino,https://worldofwarcraft.blizzard.com/en-gb/character/eu/outland/aquahoshino,https://www.warcraftlogs.com/character/eu/outland/aquahoshino
Cagallyx,arathor,80,Demon Hunter,Night Elf,Full Moon,2685.0,22495.0,True,Alexsonny,120,2026-02-14 14:05:01,https://raider.io/characters/eu/arathor/cagallyx,https://worldofwarcraft.blizzard.com/en-gb/character/eu/arathor/cagallyx,https://www.warcraftlogs.com/character/eu/arathor/cagallyx
Cagallyz,arathor,80,Death Knight,Human,Full Moon,2717.0,22825.0,True,Alexsonny,124,2026-02-25 16:39:09,https://raider.io/characters/eu/arathor/cagallyz,https://worldofwarcraft.blizzard.com/en-gb/character/eu/arathor/cagallyz,https://www.warcraftlogs.com/character/eu/arathor/cagallyz
Alexissonny,arathor,80,Warlock,Void Elf,Full Moon,2684.0,22525.0,True,Alexsonny,116,2026-02-05 16:05:31,https://raider.io/characters/eu/arathor/alexissonny,https://worldofwarcraft.blizzard.com/en-gb/character/eu/arathor/alexissonny,https://www.warcraftlogs.com/character/eu/arathor/alexissonny
Alexiasonny,arathor,90,Shaman,Draenei,Full Moon,2773.0,23270.0,True,Alexsonny,216,2026-03-14 12:59:57,https://raider.io/characters/eu/arathor/alexiasonny,https://worldofwarcraft.blizzard.com/en-gb/character/eu/arathor/alexiasonny,https://www.warcraftlogs.com/character/eu/arathor/alexiasonny
Eviform,sylvanas,84,Druid,Night Elf,New Moon,2459.0,20020.0,True,Eviblaze,124,2026-03-13 22:04:36,https://raider.io/characters/eu/sylvanas/eviform,https://worldofwarcraft.blizzard.com/en-gb/character/eu/sylvanas/eviform,https://www.warcraftlogs.com/character/eu/sylvanas/eviform
Evì,sylvanas,84,Rogue,Dwarf,New Moon,2462.0,20045.0,True,Eviblaze,143,2026-03-15 23:13:07,https://raider.io/characters/eu/sylvanas/evì,https://worldofwarcraft.blizzard.com/en-gb/character/eu/sylvanas/evì,https://www.warcraftlogs.com/character/eu/sylvanas/evì
Alexiastory,arathor,90,Monk,Human,Full Moon,2773.0,23270.0,True,Alexsonny,219,2026-03-14 12:55:55,https://raider.io/characters/eu/arathor/alexiastory,https://worldofwarcraft.blizzard.com/en-gb/character/eu/arathor/alexiastory,https://www.warcraftlogs.com/character/eu/arathor/alexiastory
Eviwrath,sylvanas,80,Paladin,Human,Half Moon,2406.0,19590.0,True,Eviblaze,138,2026-03-02 20:21:17,https://raider.io/characters/eu/sylvanas/eviwrath,https://worldofwarcraft.blizzard.com/en-gb/character/eu/sylvanas/eviwrath,https://www.warcraftlogs.com/character/eu/sylvanas/eviwrath
Hazl,balnazzar,83,Warrior,Human,Full Moon,930.0,8140.0,False,Hazl,134,2026-03-06 20:57:19,https://raider.io/characters/eu/balnazzar/hazl,https://worldofwarcraft.blizzard.com/en-gb/character/eu/balnazzar/hazl,https://www.warcraftlogs.com/character/eu/balnazzar/hazl
Døts,hellfire,80,Warlock,Void Elf,Half Moon,2838.0,21530.0,False,Døts,142,2026-03-03 19:08:22,https://raider.io/characters/eu/hellfire/døts,https://worldofwarcraft.blizzard.com/en-gb/character/eu/hellfire/døts,https://www.warcraftlogs.com/character/eu/hellfire/døts
Flærry,hellfire,80,Warrior,Earthen,Half Moon,2838.0,21530.0,True,Døts,106,2026-03-03 19:19:15,https://raider.io/characters/eu/hellfire/flærry,https://worldofwarcraft.blizzard.com/en-gb/character/eu/hellfire/flærry,https://www.warcraftlogs.com/character/eu/hellfire/flærry
Shinnyguy,sylvanas,80,Paladin,Blood Elf,Half Moon,3702.0,30250.0,True,Troopp,102,2026-02-21 17:25:51,https://raider.io/characters/eu/sylvanas/shinnyguy,https://worldofwarcraft.blizzard.com/en-gb/character/eu/sylvanas/shinnyguy,https://www.warcraftlogs.com/character/eu/sylvanas/shinnyguy
Spánktank,auchindoun,90,Demon Hunter,Void Elf,Full Moon,1670.0,14415.0,False,Spánktank,185,2026-03-15 23:01:26,https://raider.io/characters/eu/auchindoun/spánktank,https://worldofwarcraft.blizzard.com/en-gb/character/eu/auchindoun/spánktank,https://www.warcraftlogs.com/character/eu/auchindoun/spánktank
Froglady,darkspear,86,Shaman,Draenei,Full Moon,1299.0,10850.0,True,Froglover,162,2026-03-15 21:00:58,https://raider.io/characters/eu/darkspear/froglady,https://worldofwarcraft.blizzard.com/en-gb/character/eu/darkspear/froglady,https://www.warcraftlogs.com/character/eu/darkspear/froglady
Vaelorian,darkspear,88,Demon Hunter,Void Elf,Half Moon,2270.0,18760.0,False,Vaelorian,178,2026-03-16 01:28:24,https://raider.io/characters/eu/darkspear/vaelorian,https://worldofwarcraft.blizzard.com/en-gb/character/eu/darkspear/vaelorian,https://www.warcraftlogs.com/character/eu/darkspear/vaelorian
Parabatai,darkspear,82,Hunter,Night Elf,New Moon,3585.0,29305.0,True,Doragon,134,2026-03-14 16:13:28,https://raider.io/characters/eu/darkspear/parabatai,https://worldofwarcraft.blizzard.com/en-gb/character/eu/darkspear/parabatai,https://www.warcraftlogs.com/character/eu/darkspear/parabatai
Dooms,terokkar,83,Priest,Human,Half Moon,953.0,7885.0,False,Dooms,125,2026-03-16 00:54:51,https://raider.io/characters/eu/terokkar/dooms,https://worldofwarcraft.blizzard.com/en-gb/character/eu/terokkar/dooms,https://www.warcraftlogs.com/character/eu/terokkar/dooms
Hibisham,terokkar,90,Shaman,Dark Iron Dwarf,Half Moon,2005.0,18480.0,False,Hibisham,213,2026-03-16 01:12:13,https://raider.io/characters/eu/terokkar/hibisham,https://worldofwarcraft.blizzard.com/en-gb/character/eu/terokkar/hibisham,https://www.warcraftlogs.com/character/eu/terokkar/hibisham
Dwzed,terokkar,82,Druid,Night Elf,New Moon,1368.0,11900.0,False,Dwzed,118,2026-03-14 14:36:07,https://raider.io/characters/eu/terokkar/dwzed,https://worldofwarcraft.blizzard.com/en-gb/character/eu/terokkar/dwzed,https://www.warcraftlogs.com/character/eu/terokkar/dwzed
Chan,shattered-hand,90,Monk,Night Elf,New Moon,365.0,3535.0,False,Chan,191,2026-03-16 02:51:09,https://raider.io/characters/eu/shattered-hand/chan,https://worldofwarcraft.blizzard.com/en-gb/character/eu/shattered-hand/chan,https://www.warcraftlogs.com/character/eu/shattered-hand/chan
Aná,terokkar,90,Rogue,Gnome,New Moon,1934.0,18060.0,False,Aná,194,2026-03-15 18:47:05,https://raider.io/characters/eu/terokkar/aná,https://worldofwarcraft.blizzard.com/en-gb/character/eu/terokkar/aná,https://www.warcraftlogs.com/character/eu/terokkar/aná
Warghas,darkspear,80,Warrior,Worgen,New Moon,1651.0,14200.0,True,Hamboy,100,2026-03-16 13:04:56,https://raider.io/characters/eu/darkspear/warghas,https://worldofwarcraft.blizzard.com/en-gb/character/eu/darkspear/warghas,https://www.warcraftlogs.com/character/eu/darkspear/warghas
Lücie,terokkar,85,Druid,Night Elf,Half Moon,981.0,8420.0,False,Lücie,150,2026-03-15 23:08:32,https://raider.io/characters/eu/terokkar/lücie,https://worldofwarcraft.blizzard.com/en-gb/character/eu/terokkar/lücie,https://www.warcraftlogs.com/character/eu/terokkar/lücie
Foster,darkspear,84,Shaman,Dark Iron Dwarf,Waxing Moon,1896.0,16565.0,False,Foster,146,2026-03-14 16:00:25,https://raider.io/characters/eu/darkspear/foster,https://worldofwarcraft.blizzard.com/en-gb/character/eu/darkspear/foster,https://www.warcraftlogs.com/character/eu/darkspear/foster
Ranier,executus,90,Warrior,Human,Waxing Moon,1345.0,10000.0,False,Ranier,218,2026-03-15 23:22:05,https://raider.io/characters/eu/executus/ranier,https://worldofwarcraft.blizzard.com/en-gb/character/eu/executus/ranier,https://www.warcraftlogs.com/character/eu/executus/ranier
Nemeyeth,saurfang,83,Druid,Night Elf,New Moon,4983.0,40350.0,True,Ceyro,149,2026-03-14 16:03:43,https://raider.io/characters/eu/saurfang/nemeyeth,https://worldofwarcraft.blizzard.com/en-gb/character/eu/saurfang/nemeyeth,https://www.warcraftlogs.com/character/eu/saurfang/nemeyeth
Mechman,darkspear,36,Mage,Mechagnome,Half Moon,545.0,4550.0,True,Drienella,19,2026-03-14 19:55:48,https://raider.io/characters/eu/darkspear/mechman,https://worldofwarcraft.blizzard.com/en-gb/character/eu/darkspear/mechman,https://www.warcraftlogs.com/character/eu/darkspear/mechman
Tekkart,darkspear,80,Priest,Human,New Moon,1444.0,12380.0,False,Tekkart,93,2026-03-14 17:33:23,https://raider.io/characters/eu/darkspear/tekkart,https://worldofwarcraft.blizzard.com/en-gb/character/eu/darkspear/tekkart,https://www.warcraftlogs.com/character/eu/darkspear/tekkart
Tayosah,darkspear,81,Demon Hunter,Night Elf,New Moon,1503.0,12415.0,False,Tayosah,112,2026-03-15 09:47:03,https://raider.io/characters/eu/darkspear/tayosah,https://worldofwarcraft.blizzard.com/en-gb/character/eu/darkspear/tayosah,https://www.warcraftlogs.com/character/eu/darkspear/tayosah
Ramprry,burning-steppes,87,Druid,Worgen,New Moon,1178.0,11270.0,True,Ramppo,166,2026-03-16 03:59:39,https://raider.io/characters/eu/burning-steppes/ramprry,https://worldofwarcraft.blizzard.com/en-gb/character/eu/burning-steppes/ramprry,https://www.warcraftlogs.com/character/eu/burning-steppes/ramprry
Gróin,darkspear,85,Warrior,Human,New Moon,1353.0,12355.0,False,Gróin,153,2026-03-15 23:23:14,https://raider.io/characters/eu/darkspear/gróin,https://worldofwarcraft.blizzard.com/en-gb/character/eu/darkspear/gróin,https://www.warcraftlogs.com/character/eu/darkspear/gróin
Arísu,darkspear,82,Monk,Void Elf,Half Moon,3590.0,29325.0,True,Doragon,126,2026-03-15 22:06:46,https://raider.io/characters/eu/darkspear/arísu,https://worldofwarcraft.blizzard.com/en-gb/character/eu/darkspear/arísu,https://www.warcraftlogs.com/character/eu/darkspear/arísu
Diablô,darkspear,73,Paladin,Human,New Moon,1324.0,12130.0,False,Diablô,65,2026-03-15 15:18:05,https://raider.io/characters/eu/darkspear/diablô,https://worldofwarcraft.blizzard.com/en-gb/character/eu/darkspear/diablô,https://www.warcraftlogs.com/character/eu/darkspear/diablô
Naraye,bloodfeather,81,Rogue,Void Elf,New Moon,515.0,4560.0,True,Galgatur,103,2026-03-15 22:23:53,https://raider.io/characters/eu/bloodfeather/naraye,https://worldofwarcraft.blizzard.com/en-gb/character/eu/bloodfeather/naraye,https://www.warcraftlogs.com/character/eu/bloodfeather/naraye
Kyns,terokkar,86,Shaman,Draenei,New Moon,2185.0,18515.0,False,Kyns,147,2026-03-15 22:48:50,https://raider.io/characters/eu/terokkar/kyns,https://worldofwarcraft.blizzard.com/en-gb/character/eu/terokkar/kyns,https://www.warcraftlogs.com/character/eu/terokkar/kyns
Novelyn,terokkar,90,Druid,,Full Moon,3562.0,30440.0,False,Novelyn,228,2026-03-16 13:10:47,https://raider.io/characters/eu/terokkar/novelyn,https://worldofwarcraft.blizzard.com/en-gb/character/eu/terokkar/novelyn,https://www.warcraftlogs.com/character/eu/terokkar/novelyn
Izkelia,terokkar,60,Hunter,,New Moon,1509.0,12400.0,False,Izkelia,55,2026-03-16 14:28:52,https://raider.io/characters/eu/terokkar/izkelia,https://worldofwarcraft.blizzard.com/en-gb/character/eu/terokkar/izkelia,https://www.warcraftlogs.com/character/eu/terokkar/izkelia
Whysyo,terokkar,88,Warlock,Void Elf,Waxing Moon,3180.0,26645.0,False,Whysyo,179,2026-03-15 20:30:14,https://raider.io/characters/eu/terokkar/whysyo,https://worldofwarcraft.blizzard.com/en-gb/character/eu/terokkar/whysyo,https://www.warcraftlogs.com/character/eu/terokkar/whysyo
Kreiniz,executus,82,Mage,Human,Half Moon,1673.0,14730.0,False,Kreiniz,126,2026-03-16 07:55:12,https://raider.io/characters/eu/executus/kreiniz,https://worldofwarcraft.blizzard.com/en-gb/character/eu/executus/kreiniz,https://www.warcraftlogs.com/character/eu/executus/kreiniz
Zyra,darkspear,87,Rogue,Void Elf,New Moon,1248.0,10320.0,False,Zyra,166,2026-03-15 23:35:18,https://raider.io/characters/eu/darkspear/zyra,https://worldofwarcraft.blizzard.com/en-gb/character/eu/darkspear/zyra,https://www.warcraftlogs.com/character/eu/darkspear/zyra
Arwin,executus,90,Druid,Night Elf,New Moon,1495.0,12310.0,False,Arwin,225,2026-03-16 10:10:34,https://raider.io/characters/eu/executus/arwin,https://worldofwarcraft.blizzard.com/en-gb/character/eu/executus/arwin,https://www.warcraftlogs.com/character/eu/executus/arwin
Nocticula,terokkar,90,Demon Hunter,Night Elf,Half Moon,2271.0,19425.0,False,Nocticula,221,2026-03-15 22:21:32,https://raider.io/characters/eu/terokkar/nocticula,https://worldofwarcraft.blizzard.com/en-gb/character/eu/terokkar/nocticula,https://www.warcraftlogs.com/character/eu/terokkar/nocticula
Morrpheus,darkspear,87,Paladin,Human,New Moon,831.0,7475.0,True,Menethill,157,2026-03-15 19:03:22,https://raider.io/characters/eu/darkspear/morrpheus,https://worldofwarcraft.blizzard.com/en-gb/character/eu/darkspear/morrpheus,https://www.warcraftlogs.com/character/eu/darkspear/morrpheus
Jossei,executus,20,Shaman,Earthen,New Moon,1673.0,14730.0,True,Kreiniz,18,2026-03-15 00:52:46,https://raider.io/characters/eu/executus/jossei,https://worldofwarcraft.blizzard.com/en-gb/character/eu/executus/jossei,https://www.warcraftlogs.com/character/eu/executus/jossei
Somnys,darkspear,24,Druid,Night Elf,New Moon,676.0,6580.0,True,Malerica,18,2026-03-16 11:10:18,https://raider.io/characters/eu/darkspear/somnys,https://worldofwarcraft.blizzard.com/en-gb/character/eu/darkspear/somnys,https://www.warcraftlogs.com/character/eu/darkspear/somnys
Minkin,terokkar,86,Monk,Human,New Moon,1049.0,8830.0,False,Minkin,173,2026-03-16 13:56:59,https://raider.io/characters/eu/terokkar/minkin,https://worldofwarcraft.blizzard.com/en-gb/character/eu/terokkar/minkin,https://www.warcraftlogs.com/character/eu/terokkar/minkin
Violetwhite,defias-brotherhood,90,Mage,Void Elf,Full Moon,3890.0,32045.0,True,Rosestormrag,205,2026-03-15 23:54:03,https://raider.io/characters/eu/defias-brotherhood/violetwhite,https://worldofwarcraft.blizzard.com/en-gb/character/eu/defias-brotherhood/violetwhite,https://www.warcraftlogs.com/character/eu/defias-brotherhood/violetwhite
Unwanted,korgall,90,Druid,Night Elf,New Moon,2167.0,18820.0,True,Hotmezz,170,2026-03-16 04:11:53,https://raider.io/characters/eu/korgall/unwanted,https://worldofwarcraft.blizzard.com/en-gb/character/eu/korgall/unwanted,https://www.warcraftlogs.com/character/eu/korgall/unwanted
Aegohn,argent-dawn,90,Paladin,Human,New Moon,1496.0,12310.0,True,Arwin,239,2026-03-16 11:09:58,https://raider.io/characters/eu/argent-dawn/aegohn,https://worldofwarcraft.blizzard.com/en-gb/character/eu/argent-dawn/aegohn,https://www.warcraftlogs.com/character/eu/argent-dawn/aegohn
Bluealien,nordrassil,80,Paladin,Draenei,New Moon,588.0,5550.0,True,Varrocks,102,2026-03-15 22:03:30,https://raider.io/characters/eu/nordrassil/bluealien,https://worldofwarcraft.blizzard.com/en-gb/character/eu/nordrassil/bluealien,https://www.warcraftlogs.com/character/eu/nordrassil/bluealien
Abcd,saurfang,83,Monk,Worgen,New Moon,2425.0,20160.0,True,Twiztednipz,123,2026-03-15 23:32:33,https://raider.io/characters/eu/saurfang/abcd,https://worldofwarcraft.blizzard.com/en-gb/character/eu/saurfang/abcd,https://www.warcraftlogs.com/character/eu/saurfang/abcd
Deathyjer,darkspear,21,Death Knight,Human,New Moon,1874.0,16870.0,True,Ecologicjer,13,2026-03-16 01:42:55,https://raider.io/characters/eu/darkspear/deathyjer,https://worldofwarcraft.blizzard.com/en-gb/character/eu/darkspear/deathyjer,https://www.warcraftlogs.com/character/eu/darkspear/deathyjer
Falset,silvermoon,90,Priest,Night Elf,New Moon,3606.0,28750.0,False,Falset,231,2026-03-16 04:01:49,https://raider.io/characters/eu/silvermoon/falset,https://worldofwarcraft.blizzard.com/en-gb/character/eu/silvermoon/falset,https://www.warcraftlogs.com/character/eu/silvermoon/falset
Juren,executus,80,Paladin,Human,New Moon,1673.0,14730.0,True,Kreiniz,110,2026-03-16 08:21:56,https://raider.io/characters/eu/executus/juren,https://worldofwarcraft.blizzard.com/en-gb/character/eu/executus/juren,https://www.warcraftlogs.com/character/eu/executus/juren
