id,name,rio_link,armory_link,warcraft_logs_link
411972,Hellgnome,https://raider.io/characters/eu/grim-batol/hellgnome,https://worldofwarcraft.blizzard.com/en-gb/character/eu/grim-batol/hellgnome,https://www.warcraftlogs.com/character/eu/grim-batol/hellgnome
881626,Trix,https://raider.io/characters/eu/korgall/trix,https://worldofwarcraft.blizzard.com/en-gb/character/eu/korgall/trix,https://www.warcraftlogs.com/character/eu/korgall/trix
34321071,Endar,https://raider.io/characters/eu/drakthul/endar,https://worldofwarcraft.blizzard.com/en-gb/character/eu/drakthul/endar,https://www.warcraftlogs.com/character/eu/drakthul/endar
66053163,Saeko,https://raider.io/characters/eu/hellscream/saeko,https://worldofwarcraft.blizzard.com/en-gb/character/eu/hellscream/saeko,https://www.warcraftlogs.com/character/eu/hellscream/saeko
74897026,Hotmezz,https://raider.io/characters/eu/korgall/hotmezz,https://worldofwarcraft.blizzard.com/en-gb/character/eu/korgall/hotmezz,https://www.warcraftlogs.com/character/eu/korgall/hotmezz
80641023,Gritty,https://raider.io/characters/eu/haomarush/gritty,https://worldofwarcraft.blizzard.com/en-gb/character/eu/haomarush/gritty,https://www.warcraftlogs.com/character/eu/haomarush/gritty
83940663,Aztella,https://raider.io/characters/eu/bloodscalp/aztella,https://worldofwarcraft.blizzard.com/en-gb/character/eu/bloodscalp/aztella,https://www.warcraftlogs.com/character/eu/bloodscalp/aztella
85508890,Lookatmebaby,https://raider.io/characters/eu/burning-steppes/lookatmebaby,https://worldofwarcraft.blizzard.com/en-gb/character/eu/burning-steppes/lookatmebaby,https://www.warcraftlogs.com/character/eu/burning-steppes/lookatmebaby
85639235,Kwagga,https://raider.io/characters/eu/burning-steppes/kwagga,https://worldofwarcraft.blizzard.com/en-gb/character/eu/burning-steppes/kwagga,https://www.warcraftlogs.com/character/eu/burning-steppes/kwagga
85870907,Elgaros,https://raider.io/characters/eu/burning-steppes/elgaros,https://worldofwarcraft.blizzard.com/en-gb/character/eu/burning-steppes/elgaros,https://www.warcraftlogs.com/character/eu/burning-steppes/elgaros
87675764,Rusuu,https://raider.io/characters/eu/executus/rusuu,https://worldofwarcraft.blizzard.com/en-gb/character/eu/executus/rusuu,https://www.warcraftlogs.com/character/eu/executus/rusuu
88214463,Coldwarz,https://raider.io/characters/eu/executus/coldwarz,https://worldofwarcraft.blizzard.com/en-gb/character/eu/executus/coldwarz,https://www.warcraftlogs.com/character/eu/executus/coldwarz
98166633,Boychefkok,https://raider.io/characters/eu/bloodfeather/boychefkok,https://worldofwarcraft.blizzard.com/en-gb/character/eu/bloodfeather/boychefkok,https://www.warcraftlogs.com/character/eu/bloodfeather/boychefkok
98377281,Fetalouda,https://raider.io/characters/eu/bloodfeather/fetalouda,https://worldofwarcraft.blizzard.com/en-gb/character/eu/bloodfeather/fetalouda,https://www.warcraftlogs.com/character/eu/bloodfeather/fetalouda
101432743,Mistapeepee,https://raider.io/characters/eu/draenor/mistapeepee,https://worldofwarcraft.blizzard.com/en-gb/character/eu/draenor/mistapeepee,https://www.warcraftlogs.com/character/eu/draenor/mistapeepee
101911674,Lowtide,https://raider.io/characters/eu/korgall/lowtide,https://worldofwarcraft.blizzard.com/en-gb/character/eu/korgall/lowtide,https://www.warcraftlogs.com/character/eu/korgall/lowtide
103934172,Didan,https://raider.io/characters/eu/veknilash/didan,https://worldofwarcraft.blizzard.com/en-gb/character/eu/veknilash/didan,https://www.warcraftlogs.com/character/eu/veknilash/didan
104274165,Béarpró,https://raider.io/characters/eu/shattered-hand/béarpró,https://worldofwarcraft.blizzard.com/en-gb/character/eu/shattered-hand/béarpró,https://www.warcraftlogs.com/character/eu/shattered-hand/béarpró
104280042,Màssive,https://raider.io/characters/eu/shattered-hand/màssive,https://worldofwarcraft.blizzard.com/en-gb/character/eu/shattered-hand/màssive,https://www.warcraftlogs.com/character/eu/shattered-hand/màssive
106811434,Tosee,https://raider.io/characters/eu/garrosh/tosee,https://worldofwarcraft.blizzard.com/en-gb/character/eu/garrosh/tosee,https://www.warcraftlogs.com/character/eu/garrosh/tosee
108951408,Iddybiddy,https://raider.io/characters/eu/quelthalas/iddybiddy,https://worldofwarcraft.blizzard.com/en-gb/character/eu/quelthalas/iddybiddy,https://www.warcraftlogs.com/character/eu/quelthalas/iddybiddy
109102427,Shíftii,https://raider.io/characters/eu/quelthalas/shíftii,https://worldofwarcraft.blizzard.com/en-gb/character/eu/quelthalas/shíftii,https://www.warcraftlogs.com/character/eu/quelthalas/shíftii
111110985,Hanana,https://raider.io/characters/eu/bloodfeather/hanana,https://worldofwarcraft.blizzard.com/en-gb/character/eu/bloodfeather/hanana,https://www.warcraftlogs.com/character/eu/bloodfeather/hanana
116683021,Castorel,https://raider.io/characters/eu/magtheridon/castorel,https://worldofwarcraft.blizzard.com/en-gb/character/eu/magtheridon/castorel,https://www.warcraftlogs.com/character/eu/magtheridon/castorel
116708097,Nonea,https://raider.io/characters/eu/aszune/nonea,https://worldofwarcraft.blizzard.com/en-gb/character/eu/aszune/nonea,https://www.warcraftlogs.com/character/eu/aszune/nonea
119545429,Lafavele,https://raider.io/characters/eu/burning-legion/lafavele,https://worldofwarcraft.blizzard.com/en-gb/character/eu/burning-legion/lafavele,https://www.warcraftlogs.com/character/eu/burning-legion/lafavele
121792480,Bettybones,https://raider.io/characters/eu/ravencrest/bettybones,https://worldofwarcraft.blizzard.com/en-gb/character/eu/ravencrest/bettybones,https://www.warcraftlogs.com/character/eu/ravencrest/bettybones
124241260,Visilya,https://raider.io/characters/eu/draenor/visilya,https://worldofwarcraft.blizzard.com/en-gb/character/eu/draenor/visilya,https://www.warcraftlogs.com/character/eu/draenor/visilya
128452530,Kafál,https://raider.io/characters/eu/steamwheedle-cartel/kafál,https://worldofwarcraft.blizzard.com/en-gb/character/eu/steamwheedle-cartel/kafál,https://www.warcraftlogs.com/character/eu/steamwheedle-cartel/kafál
130460081,Gildarion,https://raider.io/characters/eu/burning-steppes/gildarion,https://worldofwarcraft.blizzard.com/en-gb/character/eu/burning-steppes/gildarion,https://www.warcraftlogs.com/character/eu/burning-steppes/gildarion
130930399,Kazeshíní,https://raider.io/characters/eu/moonglade/kazeshíní,https://worldofwarcraft.blizzard.com/en-gb/character/eu/moonglade/kazeshíní,https://www.warcraftlogs.com/character/eu/moonglade/kazeshíní
131695314,Spazzingout,https://raider.io/characters/eu/moonglade/spazzingout,https://worldofwarcraft.blizzard.com/en-gb/character/eu/moonglade/spazzingout,https://www.warcraftlogs.com/character/eu/moonglade/spazzingout
133004620,Kanters,https://raider.io/characters/eu/moonglade/kanters,https://worldofwarcraft.blizzard.com/en-gb/character/eu/moonglade/kanters,https://www.warcraftlogs.com/character/eu/moonglade/kanters
133011836,Nilvek,https://raider.io/characters/eu/moonglade/nilvek,https://worldofwarcraft.blizzard.com/en-gb/character/eu/moonglade/nilvek,https://www.warcraftlogs.com/character/eu/moonglade/nilvek
133088290,Vados,https://raider.io/characters/eu/moonglade/vados,https://worldofwarcraft.blizzard.com/en-gb/character/eu/moonglade/vados,https://www.warcraftlogs.com/character/eu/moonglade/vados
133423620,Obscurity,https://raider.io/characters/eu/burning-steppes/obscurity,https://worldofwarcraft.blizzard.com/en-gb/character/eu/burning-steppes/obscurity,https://www.warcraftlogs.com/character/eu/burning-steppes/obscurity
133769874,Xenomatter,https://raider.io/characters/eu/burning-steppes/xenomatter,https://worldofwarcraft.blizzard.com/en-gb/character/eu/burning-steppes/xenomatter,https://www.warcraftlogs.com/character/eu/burning-steppes/xenomatter
134781063,Bouchon,https://raider.io/characters/eu/stormreaver/bouchon,https://worldofwarcraft.blizzard.com/en-gb/character/eu/stormreaver/bouchon,https://www.warcraftlogs.com/character/eu/stormreaver/bouchon
137825129,Lafvel,https://raider.io/characters/eu/burning-legion/lafvel,https://worldofwarcraft.blizzard.com/en-gb/character/eu/burning-legion/lafvel,https://www.warcraftlogs.com/character/eu/burning-legion/lafvel
137892595,Demonalpha,https://raider.io/characters/eu/korgall/demonalpha,https://worldofwarcraft.blizzard.com/en-gb/character/eu/korgall/demonalpha,https://www.warcraftlogs.com/character/eu/korgall/demonalpha
137900301,Rosestormrag,https://raider.io/characters/eu/korgall/rosestormrag,https://worldofwarcraft.blizzard.com/en-gb/character/eu/korgall/rosestormrag,https://www.warcraftlogs.com/character/eu/korgall/rosestormrag
138173887,Aression,https://raider.io/characters/eu/burning-steppes/aression,https://worldofwarcraft.blizzard.com/en-gb/character/eu/burning-steppes/aression,https://www.warcraftlogs.com/character/eu/burning-steppes/aression
142613532,Shopaholly,https://raider.io/characters/eu/silvermoon/shopaholly,https://worldofwarcraft.blizzard.com/en-gb/character/eu/silvermoon/shopaholly,https://www.warcraftlogs.com/character/eu/silvermoon/shopaholly
144107654,Ashadori,https://raider.io/characters/eu/moonglade/ashadori,https://worldofwarcraft.blizzard.com/en-gb/character/eu/moonglade/ashadori,https://www.warcraftlogs.com/character/eu/moonglade/ashadori
145132172,Troopp,https://raider.io/characters/eu/moonglade/troopp,https://worldofwarcraft.blizzard.com/en-gb/character/eu/moonglade/troopp,https://www.warcraftlogs.com/character/eu/moonglade/troopp
147047862,Rhoned,https://raider.io/characters/eu/moonglade/rhoned,https://worldofwarcraft.blizzard.com/en-gb/character/eu/moonglade/rhoned,https://www.warcraftlogs.com/character/eu/moonglade/rhoned
149691896,Redtubeme,https://raider.io/characters/eu/executus/redtubeme,https://worldofwarcraft.blizzard.com/en-gb/character/eu/executus/redtubeme,https://www.warcraftlogs.com/character/eu/executus/redtubeme
153654841,Ghin,https://raider.io/characters/eu/moonglade/ghin,https://worldofwarcraft.blizzard.com/en-gb/character/eu/moonglade/ghin,https://www.warcraftlogs.com/character/eu/moonglade/ghin
157854219,Anastari,https://raider.io/characters/eu/moonglade/anastari,https://worldofwarcraft.blizzard.com/en-gb/character/eu/moonglade/anastari,https://www.warcraftlogs.com/character/eu/moonglade/anastari
159812082,Shado,https://raider.io/characters/eu/burning-steppes/shado,https://worldofwarcraft.blizzard.com/en-gb/character/eu/burning-steppes/shado,https://www.warcraftlogs.com/character/eu/burning-steppes/shado
161166041,Aiyone,https://raider.io/characters/eu/steamwheedle-cartel/aiyone,https://worldofwarcraft.blizzard.com/en-gb/character/eu/steamwheedle-cartel/aiyone,https://www.warcraftlogs.com/character/eu/steamwheedle-cartel/aiyone
161430909,Lorrax,https://raider.io/characters/eu/ragnaros/lorrax,https://worldofwarcraft.blizzard.com/en-gb/character/eu/ragnaros/lorrax,https://www.warcraftlogs.com/character/eu/ragnaros/lorrax
163707722,Bullshotta,https://raider.io/characters/eu/stormscale/bullshotta,https://worldofwarcraft.blizzard.com/en-gb/character/eu/stormscale/bullshotta,https://www.warcraftlogs.com/character/eu/stormscale/bullshotta
163759599,Otius,https://raider.io/characters/eu/ravencrest/otius,https://worldofwarcraft.blizzard.com/en-gb/character/eu/ravencrest/otius,https://www.warcraftlogs.com/character/eu/ravencrest/otius
164888221,Swaxx,https://raider.io/characters/eu/ravencrest/swaxx,https://worldofwarcraft.blizzard.com/en-gb/character/eu/ravencrest/swaxx,https://www.warcraftlogs.com/character/eu/ravencrest/swaxx
165101607,Zbancioc,https://raider.io/characters/eu/ravencrest/zbancioc,https://worldofwarcraft.blizzard.com/en-gb/character/eu/ravencrest/zbancioc,https://www.warcraftlogs.com/character/eu/ravencrest/zbancioc
166198316,Beastmastery,https://raider.io/characters/eu/moonglade/beastmastery,https://worldofwarcraft.blizzard.com/en-gb/character/eu/moonglade/beastmastery,https://www.warcraftlogs.com/character/eu/moonglade/beastmastery
168362156,Botiss,https://raider.io/characters/eu/ravencrest/botiss,https://worldofwarcraft.blizzard.com/en-gb/character/eu/ravencrest/botiss,https://www.warcraftlogs.com/character/eu/ravencrest/botiss
168369145,Cealla,https://raider.io/characters/eu/ravencrest/cealla,https://worldofwarcraft.blizzard.com/en-gb/character/eu/ravencrest/cealla,https://www.warcraftlogs.com/character/eu/ravencrest/cealla
168495036,Ironshots,https://raider.io/characters/eu/ravencrest/ironshots,https://worldofwarcraft.blizzard.com/en-gb/character/eu/ravencrest/ironshots,https://www.warcraftlogs.com/character/eu/ravencrest/ironshots
168503783,Ashantho,https://raider.io/characters/eu/ravencrest/ashantho,https://worldofwarcraft.blizzard.com/en-gb/character/eu/ravencrest/ashantho,https://www.warcraftlogs.com/character/eu/ravencrest/ashantho
168655429,Kynjare,https://raider.io/characters/eu/ravencrest/kynjare,https://worldofwarcraft.blizzard.com/en-gb/character/eu/ravencrest/kynjare,https://www.warcraftlogs.com/character/eu/ravencrest/kynjare
168868379,Ganashi,https://raider.io/characters/eu/ravencrest/ganashi,https://worldofwarcraft.blizzard.com/en-gb/character/eu/ravencrest/ganashi,https://www.warcraftlogs.com/character/eu/ravencrest/ganashi
169084278,Astralchick,https://raider.io/characters/eu/ravencrest/astralchick,https://worldofwarcraft.blizzard.com/en-gb/character/eu/ravencrest/astralchick,https://www.warcraftlogs.com/character/eu/ravencrest/astralchick
169124817,Cabbar,https://raider.io/characters/eu/neptulon/cabbar,https://worldofwarcraft.blizzard.com/en-gb/character/eu/neptulon/cabbar,https://www.warcraftlogs.com/character/eu/neptulon/cabbar
169538718,Balad,https://raider.io/characters/eu/neptulon/balad,https://worldofwarcraft.blizzard.com/en-gb/character/eu/neptulon/balad,https://www.warcraftlogs.com/character/eu/neptulon/balad
170009597,Fragatth,https://raider.io/characters/eu/ravencrest/fragatth,https://worldofwarcraft.blizzard.com/en-gb/character/eu/ravencrest/fragatth,https://www.warcraftlogs.com/character/eu/ravencrest/fragatth
170643172,Baijara,https://raider.io/characters/eu/stormscale/baijara,https://worldofwarcraft.blizzard.com/en-gb/character/eu/stormscale/baijara,https://www.warcraftlogs.com/character/eu/stormscale/baijara
171643269,Recruit,https://raider.io/characters/eu/terokkar/recruit,https://worldofwarcraft.blizzard.com/en-gb/character/eu/terokkar/recruit,https://www.warcraftlogs.com/character/eu/terokkar/recruit
171649236,Lineerune,https://raider.io/characters/eu/saurfang/lineerune,https://worldofwarcraft.blizzard.com/en-gb/character/eu/saurfang/lineerune,https://www.warcraftlogs.com/character/eu/saurfang/lineerune
171673505,Treasagreen,https://raider.io/characters/eu/terokkar/treasagreen,https://worldofwarcraft.blizzard.com/en-gb/character/eu/terokkar/treasagreen,https://www.warcraftlogs.com/character/eu/terokkar/treasagreen
171699675,Temdral,https://raider.io/characters/eu/terokkar/temdral,https://worldofwarcraft.blizzard.com/en-gb/character/eu/terokkar/temdral,https://www.warcraftlogs.com/character/eu/terokkar/temdral
171712547,Véngence,https://raider.io/characters/eu/darkspear/véngence,https://worldofwarcraft.blizzard.com/en-gb/character/eu/darkspear/véngence,https://www.warcraftlogs.com/character/eu/darkspear/véngence
171718537,Uryu,https://raider.io/characters/eu/darkspear/uryu,https://worldofwarcraft.blizzard.com/en-gb/character/eu/darkspear/uryu,https://www.warcraftlogs.com/character/eu/darkspear/uryu
171722947,Elgladiator,https://raider.io/characters/eu/saurfang/elgladiator,https://worldofwarcraft.blizzard.com/en-gb/character/eu/saurfang/elgladiator,https://www.warcraftlogs.com/character/eu/saurfang/elgladiator
171732059,Theblueguy,https://raider.io/characters/eu/terokkar/theblueguy,https://worldofwarcraft.blizzard.com/en-gb/character/eu/terokkar/theblueguy,https://www.warcraftlogs.com/character/eu/terokkar/theblueguy
171739112,Bobblez,https://raider.io/characters/eu/darkspear/bobblez,https://worldofwarcraft.blizzard.com/en-gb/character/eu/darkspear/bobblez,https://www.warcraftlogs.com/character/eu/darkspear/bobblez
171749325,Rhainecloud,https://raider.io/characters/eu/saurfang/rhainecloud,https://worldofwarcraft.blizzard.com/en-gb/character/eu/saurfang/rhainecloud,https://www.warcraftlogs.com/character/eu/saurfang/rhainecloud
171761485,Diztruction,https://raider.io/characters/eu/saurfang/diztruction,https://worldofwarcraft.blizzard.com/en-gb/character/eu/saurfang/diztruction,https://www.warcraftlogs.com/character/eu/saurfang/diztruction
171768546,Guenevéré,https://raider.io/characters/eu/darkspear/guenevéré,https://worldofwarcraft.blizzard.com/en-gb/character/eu/darkspear/guenevéré,https://www.warcraftlogs.com/character/eu/darkspear/guenevéré
171768638,Thogros,https://raider.io/characters/eu/darkspear/thogros,https://worldofwarcraft.blizzard.com/en-gb/character/eu/darkspear/thogros,https://www.warcraftlogs.com/character/eu/darkspear/thogros
171770607,Stridér,https://raider.io/characters/eu/terokkar/stridér,https://worldofwarcraft.blizzard.com/en-gb/character/eu/terokkar/stridér,https://www.warcraftlogs.com/character/eu/terokkar/stridér
171774568,Magefist,https://raider.io/characters/eu/saurfang/magefist,https://worldofwarcraft.blizzard.com/en-gb/character/eu/saurfang/magefist,https://www.warcraftlogs.com/character/eu/saurfang/magefist
171780286,Mizzery,https://raider.io/characters/eu/darkspear/mizzery,https://worldofwarcraft.blizzard.com/en-gb/character/eu/darkspear/mizzery,https://www.warcraftlogs.com/character/eu/darkspear/mizzery
171785661,Darkdream,https://raider.io/characters/eu/darkspear/darkdream,https://worldofwarcraft.blizzard.com/en-gb/character/eu/darkspear/darkdream,https://www.warcraftlogs.com/character/eu/darkspear/darkdream
171786761,Krest,https://raider.io/characters/eu/terokkar/krest,https://worldofwarcraft.blizzard.com/en-gb/character/eu/terokkar/krest,https://www.warcraftlogs.com/character/eu/terokkar/krest
171799117,Haamer,https://raider.io/characters/eu/saurfang/haamer,https://worldofwarcraft.blizzard.com/en-gb/character/eu/saurfang/haamer,https://www.warcraftlogs.com/character/eu/saurfang/haamer
171802604,Peetsj,https://raider.io/characters/eu/darkspear/peetsj,https://worldofwarcraft.blizzard.com/en-gb/character/eu/darkspear/peetsj,https://www.warcraftlogs.com/character/eu/darkspear/peetsj
171823123,Zarramon,https://raider.io/characters/eu/saurfang/zarramon,https://worldofwarcraft.blizzard.com/en-gb/character/eu/saurfang/zarramon,https://www.warcraftlogs.com/character/eu/saurfang/zarramon
171823505,Aras,https://raider.io/characters/eu/terokkar/aras,https://worldofwarcraft.blizzard.com/en-gb/character/eu/terokkar/aras,https://www.warcraftlogs.com/character/eu/terokkar/aras
171832831,Nommaz,https://raider.io/characters/eu/terokkar/nommaz,https://worldofwarcraft.blizzard.com/en-gb/character/eu/terokkar/nommaz,https://www.warcraftlogs.com/character/eu/terokkar/nommaz
171840634,Pikkeduvan,https://raider.io/characters/eu/saurfang/pikkeduvan,https://worldofwarcraft.blizzard.com/en-gb/character/eu/saurfang/pikkeduvan,https://www.warcraftlogs.com/character/eu/saurfang/pikkeduvan
171842404,Mireyia,https://raider.io/characters/eu/terokkar/mireyia,https://worldofwarcraft.blizzard.com/en-gb/character/eu/terokkar/mireyia,https://www.warcraftlogs.com/character/eu/terokkar/mireyia
171856030,Ceyro,https://raider.io/characters/eu/saurfang/ceyro,https://worldofwarcraft.blizzard.com/en-gb/character/eu/saurfang/ceyro,https://www.warcraftlogs.com/character/eu/saurfang/ceyro
171875644,Illawrath,https://raider.io/characters/eu/saurfang/illawrath,https://worldofwarcraft.blizzard.com/en-gb/character/eu/saurfang/illawrath,https://www.warcraftlogs.com/character/eu/saurfang/illawrath
171882550,Lhunaris,https://raider.io/characters/eu/terokkar/lhunaris,https://worldofwarcraft.blizzard.com/en-gb/character/eu/terokkar/lhunaris,https://www.warcraftlogs.com/character/eu/terokkar/lhunaris
171883617,Rumido,https://raider.io/characters/eu/darkspear/rumido,https://worldofwarcraft.blizzard.com/en-gb/character/eu/darkspear/rumido,https://www.warcraftlogs.com/character/eu/darkspear/rumido
171927870,Tinystab,https://raider.io/characters/eu/saurfang/tinystab,https://worldofwarcraft.blizzard.com/en-gb/character/eu/saurfang/tinystab,https://www.warcraftlogs.com/character/eu/saurfang/tinystab
171952269,Nakedlasagne,https://raider.io/characters/eu/saurfang/nakedlasagne,https://worldofwarcraft.blizzard.com/en-gb/character/eu/saurfang/nakedlasagne,https://www.warcraftlogs.com/character/eu/saurfang/nakedlasagne
171957404,Waraith,https://raider.io/characters/eu/saurfang/waraith,https://worldofwarcraft.blizzard.com/en-gb/character/eu/saurfang/waraith,https://www.warcraftlogs.com/character/eu/saurfang/waraith
171965823,Tinyfrost,https://raider.io/characters/eu/saurfang/tinyfrost,https://worldofwarcraft.blizzard.com/en-gb/character/eu/saurfang/tinyfrost,https://www.warcraftlogs.com/character/eu/saurfang/tinyfrost
171965903,Kirkmeister,https://raider.io/characters/eu/terokkar/kirkmeister,https://worldofwarcraft.blizzard.com/en-gb/character/eu/terokkar/kirkmeister,https://www.warcraftlogs.com/character/eu/terokkar/kirkmeister
171967635,Falagir,https://raider.io/characters/eu/saurfang/falagir,https://worldofwarcraft.blizzard.com/en-gb/character/eu/saurfang/falagir,https://www.warcraftlogs.com/character/eu/saurfang/falagir
171979518,Mistresdíz,https://raider.io/characters/eu/saurfang/mistresdíz,https://worldofwarcraft.blizzard.com/en-gb/character/eu/saurfang/mistresdíz,https://www.warcraftlogs.com/character/eu/saurfang/mistresdíz
171980649,Tomas,https://raider.io/characters/eu/saurfang/tomas,https://worldofwarcraft.blizzard.com/en-gb/character/eu/saurfang/tomas,https://www.warcraftlogs.com/character/eu/saurfang/tomas
171990579,Nightspirit,https://raider.io/characters/eu/terokkar/nightspirit,https://worldofwarcraft.blizzard.com/en-gb/character/eu/terokkar/nightspirit,https://www.warcraftlogs.com/character/eu/terokkar/nightspirit
171991105,Sijo,https://raider.io/characters/eu/terokkar/sijo,https://worldofwarcraft.blizzard.com/en-gb/character/eu/terokkar/sijo,https://www.warcraftlogs.com/character/eu/terokkar/sijo
172054661,Rootwo,https://raider.io/characters/eu/darkspear/rootwo,https://worldofwarcraft.blizzard.com/en-gb/character/eu/darkspear/rootwo,https://www.warcraftlogs.com/character/eu/darkspear/rootwo
172063971,Ellare,https://raider.io/characters/eu/saurfang/ellare,https://worldofwarcraft.blizzard.com/en-gb/character/eu/saurfang/ellare,https://www.warcraftlogs.com/character/eu/saurfang/ellare
172077804,Garuul,https://raider.io/characters/eu/saurfang/garuul,https://worldofwarcraft.blizzard.com/en-gb/character/eu/saurfang/garuul,https://www.warcraftlogs.com/character/eu/saurfang/garuul
172089202,Dulfron,https://raider.io/characters/eu/darkspear/dulfron,https://worldofwarcraft.blizzard.com/en-gb/character/eu/darkspear/dulfron,https://www.warcraftlogs.com/character/eu/darkspear/dulfron
172097802,Alexandreos,https://raider.io/characters/eu/saurfang/alexandreos,https://worldofwarcraft.blizzard.com/en-gb/character/eu/saurfang/alexandreos,https://www.warcraftlogs.com/character/eu/saurfang/alexandreos
172105834,Arthúrshélby,https://raider.io/characters/eu/darkspear/arthúrshélby,https://worldofwarcraft.blizzard.com/en-gb/character/eu/darkspear/arthúrshélby,https://www.warcraftlogs.com/character/eu/darkspear/arthúrshélby
172114844,Shaka,https://raider.io/characters/eu/terokkar/shaka,https://worldofwarcraft.blizzard.com/en-gb/character/eu/terokkar/shaka,https://www.warcraftlogs.com/character/eu/terokkar/shaka
172116936,Taernin,https://raider.io/characters/eu/darkspear/taernin,https://worldofwarcraft.blizzard.com/en-gb/character/eu/darkspear/taernin,https://www.warcraftlogs.com/character/eu/darkspear/taernin
172262339,Maximous,https://raider.io/characters/eu/darkspear/maximous,https://worldofwarcraft.blizzard.com/en-gb/character/eu/darkspear/maximous,https://www.warcraftlogs.com/character/eu/darkspear/maximous
172263359,Mildrith,https://raider.io/characters/eu/terokkar/mildrith,https://worldofwarcraft.blizzard.com/en-gb/character/eu/terokkar/mildrith,https://www.warcraftlogs.com/character/eu/terokkar/mildrith
172271135,Primtah,https://raider.io/characters/eu/terokkar/primtah,https://worldofwarcraft.blizzard.com/en-gb/character/eu/terokkar/primtah,https://www.warcraftlogs.com/character/eu/terokkar/primtah
172302959,Pikkabuu,https://raider.io/characters/eu/saurfang/pikkabuu,https://worldofwarcraft.blizzard.com/en-gb/character/eu/saurfang/pikkabuu,https://www.warcraftlogs.com/character/eu/saurfang/pikkabuu
172304504,Blazé,https://raider.io/characters/eu/terokkar/blazé,https://worldofwarcraft.blizzard.com/en-gb/character/eu/terokkar/blazé,https://www.warcraftlogs.com/character/eu/terokkar/blazé
172312492,Ranya,https://raider.io/characters/eu/terokkar/ranya,https://worldofwarcraft.blizzard.com/en-gb/character/eu/terokkar/ranya,https://www.warcraftlogs.com/character/eu/terokkar/ranya
172313742,Tinyholy,https://raider.io/characters/eu/saurfang/tinyholy,https://worldofwarcraft.blizzard.com/en-gb/character/eu/saurfang/tinyholy,https://www.warcraftlogs.com/character/eu/saurfang/tinyholy
172317759,Izett,https://raider.io/characters/eu/saurfang/izett,https://worldofwarcraft.blizzard.com/en-gb/character/eu/saurfang/izett,https://www.warcraftlogs.com/character/eu/saurfang/izett
172319122,Villivasara,https://raider.io/characters/eu/darkspear/villivasara,https://worldofwarcraft.blizzard.com/en-gb/character/eu/darkspear/villivasara,https://www.warcraftlogs.com/character/eu/darkspear/villivasara
172359178,Bodhmall,https://raider.io/characters/eu/saurfang/bodhmall,https://worldofwarcraft.blizzard.com/en-gb/character/eu/saurfang/bodhmall,https://www.warcraftlogs.com/character/eu/saurfang/bodhmall
172365019,Labela,https://raider.io/characters/eu/terokkar/labela,https://worldofwarcraft.blizzard.com/en-gb/character/eu/terokkar/labela,https://www.warcraftlogs.com/character/eu/terokkar/labela
172371942,Jenben,https://raider.io/characters/eu/saurfang/jenben,https://worldofwarcraft.blizzard.com/en-gb/character/eu/saurfang/jenben,https://www.warcraftlogs.com/character/eu/saurfang/jenben
172372681,Tinydiz,https://raider.io/characters/eu/saurfang/tinydiz,https://worldofwarcraft.blizzard.com/en-gb/character/eu/saurfang/tinydiz,https://www.warcraftlogs.com/character/eu/saurfang/tinydiz
172397729,Wolfrick,https://raider.io/characters/eu/saurfang/wolfrick,https://worldofwarcraft.blizzard.com/en-gb/character/eu/saurfang/wolfrick,https://www.warcraftlogs.com/character/eu/saurfang/wolfrick
172401527,Kausa,https://raider.io/characters/eu/terokkar/kausa,https://worldofwarcraft.blizzard.com/en-gb/character/eu/terokkar/kausa,https://www.warcraftlogs.com/character/eu/terokkar/kausa
172411715,Dizneyhurt,https://raider.io/characters/eu/saurfang/dizneyhurt,https://worldofwarcraft.blizzard.com/en-gb/character/eu/saurfang/dizneyhurt,https://www.warcraftlogs.com/character/eu/saurfang/dizneyhurt
172436858,Raijinn,https://raider.io/characters/eu/saurfang/raijinn,https://worldofwarcraft.blizzard.com/en-gb/character/eu/saurfang/raijinn,https://www.warcraftlogs.com/character/eu/saurfang/raijinn
172445123,Eleimus,https://raider.io/characters/eu/darkspear/eleimus,https://worldofwarcraft.blizzard.com/en-gb/character/eu/darkspear/eleimus,https://www.warcraftlogs.com/character/eu/darkspear/eleimus
172473381,Dottidotts,https://raider.io/characters/eu/darkspear/dottidotts,https://worldofwarcraft.blizzard.com/en-gb/character/eu/darkspear/dottidotts,https://www.warcraftlogs.com/character/eu/darkspear/dottidotts
172508274,Ayda,https://raider.io/characters/eu/terokkar/ayda,https://worldofwarcraft.blizzard.com/en-gb/character/eu/terokkar/ayda,https://www.warcraftlogs.com/character/eu/terokkar/ayda
172525460,Nytingale,https://raider.io/characters/eu/darkspear/nytingale,https://worldofwarcraft.blizzard.com/en-gb/character/eu/darkspear/nytingale,https://www.warcraftlogs.com/character/eu/darkspear/nytingale
172535791,Gilandrich,https://raider.io/characters/eu/terokkar/gilandrich,https://worldofwarcraft.blizzard.com/en-gb/character/eu/terokkar/gilandrich,https://www.warcraftlogs.com/character/eu/terokkar/gilandrich
172537584,Kórra,https://raider.io/characters/eu/saurfang/kórra,https://worldofwarcraft.blizzard.com/en-gb/character/eu/saurfang/kórra,https://www.warcraftlogs.com/character/eu/saurfang/kórra
172549957,Logistics,https://raider.io/characters/eu/terokkar/logistics,https://worldofwarcraft.blizzard.com/en-gb/character/eu/terokkar/logistics,https://www.warcraftlogs.com/character/eu/terokkar/logistics
172555053,Freyakin,https://raider.io/characters/eu/darkspear/freyakin,https://worldofwarcraft.blizzard.com/en-gb/character/eu/darkspear/freyakin,https://www.warcraftlogs.com/character/eu/darkspear/freyakin
172555572,Shadowsheep,https://raider.io/characters/eu/terokkar/shadowsheep,https://worldofwarcraft.blizzard.com/en-gb/character/eu/terokkar/shadowsheep,https://www.warcraftlogs.com/character/eu/terokkar/shadowsheep
172556156,Jamie,https://raider.io/characters/eu/terokkar/jamie,https://worldofwarcraft.blizzard.com/en-gb/character/eu/terokkar/jamie,https://www.warcraftlogs.com/character/eu/terokkar/jamie
172561711,Velli,https://raider.io/characters/eu/terokkar/velli,https://worldofwarcraft.blizzard.com/en-gb/character/eu/terokkar/velli,https://www.warcraftlogs.com/character/eu/terokkar/velli
172571173,Dîz,https://raider.io/characters/eu/saurfang/dîz,https://worldofwarcraft.blizzard.com/en-gb/character/eu/saurfang/dîz,https://www.warcraftlogs.com/character/eu/saurfang/dîz
172574274,Hamboy,https://raider.io/characters/eu/darkspear/hamboy,https://worldofwarcraft.blizzard.com/en-gb/character/eu/darkspear/hamboy,https://www.warcraftlogs.com/character/eu/darkspear/hamboy
172581632,Snillida,https://raider.io/characters/eu/saurfang/snillida,https://worldofwarcraft.blizzard.com/en-gb/character/eu/saurfang/snillida,https://www.warcraftlogs.com/character/eu/saurfang/snillida
172586321,Darq,https://raider.io/characters/eu/terokkar/darq,https://worldofwarcraft.blizzard.com/en-gb/character/eu/terokkar/darq,https://www.warcraftlogs.com/character/eu/terokkar/darq
172618521,Oraion,https://raider.io/characters/eu/darkspear/oraion,https://worldofwarcraft.blizzard.com/en-gb/character/eu/darkspear/oraion,https://www.warcraftlogs.com/character/eu/darkspear/oraion
172623944,Cherlyn,https://raider.io/characters/eu/darkspear/cherlyn,https://worldofwarcraft.blizzard.com/en-gb/character/eu/darkspear/cherlyn,https://www.warcraftlogs.com/character/eu/darkspear/cherlyn
172624606,Redhot,https://raider.io/characters/eu/saurfang/redhot,https://worldofwarcraft.blizzard.com/en-gb/character/eu/saurfang/redhot,https://www.warcraftlogs.com/character/eu/saurfang/redhot
172633838,Vindiction,https://raider.io/characters/eu/terokkar/vindiction,https://worldofwarcraft.blizzard.com/en-gb/character/eu/terokkar/vindiction,https://www.warcraftlogs.com/character/eu/terokkar/vindiction
172676679,Twiztednipz,https://raider.io/characters/eu/saurfang/twiztednipz,https://worldofwarcraft.blizzard.com/en-gb/character/eu/saurfang/twiztednipz,https://www.warcraftlogs.com/character/eu/saurfang/twiztednipz
172682806,Stonefist,https://raider.io/characters/eu/saurfang/stonefist,https://worldofwarcraft.blizzard.com/en-gb/character/eu/saurfang/stonefist,https://www.warcraftlogs.com/character/eu/saurfang/stonefist
172691075,Talasha,https://raider.io/characters/eu/saurfang/talasha,https://worldofwarcraft.blizzard.com/en-gb/character/eu/saurfang/talasha,https://www.warcraftlogs.com/character/eu/saurfang/talasha
172710380,Colder,https://raider.io/characters/eu/terokkar/colder,https://worldofwarcraft.blizzard.com/en-gb/character/eu/terokkar/colder,https://www.warcraftlogs.com/character/eu/terokkar/colder
172710477,Foricky,https://raider.io/characters/eu/saurfang/foricky,https://worldofwarcraft.blizzard.com/en-gb/character/eu/saurfang/foricky,https://www.warcraftlogs.com/character/eu/saurfang/foricky
172761937,Shelockstel,https://raider.io/characters/eu/saurfang/shelockstel,https://worldofwarcraft.blizzard.com/en-gb/character/eu/saurfang/shelockstel,https://www.warcraftlogs.com/character/eu/saurfang/shelockstel
172762594,Aradeni,https://raider.io/characters/eu/terokkar/aradeni,https://worldofwarcraft.blizzard.com/en-gb/character/eu/terokkar/aradeni,https://www.warcraftlogs.com/character/eu/terokkar/aradeni
172802191,Lunaria,https://raider.io/characters/eu/saurfang/lunaria,https://worldofwarcraft.blizzard.com/en-gb/character/eu/saurfang/lunaria,https://www.warcraftlogs.com/character/eu/saurfang/lunaria
172857879,Erionar,https://raider.io/characters/eu/darkspear/erionar,https://worldofwarcraft.blizzard.com/en-gb/character/eu/darkspear/erionar,https://www.warcraftlogs.com/character/eu/darkspear/erionar
172902716,Nex,https://raider.io/characters/eu/saurfang/nex,https://worldofwarcraft.blizzard.com/en-gb/character/eu/saurfang/nex,https://www.warcraftlogs.com/character/eu/saurfang/nex
172916755,Milfred,https://raider.io/characters/eu/terokkar/milfred,https://worldofwarcraft.blizzard.com/en-gb/character/eu/terokkar/milfred,https://www.warcraftlogs.com/character/eu/terokkar/milfred
172919015,Sverker,https://raider.io/characters/eu/terokkar/sverker,https://worldofwarcraft.blizzard.com/en-gb/character/eu/terokkar/sverker,https://www.warcraftlogs.com/character/eu/terokkar/sverker
172929591,Relara,https://raider.io/characters/eu/terokkar/relara,https://worldofwarcraft.blizzard.com/en-gb/character/eu/terokkar/relara,https://www.warcraftlogs.com/character/eu/terokkar/relara
172948062,Tocho,https://raider.io/characters/eu/terokkar/tocho,https://worldofwarcraft.blizzard.com/en-gb/character/eu/terokkar/tocho,https://www.warcraftlogs.com/character/eu/terokkar/tocho
172963055,Wineforme,https://raider.io/characters/eu/darkspear/wineforme,https://worldofwarcraft.blizzard.com/en-gb/character/eu/darkspear/wineforme,https://www.warcraftlogs.com/character/eu/darkspear/wineforme
172973746,Dotdotdeath,https://raider.io/characters/eu/darkspear/dotdotdeath,https://worldofwarcraft.blizzard.com/en-gb/character/eu/darkspear/dotdotdeath,https://www.warcraftlogs.com/character/eu/darkspear/dotdotdeath
172974071,Shadowmojo,https://raider.io/characters/eu/darkspear/shadowmojo,https://worldofwarcraft.blizzard.com/en-gb/character/eu/darkspear/shadowmojo,https://www.warcraftlogs.com/character/eu/darkspear/shadowmojo
172983339,Demoniwiggz,https://raider.io/characters/eu/kazzak/demoniwiggz,https://worldofwarcraft.blizzard.com/en-gb/character/eu/kazzak/demoniwiggz,https://www.warcraftlogs.com/character/eu/kazzak/demoniwiggz
173012734,Afanasia,https://raider.io/characters/eu/terokkar/afanasia,https://worldofwarcraft.blizzard.com/en-gb/character/eu/terokkar/afanasia,https://www.warcraftlogs.com/character/eu/terokkar/afanasia
173018659,Talisa,https://raider.io/characters/eu/saurfang/talisa,https://worldofwarcraft.blizzard.com/en-gb/character/eu/saurfang/talisa,https://www.warcraftlogs.com/character/eu/saurfang/talisa
173019331,Ellye,https://raider.io/characters/eu/terokkar/ellye,https://worldofwarcraft.blizzard.com/en-gb/character/eu/terokkar/ellye,https://www.warcraftlogs.com/character/eu/terokkar/ellye
173023688,Orwyn,https://raider.io/characters/eu/darkspear/orwyn,https://worldofwarcraft.blizzard.com/en-gb/character/eu/darkspear/orwyn,https://www.warcraftlogs.com/character/eu/darkspear/orwyn
173025925,Rouscha,https://raider.io/characters/eu/terokkar/rouscha,https://worldofwarcraft.blizzard.com/en-gb/character/eu/terokkar/rouscha,https://www.warcraftlogs.com/character/eu/terokkar/rouscha
173031788,Crossbreaker,https://raider.io/characters/eu/saurfang/crossbreaker,https://worldofwarcraft.blizzard.com/en-gb/character/eu/saurfang/crossbreaker,https://www.warcraftlogs.com/character/eu/saurfang/crossbreaker
173036190,Malagigi,https://raider.io/characters/eu/saurfang/malagigi,https://worldofwarcraft.blizzard.com/en-gb/character/eu/saurfang/malagigi,https://www.warcraftlogs.com/character/eu/saurfang/malagigi
173047146,Veli,https://raider.io/characters/eu/terokkar/veli,https://worldofwarcraft.blizzard.com/en-gb/character/eu/terokkar/veli,https://www.warcraftlogs.com/character/eu/terokkar/veli
173048354,Twistedsoul,https://raider.io/characters/eu/darkspear/twistedsoul,https://worldofwarcraft.blizzard.com/en-gb/character/eu/darkspear/twistedsoul,https://www.warcraftlogs.com/character/eu/darkspear/twistedsoul
173050929,Moondream,https://raider.io/characters/eu/darkspear/moondream,https://worldofwarcraft.blizzard.com/en-gb/character/eu/darkspear/moondream,https://www.warcraftlogs.com/character/eu/darkspear/moondream
173104889,Metall,https://raider.io/characters/eu/terokkar/metall,https://worldofwarcraft.blizzard.com/en-gb/character/eu/terokkar/metall,https://www.warcraftlogs.com/character/eu/terokkar/metall
173146279,Tharaniel,https://raider.io/characters/eu/saurfang/tharaniel,https://worldofwarcraft.blizzard.com/en-gb/character/eu/saurfang/tharaniel,https://www.warcraftlogs.com/character/eu/saurfang/tharaniel
173148931,Illarinn,https://raider.io/characters/eu/saurfang/illarinn,https://worldofwarcraft.blizzard.com/en-gb/character/eu/saurfang/illarinn,https://www.warcraftlogs.com/character/eu/saurfang/illarinn
173193661,Keeku,https://raider.io/characters/eu/darkspear/keeku,https://worldofwarcraft.blizzard.com/en-gb/character/eu/darkspear/keeku,https://www.warcraftlogs.com/character/eu/darkspear/keeku
173218688,Dicehunter,https://raider.io/characters/eu/darkspear/dicehunter,https://worldofwarcraft.blizzard.com/en-gb/character/eu/darkspear/dicehunter,https://www.warcraftlogs.com/character/eu/darkspear/dicehunter
173251219,Shortieshots,https://raider.io/characters/eu/terokkar/shortieshots,https://worldofwarcraft.blizzard.com/en-gb/character/eu/terokkar/shortieshots,https://www.warcraftlogs.com/character/eu/terokkar/shortieshots
173271197,Barbellata,https://raider.io/characters/eu/darkspear/barbellata,https://worldofwarcraft.blizzard.com/en-gb/character/eu/darkspear/barbellata,https://www.warcraftlogs.com/character/eu/darkspear/barbellata
173297604,Lochaber,https://raider.io/characters/eu/terokkar/lochaber,https://worldofwarcraft.blizzard.com/en-gb/character/eu/terokkar/lochaber,https://www.warcraftlogs.com/character/eu/terokkar/lochaber
173302721,Myliana,https://raider.io/characters/eu/saurfang/myliana,https://worldofwarcraft.blizzard.com/en-gb/character/eu/saurfang/myliana,https://www.warcraftlogs.com/character/eu/saurfang/myliana
173311170,Tink,https://raider.io/characters/eu/terokkar/tink,https://worldofwarcraft.blizzard.com/en-gb/character/eu/terokkar/tink,https://www.warcraftlogs.com/character/eu/terokkar/tink
173398144,Myna,https://raider.io/characters/eu/darkspear/myna,https://worldofwarcraft.blizzard.com/en-gb/character/eu/darkspear/myna,https://www.warcraftlogs.com/character/eu/darkspear/myna
173423887,Olgítsa,https://raider.io/characters/eu/darkspear/olgítsa,https://worldofwarcraft.blizzard.com/en-gb/character/eu/darkspear/olgítsa,https://www.warcraftlogs.com/character/eu/darkspear/olgítsa
173430178,Saerdnaa,https://raider.io/characters/eu/saurfang/saerdnaa,https://worldofwarcraft.blizzard.com/en-gb/character/eu/saurfang/saerdnaa,https://www.warcraftlogs.com/character/eu/saurfang/saerdnaa
173455797,Roarfury,https://raider.io/characters/eu/darkspear/roarfury,https://worldofwarcraft.blizzard.com/en-gb/character/eu/darkspear/roarfury,https://www.warcraftlogs.com/character/eu/darkspear/roarfury
173515596,Aphrodizia,https://raider.io/characters/eu/saurfang/aphrodizia,https://worldofwarcraft.blizzard.com/en-gb/character/eu/saurfang/aphrodizia,https://www.warcraftlogs.com/character/eu/saurfang/aphrodizia
173522702,Merlim,https://raider.io/characters/eu/terokkar/merlim,https://worldofwarcraft.blizzard.com/en-gb/character/eu/terokkar/merlim,https://www.warcraftlogs.com/character/eu/terokkar/merlim
173554131,Freiia,https://raider.io/characters/eu/terokkar/freiia,https://worldofwarcraft.blizzard.com/en-gb/character/eu/terokkar/freiia,https://www.warcraftlogs.com/character/eu/terokkar/freiia
173560907,Hunterbel,https://raider.io/characters/eu/darkspear/hunterbel,https://worldofwarcraft.blizzard.com/en-gb/character/eu/darkspear/hunterbel,https://www.warcraftlogs.com/character/eu/darkspear/hunterbel
173584945,Unikkat,https://raider.io/characters/eu/terokkar/unikkat,https://worldofwarcraft.blizzard.com/en-gb/character/eu/terokkar/unikkat,https://www.warcraftlogs.com/character/eu/terokkar/unikkat
173595568,Melissant,https://raider.io/characters/eu/terokkar/melissant,https://worldofwarcraft.blizzard.com/en-gb/character/eu/terokkar/melissant,https://www.warcraftlogs.com/character/eu/terokkar/melissant
173606567,Jääntuoja,https://raider.io/characters/eu/darkspear/jääntuoja,https://worldofwarcraft.blizzard.com/en-gb/character/eu/darkspear/jääntuoja,https://www.warcraftlogs.com/character/eu/darkspear/jääntuoja
173670324,Cyainabit,https://raider.io/characters/eu/terokkar/cyainabit,https://worldofwarcraft.blizzard.com/en-gb/character/eu/terokkar/cyainabit,https://www.warcraftlogs.com/character/eu/terokkar/cyainabit
173696513,Velthelda,https://raider.io/characters/eu/darkspear/velthelda,https://worldofwarcraft.blizzard.com/en-gb/character/eu/darkspear/velthelda,https://www.warcraftlogs.com/character/eu/darkspear/velthelda
173712138,Amdumb,https://raider.io/characters/eu/darkspear/amdumb,https://worldofwarcraft.blizzard.com/en-gb/character/eu/darkspear/amdumb,https://www.warcraftlogs.com/character/eu/darkspear/amdumb
173723032,Slyg,https://raider.io/characters/eu/saurfang/slyg,https://worldofwarcraft.blizzard.com/en-gb/character/eu/saurfang/slyg,https://www.warcraftlogs.com/character/eu/saurfang/slyg
173750741,Garlax,https://raider.io/characters/eu/darkspear/garlax,https://worldofwarcraft.blizzard.com/en-gb/character/eu/darkspear/garlax,https://www.warcraftlogs.com/character/eu/darkspear/garlax
173787303,Manoftime,https://raider.io/characters/eu/terokkar/manoftime,https://worldofwarcraft.blizzard.com/en-gb/character/eu/terokkar/manoftime,https://www.warcraftlogs.com/character/eu/terokkar/manoftime
173925191,Judgémental,https://raider.io/characters/eu/darkspear/judgémental,https://worldofwarcraft.blizzard.com/en-gb/character/eu/darkspear/judgémental,https://www.warcraftlogs.com/character/eu/darkspear/judgémental
173937275,Kíttykat,https://raider.io/characters/eu/terokkar/kíttykat,https://worldofwarcraft.blizzard.com/en-gb/character/eu/terokkar/kíttykat,https://www.warcraftlogs.com/character/eu/terokkar/kíttykat
174066797,Darqhealz,https://raider.io/characters/eu/terokkar/darqhealz,https://worldofwarcraft.blizzard.com/en-gb/character/eu/terokkar/darqhealz,https://www.warcraftlogs.com/character/eu/terokkar/darqhealz
174069433,Martn,https://raider.io/characters/eu/terokkar/martn,https://worldofwarcraft.blizzard.com/en-gb/character/eu/terokkar/martn,https://www.warcraftlogs.com/character/eu/terokkar/martn
174092413,Questy,https://raider.io/characters/eu/darkspear/questy,https://worldofwarcraft.blizzard.com/en-gb/character/eu/darkspear/questy,https://www.warcraftlogs.com/character/eu/darkspear/questy
174096374,Wîcca,https://raider.io/characters/eu/terokkar/wîcca,https://worldofwarcraft.blizzard.com/en-gb/character/eu/terokkar/wîcca,https://www.warcraftlogs.com/character/eu/terokkar/wîcca
174157558,Ajénal,https://raider.io/characters/eu/moonglade/ajénal,https://worldofwarcraft.blizzard.com/en-gb/character/eu/moonglade/ajénal,https://www.warcraftlogs.com/character/eu/moonglade/ajénal
174164264,Gimlihunter,https://raider.io/characters/eu/darkspear/gimlihunter,https://worldofwarcraft.blizzard.com/en-gb/character/eu/darkspear/gimlihunter,https://www.warcraftlogs.com/character/eu/darkspear/gimlihunter
174177962,Brunelda,https://raider.io/characters/eu/saurfang/brunelda,https://worldofwarcraft.blizzard.com/en-gb/character/eu/saurfang/brunelda,https://www.warcraftlogs.com/character/eu/saurfang/brunelda
174180167,Raelya,https://raider.io/characters/eu/moonglade/raelya,https://worldofwarcraft.blizzard.com/en-gb/character/eu/moonglade/raelya,https://www.warcraftlogs.com/character/eu/moonglade/raelya
174183911,Arcyan,https://raider.io/characters/eu/hellscream/arcyan,https://worldofwarcraft.blizzard.com/en-gb/character/eu/hellscream/arcyan,https://www.warcraftlogs.com/character/eu/hellscream/arcyan
174217211,Darqmees,https://raider.io/characters/eu/terokkar/darqmees,https://worldofwarcraft.blizzard.com/en-gb/character/eu/terokkar/darqmees,https://www.warcraftlogs.com/character/eu/terokkar/darqmees
174232145,Izalor,https://raider.io/characters/eu/terokkar/izalor,https://worldofwarcraft.blizzard.com/en-gb/character/eu/terokkar/izalor,https://www.warcraftlogs.com/character/eu/terokkar/izalor
174331297,Kylastar,https://raider.io/characters/eu/stormrage/kylastar,https://worldofwarcraft.blizzard.com/en-gb/character/eu/stormrage/kylastar,https://www.warcraftlogs.com/character/eu/stormrage/kylastar
174336652,Relentles,https://raider.io/characters/eu/moonglade/relentles,https://worldofwarcraft.blizzard.com/en-gb/character/eu/moonglade/relentles,https://www.warcraftlogs.com/character/eu/moonglade/relentles
174394355,Tenika,https://raider.io/characters/eu/terokkar/tenika,https://worldofwarcraft.blizzard.com/en-gb/character/eu/terokkar/tenika,https://www.warcraftlogs.com/character/eu/terokkar/tenika
174424361,Kippona,https://raider.io/characters/eu/terokkar/kippona,https://worldofwarcraft.blizzard.com/en-gb/character/eu/terokkar/kippona,https://www.warcraftlogs.com/character/eu/terokkar/kippona
174424471,Krenberry,https://raider.io/characters/eu/darkspear/krenberry,https://worldofwarcraft.blizzard.com/en-gb/character/eu/darkspear/krenberry,https://www.warcraftlogs.com/character/eu/darkspear/krenberry
174424517,Euandros,https://raider.io/characters/eu/darkspear/euandros,https://worldofwarcraft.blizzard.com/en-gb/character/eu/darkspear/euandros,https://www.warcraftlogs.com/character/eu/darkspear/euandros
174424570,Haralamb,https://raider.io/characters/eu/terokkar/haralamb,https://worldofwarcraft.blizzard.com/en-gb/character/eu/terokkar/haralamb,https://www.warcraftlogs.com/character/eu/terokkar/haralamb
174425108,Shootær,https://raider.io/characters/eu/darkspear/shootær,https://worldofwarcraft.blizzard.com/en-gb/character/eu/darkspear/shootær,https://www.warcraftlogs.com/character/eu/darkspear/shootær
174425580,Swiftnsure,https://raider.io/characters/eu/terokkar/swiftnsure,https://worldofwarcraft.blizzard.com/en-gb/character/eu/terokkar/swiftnsure,https://www.warcraftlogs.com/character/eu/terokkar/swiftnsure
174425935,Yasunda,https://raider.io/characters/eu/terokkar/yasunda,https://worldofwarcraft.blizzard.com/en-gb/character/eu/terokkar/yasunda,https://www.warcraftlogs.com/character/eu/terokkar/yasunda
174426166,Doragon,https://raider.io/characters/eu/darkspear/doragon,https://worldofwarcraft.blizzard.com/en-gb/character/eu/darkspear/doragon,https://www.warcraftlogs.com/character/eu/darkspear/doragon
174428208,Deathanddki,https://raider.io/characters/eu/saurfang/deathanddki,https://worldofwarcraft.blizzard.com/en-gb/character/eu/saurfang/deathanddki,https://www.warcraftlogs.com/character/eu/saurfang/deathanddki
174429474,Lyione,https://raider.io/characters/eu/terokkar/lyione,https://worldofwarcraft.blizzard.com/en-gb/character/eu/terokkar/lyione,https://www.warcraftlogs.com/character/eu/terokkar/lyione
174429644,Scrumptious,https://raider.io/characters/eu/darkspear/scrumptious,https://worldofwarcraft.blizzard.com/en-gb/character/eu/darkspear/scrumptious,https://www.warcraftlogs.com/character/eu/darkspear/scrumptious
174432932,Deathseker,https://raider.io/characters/eu/saurfang/deathseker,https://worldofwarcraft.blizzard.com/en-gb/character/eu/saurfang/deathseker,https://www.warcraftlogs.com/character/eu/saurfang/deathseker
174435248,Zythalyn,https://raider.io/characters/eu/saurfang/zythalyn,https://worldofwarcraft.blizzard.com/en-gb/character/eu/saurfang/zythalyn,https://www.warcraftlogs.com/character/eu/saurfang/zythalyn
174436375,Sofy,https://raider.io/characters/eu/terokkar/sofy,https://worldofwarcraft.blizzard.com/en-gb/character/eu/terokkar/sofy,https://www.warcraftlogs.com/character/eu/terokkar/sofy
174436394,Zidas,https://raider.io/characters/eu/terokkar/zidas,https://worldofwarcraft.blizzard.com/en-gb/character/eu/terokkar/zidas,https://www.warcraftlogs.com/character/eu/terokkar/zidas
174440773,Thómashélby,https://raider.io/characters/eu/darkspear/thómashélby,https://worldofwarcraft.blizzard.com/en-gb/character/eu/darkspear/thómashélby,https://www.warcraftlogs.com/character/eu/darkspear/thómashélby
174487991,Daealla,https://raider.io/characters/eu/darkspear/daealla,https://worldofwarcraft.blizzard.com/en-gb/character/eu/darkspear/daealla,https://www.warcraftlogs.com/character/eu/darkspear/daealla
174488154,Deathseekery,https://raider.io/characters/eu/saurfang/deathseekery,https://worldofwarcraft.blizzard.com/en-gb/character/eu/saurfang/deathseekery,https://www.warcraftlogs.com/character/eu/saurfang/deathseekery
174495748,Yaena,https://raider.io/characters/eu/terokkar/yaena,https://worldofwarcraft.blizzard.com/en-gb/character/eu/terokkar/yaena,https://www.warcraftlogs.com/character/eu/terokkar/yaena
174499029,Tinytelman,https://raider.io/characters/eu/saurfang/tinytelman,https://worldofwarcraft.blizzard.com/en-gb/character/eu/saurfang/tinytelman,https://www.warcraftlogs.com/character/eu/saurfang/tinytelman
174505158,Ljayne,https://raider.io/characters/eu/darkspear/ljayne,https://worldofwarcraft.blizzard.com/en-gb/character/eu/darkspear/ljayne,https://www.warcraftlogs.com/character/eu/darkspear/ljayne
174507480,Laurajayne,https://raider.io/characters/eu/darkspear/laurajayne,https://worldofwarcraft.blizzard.com/en-gb/character/eu/darkspear/laurajayne,https://www.warcraftlogs.com/character/eu/darkspear/laurajayne
174534294,Shabba,https://raider.io/characters/eu/saurfang/shabba,https://worldofwarcraft.blizzard.com/en-gb/character/eu/saurfang/shabba,https://www.warcraftlogs.com/character/eu/saurfang/shabba
174546694,Darlingzilia,https://raider.io/characters/eu/darkspear/darlingzilia,https://worldofwarcraft.blizzard.com/en-gb/character/eu/darkspear/darlingzilia,https://www.warcraftlogs.com/character/eu/darkspear/darlingzilia
174547546,Dustydan,https://raider.io/characters/eu/terokkar/dustydan,https://worldofwarcraft.blizzard.com/en-gb/character/eu/terokkar/dustydan,https://www.warcraftlogs.com/character/eu/terokkar/dustydan
174556634,Wîcked,https://raider.io/characters/eu/terokkar/wîcked,https://worldofwarcraft.blizzard.com/en-gb/character/eu/terokkar/wîcked,https://www.warcraftlogs.com/character/eu/terokkar/wîcked
174569787,Kaidence,https://raider.io/characters/eu/darkspear/kaidence,https://worldofwarcraft.blizzard.com/en-gb/character/eu/darkspear/kaidence,https://www.warcraftlogs.com/character/eu/darkspear/kaidence
174569916,Torsden,https://raider.io/characters/eu/saurfang/torsden,https://worldofwarcraft.blizzard.com/en-gb/character/eu/saurfang/torsden,https://www.warcraftlogs.com/character/eu/saurfang/torsden
174573193,Wîtch,https://raider.io/characters/eu/terokkar/wîtch,https://worldofwarcraft.blizzard.com/en-gb/character/eu/terokkar/wîtch,https://www.warcraftlogs.com/character/eu/terokkar/wîtch
174574181,Carandil,https://raider.io/characters/eu/terokkar/carandil,https://worldofwarcraft.blizzard.com/en-gb/character/eu/terokkar/carandil,https://www.warcraftlogs.com/character/eu/terokkar/carandil
174592488,Dalyth,https://raider.io/characters/eu/terokkar/dalyth,https://worldofwarcraft.blizzard.com/en-gb/character/eu/terokkar/dalyth,https://www.warcraftlogs.com/character/eu/terokkar/dalyth
174595534,Moonsiren,https://raider.io/characters/eu/darkspear/moonsiren,https://worldofwarcraft.blizzard.com/en-gb/character/eu/darkspear/moonsiren,https://www.warcraftlogs.com/character/eu/darkspear/moonsiren
174597627,Kysteria,https://raider.io/characters/eu/moonglade/kysteria,https://worldofwarcraft.blizzard.com/en-gb/character/eu/moonglade/kysteria,https://www.warcraftlogs.com/character/eu/moonglade/kysteria
174597762,Brazenhussey,https://raider.io/characters/eu/darkspear/brazenhussey,https://worldofwarcraft.blizzard.com/en-gb/character/eu/darkspear/brazenhussey,https://www.warcraftlogs.com/character/eu/darkspear/brazenhussey
174607208,Troyster,https://raider.io/characters/eu/terokkar/troyster,https://worldofwarcraft.blizzard.com/en-gb/character/eu/terokkar/troyster,https://www.warcraftlogs.com/character/eu/terokkar/troyster
174607296,Decension,https://raider.io/characters/eu/darkspear/decension,https://worldofwarcraft.blizzard.com/en-gb/character/eu/darkspear/decension,https://www.warcraftlogs.com/character/eu/darkspear/decension
174614496,Bluether,https://raider.io/characters/eu/terokkar/bluether,https://worldofwarcraft.blizzard.com/en-gb/character/eu/terokkar/bluether,https://www.warcraftlogs.com/character/eu/terokkar/bluether
174615476,Ziliarini,https://raider.io/characters/eu/darkspear/ziliarini,https://worldofwarcraft.blizzard.com/en-gb/character/eu/darkspear/ziliarini,https://www.warcraftlogs.com/character/eu/darkspear/ziliarini
174625604,Suchmonk,https://raider.io/characters/eu/terokkar/suchmonk,https://worldofwarcraft.blizzard.com/en-gb/character/eu/terokkar/suchmonk,https://www.warcraftlogs.com/character/eu/terokkar/suchmonk
174626933,Skarlett,https://raider.io/characters/eu/saurfang/skarlett,https://worldofwarcraft.blizzard.com/en-gb/character/eu/saurfang/skarlett,https://www.warcraftlogs.com/character/eu/saurfang/skarlett
174631115,Deathshunter,https://raider.io/characters/eu/saurfang/deathshunter,https://worldofwarcraft.blizzard.com/en-gb/character/eu/saurfang/deathshunter,https://www.warcraftlogs.com/character/eu/saurfang/deathshunter
174632869,Mizzaurora,https://raider.io/characters/eu/terokkar/mizzaurora,https://worldofwarcraft.blizzard.com/en-gb/character/eu/terokkar/mizzaurora,https://www.warcraftlogs.com/character/eu/terokkar/mizzaurora
174636621,Desinty,https://raider.io/characters/eu/saurfang/desinty,https://worldofwarcraft.blizzard.com/en-gb/character/eu/saurfang/desinty,https://www.warcraftlogs.com/character/eu/saurfang/desinty
174636700,Tavin,https://raider.io/characters/eu/saurfang/tavin,https://worldofwarcraft.blizzard.com/en-gb/character/eu/saurfang/tavin,https://www.warcraftlogs.com/character/eu/saurfang/tavin
174637366,Shrikei,https://raider.io/characters/eu/saurfang/shrikei,https://worldofwarcraft.blizzard.com/en-gb/character/eu/saurfang/shrikei,https://www.warcraftlogs.com/character/eu/saurfang/shrikei
174637608,Livanne,https://raider.io/characters/eu/terokkar/livanne,https://worldofwarcraft.blizzard.com/en-gb/character/eu/terokkar/livanne,https://www.warcraftlogs.com/character/eu/terokkar/livanne
174637752,Krennan,https://raider.io/characters/eu/darkspear/krennan,https://worldofwarcraft.blizzard.com/en-gb/character/eu/darkspear/krennan,https://www.warcraftlogs.com/character/eu/darkspear/krennan
174638021,Quady,https://raider.io/characters/eu/saurfang/quady,https://worldofwarcraft.blizzard.com/en-gb/character/eu/saurfang/quady,https://www.warcraftlogs.com/character/eu/saurfang/quady
174638682,Colandra,https://raider.io/characters/eu/darkspear/colandra,https://worldofwarcraft.blizzard.com/en-gb/character/eu/darkspear/colandra,https://www.warcraftlogs.com/character/eu/darkspear/colandra
174638937,Malumebullio,https://raider.io/characters/eu/saurfang/malumebullio,https://worldofwarcraft.blizzard.com/en-gb/character/eu/saurfang/malumebullio,https://www.warcraftlogs.com/character/eu/saurfang/malumebullio
174639051,Deathdemon,https://raider.io/characters/eu/saurfang/deathdemon,https://worldofwarcraft.blizzard.com/en-gb/character/eu/saurfang/deathdemon,https://www.warcraftlogs.com/character/eu/saurfang/deathdemon
174639194,Vincentae,https://raider.io/characters/eu/saurfang/vincentae,https://worldofwarcraft.blizzard.com/en-gb/character/eu/saurfang/vincentae,https://www.warcraftlogs.com/character/eu/saurfang/vincentae
174639332,Arthurshélby,https://raider.io/characters/eu/darkspear/arthurshélby,https://worldofwarcraft.blizzard.com/en-gb/character/eu/darkspear/arthurshélby,https://www.warcraftlogs.com/character/eu/darkspear/arthurshélby
174639499,Deathbigears,https://raider.io/characters/eu/saurfang/deathbigears,https://worldofwarcraft.blizzard.com/en-gb/character/eu/saurfang/deathbigears,https://www.warcraftlogs.com/character/eu/saurfang/deathbigears
174639653,Deathseekerv,https://raider.io/characters/eu/saurfang/deathseekerv,https://worldofwarcraft.blizzard.com/en-gb/character/eu/saurfang/deathseekerv,https://www.warcraftlogs.com/character/eu/saurfang/deathseekerv
174639935,Gorkan,https://raider.io/characters/eu/terokkar/gorkan,https://worldofwarcraft.blizzard.com/en-gb/character/eu/terokkar/gorkan,https://www.warcraftlogs.com/character/eu/terokkar/gorkan
174641065,Dutchmenn,https://raider.io/characters/eu/terokkar/dutchmenn,https://worldofwarcraft.blizzard.com/en-gb/character/eu/terokkar/dutchmenn,https://www.warcraftlogs.com/character/eu/terokkar/dutchmenn
174641289,Thawne,https://raider.io/characters/eu/darkspear/thawne,https://worldofwarcraft.blizzard.com/en-gb/character/eu/darkspear/thawne,https://www.warcraftlogs.com/character/eu/darkspear/thawne
174662713,Angeloflife,https://raider.io/characters/eu/terenas/angeloflife,https://worldofwarcraft.blizzard.com/en-gb/character/eu/terenas/angeloflife,https://www.warcraftlogs.com/character/eu/terenas/angeloflife
174688055,Maharét,https://raider.io/characters/eu/draenor/maharét,https://worldofwarcraft.blizzard.com/en-gb/character/eu/draenor/maharét,https://www.warcraftlogs.com/character/eu/draenor/maharét
174821673,Fyrebeard,https://raider.io/characters/eu/terenas/fyrebeard,https://worldofwarcraft.blizzard.com/en-gb/character/eu/terenas/fyrebeard,https://www.warcraftlogs.com/character/eu/terenas/fyrebeard
175294332,Silvermage,https://raider.io/characters/eu/saurfang/silvermage,https://worldofwarcraft.blizzard.com/en-gb/character/eu/saurfang/silvermage,https://www.warcraftlogs.com/character/eu/saurfang/silvermage
175300789,Stoneadin,https://raider.io/characters/eu/saurfang/stoneadin,https://worldofwarcraft.blizzard.com/en-gb/character/eu/saurfang/stoneadin,https://www.warcraftlogs.com/character/eu/saurfang/stoneadin
175328917,Lairiel,https://raider.io/characters/eu/terokkar/lairiel,https://worldofwarcraft.blizzard.com/en-gb/character/eu/terokkar/lairiel,https://www.warcraftlogs.com/character/eu/terokkar/lairiel
175368325,Lorénthia,https://raider.io/characters/eu/argent-dawn/lorénthia,https://worldofwarcraft.blizzard.com/en-gb/character/eu/argent-dawn/lorénthia,https://www.warcraftlogs.com/character/eu/argent-dawn/lorénthia
175414242,Petitcoeur,https://raider.io/characters/eu/saurfang/petitcoeur,https://worldofwarcraft.blizzard.com/en-gb/character/eu/saurfang/petitcoeur,https://www.warcraftlogs.com/character/eu/saurfang/petitcoeur
175478234,Bloodrins,https://raider.io/characters/eu/ravencrest/bloodrins,https://worldofwarcraft.blizzard.com/en-gb/character/eu/ravencrest/bloodrins,https://www.warcraftlogs.com/character/eu/ravencrest/bloodrins
175478371,Kiany,https://raider.io/characters/eu/ravencrest/kiany,https://worldofwarcraft.blizzard.com/en-gb/character/eu/ravencrest/kiany,https://www.warcraftlogs.com/character/eu/ravencrest/kiany
175504046,Gardarion,https://raider.io/characters/eu/burning-steppes/gardarion,https://worldofwarcraft.blizzard.com/en-gb/character/eu/burning-steppes/gardarion,https://www.warcraftlogs.com/character/eu/burning-steppes/gardarion
175504826,Demonglide,https://raider.io/characters/eu/ravencrest/demonglide,https://worldofwarcraft.blizzard.com/en-gb/character/eu/ravencrest/demonglide,https://www.warcraftlogs.com/character/eu/ravencrest/demonglide
175523411,Shuey,https://raider.io/characters/eu/darkspear/shuey,https://worldofwarcraft.blizzard.com/en-gb/character/eu/darkspear/shuey,https://www.warcraftlogs.com/character/eu/darkspear/shuey
175680572,Chily,https://raider.io/characters/eu/ravencrest/chily,https://worldofwarcraft.blizzard.com/en-gb/character/eu/ravencrest/chily,https://www.warcraftlogs.com/character/eu/ravencrest/chily
175857918,Makuta,https://raider.io/characters/eu/hellscream/makuta,https://worldofwarcraft.blizzard.com/en-gb/character/eu/hellscream/makuta,https://www.warcraftlogs.com/character/eu/hellscream/makuta
175865790,Sereneety,https://raider.io/characters/eu/darkspear/sereneety,https://worldofwarcraft.blizzard.com/en-gb/character/eu/darkspear/sereneety,https://www.warcraftlogs.com/character/eu/darkspear/sereneety
175893343,Fern,https://raider.io/characters/eu/terokkar/fern,https://worldofwarcraft.blizzard.com/en-gb/character/eu/terokkar/fern,https://www.warcraftlogs.com/character/eu/terokkar/fern
175898085,Ulfgrom,https://raider.io/characters/eu/terokkar/ulfgrom,https://worldofwarcraft.blizzard.com/en-gb/character/eu/terokkar/ulfgrom,https://www.warcraftlogs.com/character/eu/terokkar/ulfgrom
175953091,Faedra,https://raider.io/characters/eu/darkspear/faedra,https://worldofwarcraft.blizzard.com/en-gb/character/eu/darkspear/faedra,https://www.warcraftlogs.com/character/eu/darkspear/faedra
176055394,Darqshaman,https://raider.io/characters/eu/terokkar/darqshaman,https://worldofwarcraft.blizzard.com/en-gb/character/eu/terokkar/darqshaman,https://www.warcraftlogs.com/character/eu/terokkar/darqshaman
176228664,Ruckus,https://raider.io/characters/eu/korgall/ruckus,https://worldofwarcraft.blizzard.com/en-gb/character/eu/korgall/ruckus,https://www.warcraftlogs.com/character/eu/korgall/ruckus
176369182,Missdmeanor,https://raider.io/characters/eu/terokkar/missdmeanor,https://worldofwarcraft.blizzard.com/en-gb/character/eu/terokkar/missdmeanor,https://www.warcraftlogs.com/character/eu/terokkar/missdmeanor
176412556,Jamina,https://raider.io/characters/eu/saurfang/jamina,https://worldofwarcraft.blizzard.com/en-gb/character/eu/saurfang/jamina,https://www.warcraftlogs.com/character/eu/saurfang/jamina
176416503,Mayadik,https://raider.io/characters/eu/doomhammer/mayadik,https://worldofwarcraft.blizzard.com/en-gb/character/eu/doomhammer/mayadik,https://www.warcraftlogs.com/character/eu/doomhammer/mayadik
176677135,Handfaste,https://raider.io/characters/eu/saurfang/handfaste,https://worldofwarcraft.blizzard.com/en-gb/character/eu/saurfang/handfaste,https://www.warcraftlogs.com/character/eu/saurfang/handfaste
176837926,Nairi,https://raider.io/characters/eu/saurfang/nairi,https://worldofwarcraft.blizzard.com/en-gb/character/eu/saurfang/nairi,https://www.warcraftlogs.com/character/eu/saurfang/nairi
176865904,Mudiwa,https://raider.io/characters/eu/hellscream/mudiwa,https://worldofwarcraft.blizzard.com/en-gb/character/eu/hellscream/mudiwa,https://www.warcraftlogs.com/character/eu/hellscream/mudiwa
176911637,Descarte,https://raider.io/characters/eu/saurfang/descarte,https://worldofwarcraft.blizzard.com/en-gb/character/eu/saurfang/descarte,https://www.warcraftlogs.com/character/eu/saurfang/descarte
176959362,Tarwis,https://raider.io/characters/eu/terokkar/tarwis,https://worldofwarcraft.blizzard.com/en-gb/character/eu/terokkar/tarwis,https://www.warcraftlogs.com/character/eu/terokkar/tarwis
177078250,Hejtuur,https://raider.io/characters/eu/terokkar/hejtuur,https://worldofwarcraft.blizzard.com/en-gb/character/eu/terokkar/hejtuur,https://www.warcraftlogs.com/character/eu/terokkar/hejtuur
177153562,Kremonn,https://raider.io/characters/eu/magtheridon/kremonn,https://worldofwarcraft.blizzard.com/en-gb/character/eu/magtheridon/kremonn,https://www.warcraftlogs.com/character/eu/magtheridon/kremonn
177155770,Cartron,https://raider.io/characters/eu/saurfang/cartron,https://worldofwarcraft.blizzard.com/en-gb/character/eu/saurfang/cartron,https://www.warcraftlogs.com/character/eu/saurfang/cartron
177285040,Questro,https://raider.io/characters/eu/darkspear/questro,https://worldofwarcraft.blizzard.com/en-gb/character/eu/darkspear/questro,https://www.warcraftlogs.com/character/eu/darkspear/questro
177293147,Sivara,https://raider.io/characters/eu/moonglade/sivara,https://worldofwarcraft.blizzard.com/en-gb/character/eu/moonglade/sivara,https://www.warcraftlogs.com/character/eu/moonglade/sivara
177333770,Lawr,https://raider.io/characters/eu/saurfang/lawr,https://worldofwarcraft.blizzard.com/en-gb/character/eu/saurfang/lawr,https://www.warcraftlogs.com/character/eu/saurfang/lawr
177349722,Luckle,https://raider.io/characters/eu/moonglade/luckle,https://worldofwarcraft.blizzard.com/en-gb/character/eu/moonglade/luckle,https://www.warcraftlogs.com/character/eu/moonglade/luckle
177409164,Humanpaladin,https://raider.io/characters/eu/saurfang/humanpaladin,https://worldofwarcraft.blizzard.com/en-gb/character/eu/saurfang/humanpaladin,https://www.warcraftlogs.com/character/eu/saurfang/humanpaladin
177409200,Spodokomodo,https://raider.io/characters/eu/saurfang/spodokomodo,https://worldofwarcraft.blizzard.com/en-gb/character/eu/saurfang/spodokomodo,https://www.warcraftlogs.com/character/eu/saurfang/spodokomodo
177409291,Skrinx,https://raider.io/characters/eu/saurfang/skrinx,https://worldofwarcraft.blizzard.com/en-gb/character/eu/saurfang/skrinx,https://www.warcraftlogs.com/character/eu/saurfang/skrinx
177698382,Black,https://raider.io/characters/eu/moonglade/black,https://worldofwarcraft.blizzard.com/en-gb/character/eu/moonglade/black,https://www.warcraftlogs.com/character/eu/moonglade/black
177719478,Lupine,https://raider.io/characters/eu/saurfang/lupine,https://worldofwarcraft.blizzard.com/en-gb/character/eu/saurfang/lupine,https://www.warcraftlogs.com/character/eu/saurfang/lupine
177727943,Mistaweewee,https://raider.io/characters/eu/tarren-mill/mistaweewee,https://worldofwarcraft.blizzard.com/en-gb/character/eu/tarren-mill/mistaweewee,https://www.warcraftlogs.com/character/eu/tarren-mill/mistaweewee
177895892,Ceasar,https://raider.io/characters/eu/saurfang/ceasar,https://worldofwarcraft.blizzard.com/en-gb/character/eu/saurfang/ceasar,https://www.warcraftlogs.com/character/eu/saurfang/ceasar
178013061,Bryon,https://raider.io/characters/eu/darkspear/bryon,https://worldofwarcraft.blizzard.com/en-gb/character/eu/darkspear/bryon,https://www.warcraftlogs.com/character/eu/darkspear/bryon
178060397,Zandria,https://raider.io/characters/eu/terokkar/zandria,https://worldofwarcraft.blizzard.com/en-gb/character/eu/terokkar/zandria,https://www.warcraftlogs.com/character/eu/terokkar/zandria
178119449,Mikurix,https://raider.io/characters/eu/darkspear/mikurix,https://worldofwarcraft.blizzard.com/en-gb/character/eu/darkspear/mikurix,https://www.warcraftlogs.com/character/eu/darkspear/mikurix
178149604,Athemis,https://raider.io/characters/eu/darkspear/athemis,https://worldofwarcraft.blizzard.com/en-gb/character/eu/darkspear/athemis,https://www.warcraftlogs.com/character/eu/darkspear/athemis
178295288,Aradeni,https://raider.io/characters/eu/darkspear/aradeni,https://worldofwarcraft.blizzard.com/en-gb/character/eu/darkspear/aradeni,https://www.warcraftlogs.com/character/eu/darkspear/aradeni
178332126,Bladesky,https://raider.io/characters/eu/darkspear/bladesky,https://worldofwarcraft.blizzard.com/en-gb/character/eu/darkspear/bladesky,https://www.warcraftlogs.com/character/eu/darkspear/bladesky
178397571,Krátós,https://raider.io/characters/eu/burning-blade/krátós,https://worldofwarcraft.blizzard.com/en-gb/character/eu/burning-blade/krátós,https://www.warcraftlogs.com/character/eu/burning-blade/krátós
178477806,Bunnykins,https://raider.io/characters/eu/darkspear/bunnykins,https://worldofwarcraft.blizzard.com/en-gb/character/eu/darkspear/bunnykins,https://www.warcraftlogs.com/character/eu/darkspear/bunnykins
178676904,Purrincess,https://raider.io/characters/eu/darkspear/purrincess,https://worldofwarcraft.blizzard.com/en-gb/character/eu/darkspear/purrincess,https://www.warcraftlogs.com/character/eu/darkspear/purrincess
178779514,Imsneezy,https://raider.io/characters/eu/saurfang/imsneezy,https://worldofwarcraft.blizzard.com/en-gb/character/eu/saurfang/imsneezy,https://www.warcraftlogs.com/character/eu/saurfang/imsneezy
178961003,Nitarian,https://raider.io/characters/eu/terokkar/nitarian,https://worldofwarcraft.blizzard.com/en-gb/character/eu/terokkar/nitarian,https://www.warcraftlogs.com/character/eu/terokkar/nitarian
179042429,Vanísh,https://raider.io/characters/eu/saurfang/vanísh,https://worldofwarcraft.blizzard.com/en-gb/character/eu/saurfang/vanísh,https://www.warcraftlogs.com/character/eu/saurfang/vanísh
179136553,Nima,https://raider.io/characters/eu/terokkar/nima,https://worldofwarcraft.blizzard.com/en-gb/character/eu/terokkar/nima,https://www.warcraftlogs.com/character/eu/terokkar/nima
179158813,Imgrumpy,https://raider.io/characters/eu/saurfang/imgrumpy,https://worldofwarcraft.blizzard.com/en-gb/character/eu/saurfang/imgrumpy,https://www.warcraftlogs.com/character/eu/saurfang/imgrumpy
179277698,Zalrias,https://raider.io/characters/eu/draenor/zalrias,https://worldofwarcraft.blizzard.com/en-gb/character/eu/draenor/zalrias,https://www.warcraftlogs.com/character/eu/draenor/zalrias
179375522,Sharlaton,https://raider.io/characters/eu/saurfang/sharlaton,https://worldofwarcraft.blizzard.com/en-gb/character/eu/saurfang/sharlaton,https://www.warcraftlogs.com/character/eu/saurfang/sharlaton
179396095,Menethill,https://raider.io/characters/eu/darkspear/menethill,https://worldofwarcraft.blizzard.com/en-gb/character/eu/darkspear/menethill,https://www.warcraftlogs.com/character/eu/darkspear/menethill
179396122,Bobleearrow,https://raider.io/characters/eu/darkspear/bobleearrow,https://worldofwarcraft.blizzard.com/en-gb/character/eu/darkspear/bobleearrow,https://www.warcraftlogs.com/character/eu/darkspear/bobleearrow
179435749,Wîenna,https://raider.io/characters/eu/terokkar/wîenna,https://worldofwarcraft.blizzard.com/en-gb/character/eu/terokkar/wîenna,https://www.warcraftlogs.com/character/eu/terokkar/wîenna
179592276,Rosali,https://raider.io/characters/eu/terokkar/rosali,https://worldofwarcraft.blizzard.com/en-gb/character/eu/terokkar/rosali,https://www.warcraftlogs.com/character/eu/terokkar/rosali
179717616,Caelenne,https://raider.io/characters/eu/moonglade/caelenne,https://worldofwarcraft.blizzard.com/en-gb/character/eu/moonglade/caelenne,https://www.warcraftlogs.com/character/eu/moonglade/caelenne
179718028,Lennaya,https://raider.io/characters/eu/moonglade/lennaya,https://worldofwarcraft.blizzard.com/en-gb/character/eu/moonglade/lennaya,https://www.warcraftlogs.com/character/eu/moonglade/lennaya
179800014,Wíggs,https://raider.io/characters/eu/kazzak/wíggs,https://worldofwarcraft.blizzard.com/en-gb/character/eu/kazzak/wíggs,https://www.warcraftlogs.com/character/eu/kazzak/wíggs
179806650,Romen,https://raider.io/characters/eu/terokkar/romen,https://worldofwarcraft.blizzard.com/en-gb/character/eu/terokkar/romen,https://www.warcraftlogs.com/character/eu/terokkar/romen
179842150,Brámble,https://raider.io/characters/eu/saurfang/brámble,https://worldofwarcraft.blizzard.com/en-gb/character/eu/saurfang/brámble,https://www.warcraftlogs.com/character/eu/saurfang/brámble
179912109,Velvetvixen,https://raider.io/characters/eu/darkspear/velvetvixen,https://worldofwarcraft.blizzard.com/en-gb/character/eu/darkspear/velvetvixen,https://www.warcraftlogs.com/character/eu/darkspear/velvetvixen
179923203,Ruckle,https://raider.io/characters/eu/moonglade/ruckle,https://worldofwarcraft.blizzard.com/en-gb/character/eu/moonglade/ruckle,https://www.warcraftlogs.com/character/eu/moonglade/ruckle
179923470,Beefyelf,https://raider.io/characters/eu/terokkar/beefyelf,https://worldofwarcraft.blizzard.com/en-gb/character/eu/terokkar/beefyelf,https://www.warcraftlogs.com/character/eu/terokkar/beefyelf
179964361,Vanith,https://raider.io/characters/eu/saurfang/vanith,https://worldofwarcraft.blizzard.com/en-gb/character/eu/saurfang/vanith,https://www.warcraftlogs.com/character/eu/saurfang/vanith
179972375,Rogueckle,https://raider.io/characters/eu/moonglade/rogueckle,https://worldofwarcraft.blizzard.com/en-gb/character/eu/moonglade/rogueckle,https://www.warcraftlogs.com/character/eu/moonglade/rogueckle
179989359,Zajmoon,https://raider.io/characters/eu/saurfang/zajmoon,https://worldofwarcraft.blizzard.com/en-gb/character/eu/saurfang/zajmoon,https://www.warcraftlogs.com/character/eu/saurfang/zajmoon
180031291,Cyainasec,https://raider.io/characters/eu/terokkar/cyainasec,https://worldofwarcraft.blizzard.com/en-gb/character/eu/terokkar/cyainasec,https://www.warcraftlogs.com/character/eu/terokkar/cyainasec
180051284,Atheliss,https://raider.io/characters/eu/darkspear/atheliss,https://worldofwarcraft.blizzard.com/en-gb/character/eu/darkspear/atheliss,https://www.warcraftlogs.com/character/eu/darkspear/atheliss
180065513,Sillver,https://raider.io/characters/eu/terokkar/sillver,https://worldofwarcraft.blizzard.com/en-gb/character/eu/terokkar/sillver,https://www.warcraftlogs.com/character/eu/terokkar/sillver
180068743,Threerivers,https://raider.io/characters/eu/terokkar/threerivers,https://worldofwarcraft.blizzard.com/en-gb/character/eu/terokkar/threerivers,https://www.warcraftlogs.com/character/eu/terokkar/threerivers
180081403,Kungfupandaa,https://raider.io/characters/eu/saurfang/kungfupandaa,https://worldofwarcraft.blizzard.com/en-gb/character/eu/saurfang/kungfupandaa,https://www.warcraftlogs.com/character/eu/saurfang/kungfupandaa
180128488,Gryhm,https://raider.io/characters/eu/saurfang/gryhm,https://worldofwarcraft.blizzard.com/en-gb/character/eu/saurfang/gryhm,https://www.warcraftlogs.com/character/eu/saurfang/gryhm
180237481,Smokelock,https://raider.io/characters/eu/terokkar/smokelock,https://worldofwarcraft.blizzard.com/en-gb/character/eu/terokkar/smokelock,https://www.warcraftlogs.com/character/eu/terokkar/smokelock
180241075,Nakwena,https://raider.io/characters/eu/moonglade/nakwena,https://worldofwarcraft.blizzard.com/en-gb/character/eu/moonglade/nakwena,https://www.warcraftlogs.com/character/eu/moonglade/nakwena
180253383,Onebreath,https://raider.io/characters/eu/terokkar/onebreath,https://worldofwarcraft.blizzard.com/en-gb/character/eu/terokkar/onebreath,https://www.warcraftlogs.com/character/eu/terokkar/onebreath
180261106,Snowyn,https://raider.io/characters/eu/darkspear/snowyn,https://worldofwarcraft.blizzard.com/en-gb/character/eu/darkspear/snowyn,https://www.warcraftlogs.com/character/eu/darkspear/snowyn
180319181,Lightstalker,https://raider.io/characters/eu/saurfang/lightstalker,https://worldofwarcraft.blizzard.com/en-gb/character/eu/saurfang/lightstalker,https://www.warcraftlogs.com/character/eu/saurfang/lightstalker
180328244,Taradan,https://raider.io/characters/eu/saurfang/taradan,https://worldofwarcraft.blizzard.com/en-gb/character/eu/saurfang/taradan,https://www.warcraftlogs.com/character/eu/saurfang/taradan
180337005,Tremac,https://raider.io/characters/eu/darkspear/tremac,https://worldofwarcraft.blizzard.com/en-gb/character/eu/darkspear/tremac,https://www.warcraftlogs.com/character/eu/darkspear/tremac
180374899,Zais,https://raider.io/characters/eu/terokkar/zais,https://worldofwarcraft.blizzard.com/en-gb/character/eu/terokkar/zais,https://www.warcraftlogs.com/character/eu/terokkar/zais
180410074,Sorrow,https://raider.io/characters/eu/terokkar/sorrow,https://worldofwarcraft.blizzard.com/en-gb/character/eu/terokkar/sorrow,https://www.warcraftlogs.com/character/eu/terokkar/sorrow
180468791,Sheep,https://raider.io/characters/eu/terokkar/sheep,https://worldofwarcraft.blizzard.com/en-gb/character/eu/terokkar/sheep,https://www.warcraftlogs.com/character/eu/terokkar/sheep
180507331,Kenchoo,https://raider.io/characters/eu/saurfang/kenchoo,https://worldofwarcraft.blizzard.com/en-gb/character/eu/saurfang/kenchoo,https://www.warcraftlogs.com/character/eu/saurfang/kenchoo
180548139,Jaloh,https://raider.io/characters/eu/terokkar/jaloh,https://worldofwarcraft.blizzard.com/en-gb/character/eu/terokkar/jaloh,https://www.warcraftlogs.com/character/eu/terokkar/jaloh
180612112,Artaraz,https://raider.io/characters/eu/saurfang/artaraz,https://worldofwarcraft.blizzard.com/en-gb/character/eu/saurfang/artaraz,https://www.warcraftlogs.com/character/eu/saurfang/artaraz
180638035,Pausechamp,https://raider.io/characters/eu/saurfang/pausechamp,https://worldofwarcraft.blizzard.com/en-gb/character/eu/saurfang/pausechamp,https://www.warcraftlogs.com/character/eu/saurfang/pausechamp
180676238,Lorthius,https://raider.io/characters/eu/saurfang/lorthius,https://worldofwarcraft.blizzard.com/en-gb/character/eu/saurfang/lorthius,https://www.warcraftlogs.com/character/eu/saurfang/lorthius
180734700,Dentraki,https://raider.io/characters/eu/tarren-mill/dentraki,https://worldofwarcraft.blizzard.com/en-gb/character/eu/tarren-mill/dentraki,https://www.warcraftlogs.com/character/eu/tarren-mill/dentraki
180764298,Ayani,https://raider.io/characters/eu/saurfang/ayani,https://worldofwarcraft.blizzard.com/en-gb/character/eu/saurfang/ayani,https://www.warcraftlogs.com/character/eu/saurfang/ayani
180805007,Azsuna,https://raider.io/characters/eu/saurfang/azsuna,https://worldofwarcraft.blizzard.com/en-gb/character/eu/saurfang/azsuna,https://www.warcraftlogs.com/character/eu/saurfang/azsuna
180917954,Sumera,https://raider.io/characters/eu/terokkar/sumera,https://worldofwarcraft.blizzard.com/en-gb/character/eu/terokkar/sumera,https://www.warcraftlogs.com/character/eu/terokkar/sumera
181060344,Shartman,https://raider.io/characters/eu/shattered-hand/shartman,https://worldofwarcraft.blizzard.com/en-gb/character/eu/shattered-hand/shartman,https://www.warcraftlogs.com/character/eu/shattered-hand/shartman
181093097,Ramsi,https://raider.io/characters/eu/terokkar/ramsi,https://worldofwarcraft.blizzard.com/en-gb/character/eu/terokkar/ramsi,https://www.warcraftlogs.com/character/eu/terokkar/ramsi
181098942,Tarwyss,https://raider.io/characters/eu/terokkar/tarwyss,https://worldofwarcraft.blizzard.com/en-gb/character/eu/terokkar/tarwyss,https://www.warcraftlogs.com/character/eu/terokkar/tarwyss
181141202,Nytram,https://raider.io/characters/eu/terokkar/nytram,https://worldofwarcraft.blizzard.com/en-gb/character/eu/terokkar/nytram,https://www.warcraftlogs.com/character/eu/terokkar/nytram
181259475,Strm,https://raider.io/characters/eu/terokkar/strm,https://worldofwarcraft.blizzard.com/en-gb/character/eu/terokkar/strm,https://www.warcraftlogs.com/character/eu/terokkar/strm
181318506,Draenerys,https://raider.io/characters/eu/shattered-hand/draenerys,https://worldofwarcraft.blizzard.com/en-gb/character/eu/shattered-hand/draenerys,https://www.warcraftlogs.com/character/eu/shattered-hand/draenerys
181338110,Riker,https://raider.io/characters/eu/terokkar/riker,https://worldofwarcraft.blizzard.com/en-gb/character/eu/terokkar/riker,https://www.warcraftlogs.com/character/eu/terokkar/riker
181351879,Ranith,https://raider.io/characters/eu/saurfang/ranith,https://worldofwarcraft.blizzard.com/en-gb/character/eu/saurfang/ranith,https://www.warcraftlogs.com/character/eu/saurfang/ranith
181371263,Tarwiis,https://raider.io/characters/eu/terokkar/tarwiis,https://worldofwarcraft.blizzard.com/en-gb/character/eu/terokkar/tarwiis,https://www.warcraftlogs.com/character/eu/terokkar/tarwiis
181526609,Slyd,https://raider.io/characters/eu/saurfang/slyd,https://worldofwarcraft.blizzard.com/en-gb/character/eu/saurfang/slyd,https://www.warcraftlogs.com/character/eu/saurfang/slyd
181533206,Onana,https://raider.io/characters/eu/terokkar/onana,https://worldofwarcraft.blizzard.com/en-gb/character/eu/terokkar/onana,https://www.warcraftlogs.com/character/eu/terokkar/onana
181563304,Hqofficer,https://raider.io/characters/eu/terokkar/hqofficer,https://worldofwarcraft.blizzard.com/en-gb/character/eu/terokkar/hqofficer,https://www.warcraftlogs.com/character/eu/terokkar/hqofficer
181601973,Kirkgon,https://raider.io/characters/eu/terokkar/kirkgon,https://worldofwarcraft.blizzard.com/en-gb/character/eu/terokkar/kirkgon,https://www.warcraftlogs.com/character/eu/terokkar/kirkgon
181767070,Donkraften,https://raider.io/characters/eu/bloodfeather/donkraften,https://worldofwarcraft.blizzard.com/en-gb/character/eu/bloodfeather/donkraften,https://www.warcraftlogs.com/character/eu/bloodfeather/donkraften
181822699,Diadora,https://raider.io/characters/eu/terokkar/diadora,https://worldofwarcraft.blizzard.com/en-gb/character/eu/terokkar/diadora,https://www.warcraftlogs.com/character/eu/terokkar/diadora
181853768,Everdeen,https://raider.io/characters/eu/saurfang/everdeen,https://worldofwarcraft.blizzard.com/en-gb/character/eu/saurfang/everdeen,https://www.warcraftlogs.com/character/eu/saurfang/everdeen
181945997,Tzien,https://raider.io/characters/eu/saurfang/tzien,https://worldofwarcraft.blizzard.com/en-gb/character/eu/saurfang/tzien,https://www.warcraftlogs.com/character/eu/saurfang/tzien
181981249,Panthro,https://raider.io/characters/eu/terokkar/panthro,https://worldofwarcraft.blizzard.com/en-gb/character/eu/terokkar/panthro,https://www.warcraftlogs.com/character/eu/terokkar/panthro
182000665,Kiharne,https://raider.io/characters/eu/terokkar/kiharne,https://worldofwarcraft.blizzard.com/en-gb/character/eu/terokkar/kiharne,https://www.warcraftlogs.com/character/eu/terokkar/kiharne
182006488,Salexe,https://raider.io/characters/eu/shattered-hand/salexe,https://worldofwarcraft.blizzard.com/en-gb/character/eu/shattered-hand/salexe,https://www.warcraftlogs.com/character/eu/shattered-hand/salexe
182023421,Bloodfist,https://raider.io/characters/eu/terokkar/bloodfist,https://worldofwarcraft.blizzard.com/en-gb/character/eu/terokkar/bloodfist,https://www.warcraftlogs.com/character/eu/terokkar/bloodfist
182067060,Quinax,https://raider.io/characters/eu/shattered-hand/quinax,https://worldofwarcraft.blizzard.com/en-gb/character/eu/shattered-hand/quinax,https://www.warcraftlogs.com/character/eu/shattered-hand/quinax
182256780,Olívíá,https://raider.io/characters/eu/terokkar/olívíá,https://worldofwarcraft.blizzard.com/en-gb/character/eu/terokkar/olívíá,https://www.warcraftlogs.com/character/eu/terokkar/olívíá
182269421,Suffusion,https://raider.io/characters/eu/saurfang/suffusion,https://worldofwarcraft.blizzard.com/en-gb/character/eu/saurfang/suffusion,https://www.warcraftlogs.com/character/eu/saurfang/suffusion
182276755,Elspeth,https://raider.io/characters/eu/terrordar/elspeth,https://worldofwarcraft.blizzard.com/en-gb/character/eu/terrordar/elspeth,https://www.warcraftlogs.com/character/eu/terrordar/elspeth
182325198,Snowblue,https://raider.io/characters/eu/terokkar/snowblue,https://worldofwarcraft.blizzard.com/en-gb/character/eu/terokkar/snowblue,https://www.warcraftlogs.com/character/eu/terokkar/snowblue
182340448,Mythtic,https://raider.io/characters/eu/terokkar/mythtic,https://worldofwarcraft.blizzard.com/en-gb/character/eu/terokkar/mythtic,https://www.warcraftlogs.com/character/eu/terokkar/mythtic
182343268,Eviblaze,https://raider.io/characters/eu/argent-dawn/eviblaze,https://worldofwarcraft.blizzard.com/en-gb/character/eu/argent-dawn/eviblaze,https://www.warcraftlogs.com/character/eu/argent-dawn/eviblaze
182363502,Skorps,https://raider.io/characters/eu/shattered-hand/skorps,https://worldofwarcraft.blizzard.com/en-gb/character/eu/shattered-hand/skorps,https://www.warcraftlogs.com/character/eu/shattered-hand/skorps
182380880,Legolàz,https://raider.io/characters/eu/terokkar/legolàz,https://worldofwarcraft.blizzard.com/en-gb/character/eu/terokkar/legolàz,https://www.warcraftlogs.com/character/eu/terokkar/legolàz
182403939,Varrocks,https://raider.io/characters/eu/doomhammer/varrocks,https://worldofwarcraft.blizzard.com/en-gb/character/eu/doomhammer/varrocks,https://www.warcraftlogs.com/character/eu/doomhammer/varrocks
182463516,Awoogah,https://raider.io/characters/eu/saurfang/awoogah,https://worldofwarcraft.blizzard.com/en-gb/character/eu/saurfang/awoogah,https://www.warcraftlogs.com/character/eu/saurfang/awoogah
182494185,Kenko,https://raider.io/characters/eu/darkspear/kenko,https://worldofwarcraft.blizzard.com/en-gb/character/eu/darkspear/kenko,https://www.warcraftlogs.com/character/eu/darkspear/kenko
182501694,Jericho,https://raider.io/characters/eu/terokkar/jericho,https://worldofwarcraft.blizzard.com/en-gb/character/eu/terokkar/jericho,https://www.warcraftlogs.com/character/eu/terokkar/jericho
182533300,Whitejuvel,https://raider.io/characters/eu/darkspear/whitejuvel,https://worldofwarcraft.blizzard.com/en-gb/character/eu/darkspear/whitejuvel,https://www.warcraftlogs.com/character/eu/darkspear/whitejuvel
182586779,Mogui,https://raider.io/characters/eu/bloodfeather/mogui,https://worldofwarcraft.blizzard.com/en-gb/character/eu/bloodfeather/mogui,https://www.warcraftlogs.com/character/eu/bloodfeather/mogui
182595360,Molnia,https://raider.io/characters/eu/azjolnerub/molnia,https://worldofwarcraft.blizzard.com/en-gb/character/eu/azjolnerub/molnia,https://www.warcraftlogs.com/character/eu/azjolnerub/molnia
182630987,Avvit,https://raider.io/characters/eu/terokkar/avvit,https://worldofwarcraft.blizzard.com/en-gb/character/eu/terokkar/avvit,https://www.warcraftlogs.com/character/eu/terokkar/avvit
182636760,Scarlèt,https://raider.io/characters/eu/azjolnerub/scarlèt,https://worldofwarcraft.blizzard.com/en-gb/character/eu/azjolnerub/scarlèt,https://www.warcraftlogs.com/character/eu/azjolnerub/scarlèt
182646829,Tinytracker,https://raider.io/characters/eu/saurfang/tinytracker,https://worldofwarcraft.blizzard.com/en-gb/character/eu/saurfang/tinytracker,https://www.warcraftlogs.com/character/eu/saurfang/tinytracker
182689815,Buladin,https://raider.io/characters/eu/darkspear/buladin,https://worldofwarcraft.blizzard.com/en-gb/character/eu/darkspear/buladin,https://www.warcraftlogs.com/character/eu/darkspear/buladin
182713858,Nest,https://raider.io/characters/eu/terokkar/nest,https://worldofwarcraft.blizzard.com/en-gb/character/eu/terokkar/nest,https://www.warcraftlogs.com/character/eu/terokkar/nest
182733415,Lumpolard,https://raider.io/characters/eu/terokkar/lumpolard,https://worldofwarcraft.blizzard.com/en-gb/character/eu/terokkar/lumpolard,https://www.warcraftlogs.com/character/eu/terokkar/lumpolard
182766975,Tech,https://raider.io/characters/eu/shattered-hand/tech,https://worldofwarcraft.blizzard.com/en-gb/character/eu/shattered-hand/tech,https://www.warcraftlogs.com/character/eu/shattered-hand/tech
182769527,Sisyphus,https://raider.io/characters/eu/executus/sisyphus,https://worldofwarcraft.blizzard.com/en-gb/character/eu/executus/sisyphus,https://www.warcraftlogs.com/character/eu/executus/sisyphus
182844310,Tíger,https://raider.io/characters/eu/argent-dawn/tíger,https://worldofwarcraft.blizzard.com/en-gb/character/eu/argent-dawn/tíger,https://www.warcraftlogs.com/character/eu/argent-dawn/tíger
182857624,Babymorph,https://raider.io/characters/eu/bloodfeather/babymorph,https://worldofwarcraft.blizzard.com/en-gb/character/eu/bloodfeather/babymorph,https://www.warcraftlogs.com/character/eu/bloodfeather/babymorph
182902447,Gizella,https://raider.io/characters/eu/bloodfeather/gizella,https://worldofwarcraft.blizzard.com/en-gb/character/eu/bloodfeather/gizella,https://www.warcraftlogs.com/character/eu/bloodfeather/gizella
182960650,Shifti,https://raider.io/characters/eu/terokkar/shifti,https://worldofwarcraft.blizzard.com/en-gb/character/eu/terokkar/shifti,https://www.warcraftlogs.com/character/eu/terokkar/shifti
183039712,Nicho,https://raider.io/characters/eu/executus/nicho,https://worldofwarcraft.blizzard.com/en-gb/character/eu/executus/nicho,https://www.warcraftlogs.com/character/eu/executus/nicho
183079028,Sneezydk,https://raider.io/characters/eu/tarren-mill/sneezydk,https://worldofwarcraft.blizzard.com/en-gb/character/eu/tarren-mill/sneezydk,https://www.warcraftlogs.com/character/eu/tarren-mill/sneezydk
183120771,Dragodeath,https://raider.io/characters/eu/saurfang/dragodeath,https://worldofwarcraft.blizzard.com/en-gb/character/eu/saurfang/dragodeath,https://www.warcraftlogs.com/character/eu/saurfang/dragodeath
183168838,Tweara,https://raider.io/characters/eu/moonglade/tweara,https://worldofwarcraft.blizzard.com/en-gb/character/eu/moonglade/tweara,https://www.warcraftlogs.com/character/eu/moonglade/tweara
183169515,Monkswool,https://raider.io/characters/eu/saurfang/monkswool,https://worldofwarcraft.blizzard.com/en-gb/character/eu/saurfang/monkswool,https://www.warcraftlogs.com/character/eu/saurfang/monkswool
183247816,Cheinna,https://raider.io/characters/eu/argent-dawn/cheinna,https://worldofwarcraft.blizzard.com/en-gb/character/eu/argent-dawn/cheinna,https://www.warcraftlogs.com/character/eu/argent-dawn/cheinna
183260602,Cannabissaa,https://raider.io/characters/eu/terokkar/cannabissaa,https://worldofwarcraft.blizzard.com/en-gb/character/eu/terokkar/cannabissaa,https://www.warcraftlogs.com/character/eu/terokkar/cannabissaa
183349856,Sellania,https://raider.io/characters/eu/moonglade/sellania,https://worldofwarcraft.blizzard.com/en-gb/character/eu/moonglade/sellania,https://www.warcraftlogs.com/character/eu/moonglade/sellania
183358892,Summermoon,https://raider.io/characters/eu/bloodfeather/summermoon,https://worldofwarcraft.blizzard.com/en-gb/character/eu/bloodfeather/summermoon,https://www.warcraftlogs.com/character/eu/bloodfeather/summermoon
183359298,Högervänster,https://raider.io/characters/eu/shattered-hand/högervänster,https://worldofwarcraft.blizzard.com/en-gb/character/eu/shattered-hand/högervänster,https://www.warcraftlogs.com/character/eu/shattered-hand/högervänster
183361849,Kirkdog,https://raider.io/characters/eu/terokkar/kirkdog,https://worldofwarcraft.blizzard.com/en-gb/character/eu/terokkar/kirkdog,https://www.warcraftlogs.com/character/eu/terokkar/kirkdog
183458358,Jägerbomb,https://raider.io/characters/eu/terokkar/jägerbomb,https://worldofwarcraft.blizzard.com/en-gb/character/eu/terokkar/jägerbomb,https://www.warcraftlogs.com/character/eu/terokkar/jägerbomb
183490952,Fanatheil,https://raider.io/characters/eu/saurfang/fanatheil,https://worldofwarcraft.blizzard.com/en-gb/character/eu/saurfang/fanatheil,https://www.warcraftlogs.com/character/eu/saurfang/fanatheil
183516549,Tharwar,https://raider.io/characters/eu/saurfang/tharwar,https://worldofwarcraft.blizzard.com/en-gb/character/eu/saurfang/tharwar,https://www.warcraftlogs.com/character/eu/saurfang/tharwar
183679130,Mw,https://raider.io/characters/eu/darkspear/mw,https://worldofwarcraft.blizzard.com/en-gb/character/eu/darkspear/mw,https://www.warcraftlogs.com/character/eu/darkspear/mw
183698957,Arlyn,https://raider.io/characters/eu/terokkar/arlyn,https://worldofwarcraft.blizzard.com/en-gb/character/eu/terokkar/arlyn,https://www.warcraftlogs.com/character/eu/terokkar/arlyn
183705298,Doombar,https://raider.io/characters/eu/terokkar/doombar,https://worldofwarcraft.blizzard.com/en-gb/character/eu/terokkar/doombar,https://www.warcraftlogs.com/character/eu/terokkar/doombar
183722300,Shädo,https://raider.io/characters/eu/darkspear/shädo,https://worldofwarcraft.blizzard.com/en-gb/character/eu/darkspear/shädo,https://www.warcraftlogs.com/character/eu/darkspear/shädo
183724840,Wackle,https://raider.io/characters/eu/moonglade/wackle,https://worldofwarcraft.blizzard.com/en-gb/character/eu/moonglade/wackle,https://www.warcraftlogs.com/character/eu/moonglade/wackle
183777873,Zérolove,https://raider.io/characters/eu/saurfang/zérolove,https://worldofwarcraft.blizzard.com/en-gb/character/eu/saurfang/zérolove,https://www.warcraftlogs.com/character/eu/saurfang/zérolove
183793524,Danksvensson,https://raider.io/characters/eu/executus/danksvensson,https://worldofwarcraft.blizzard.com/en-gb/character/eu/executus/danksvensson,https://www.warcraftlogs.com/character/eu/executus/danksvensson
183819968,Apolo,https://raider.io/characters/eu/korgall/apolo,https://worldofwarcraft.blizzard.com/en-gb/character/eu/korgall/apolo,https://www.warcraftlogs.com/character/eu/korgall/apolo
183944878,Myná,https://raider.io/characters/eu/darkspear/myná,https://worldofwarcraft.blizzard.com/en-gb/character/eu/darkspear/myná,https://www.warcraftlogs.com/character/eu/darkspear/myná
184056699,Otodlyadida,https://raider.io/characters/eu/terokkar/otodlyadida,https://worldofwarcraft.blizzard.com/en-gb/character/eu/terokkar/otodlyadida,https://www.warcraftlogs.com/character/eu/terokkar/otodlyadida
184137826,Amhere,https://raider.io/characters/eu/saurfang/amhere,https://worldofwarcraft.blizzard.com/en-gb/character/eu/saurfang/amhere,https://www.warcraftlogs.com/character/eu/saurfang/amhere
184167090,Drongo,https://raider.io/characters/eu/terokkar/drongo,https://worldofwarcraft.blizzard.com/en-gb/character/eu/terokkar/drongo,https://www.warcraftlogs.com/character/eu/terokkar/drongo
184169703,Krenling,https://raider.io/characters/eu/darkspear/krenling,https://worldofwarcraft.blizzard.com/en-gb/character/eu/darkspear/krenling,https://www.warcraftlogs.com/character/eu/darkspear/krenling
184226753,Elysio,https://raider.io/characters/eu/shattered-hand/elysio,https://worldofwarcraft.blizzard.com/en-gb/character/eu/shattered-hand/elysio,https://www.warcraftlogs.com/character/eu/shattered-hand/elysio
184233438,Muschízerstö,https://raider.io/characters/eu/darkspear/muschízerstö,https://worldofwarcraft.blizzard.com/en-gb/character/eu/darkspear/muschízerstö,https://www.warcraftlogs.com/character/eu/darkspear/muschízerstö
184311499,Shadowfalen,https://raider.io/characters/eu/doomhammer/shadowfalen,https://worldofwarcraft.blizzard.com/en-gb/character/eu/doomhammer/shadowfalen,https://www.warcraftlogs.com/character/eu/doomhammer/shadowfalen
184314184,Truaim,https://raider.io/characters/eu/shattered-hand/truaim,https://worldofwarcraft.blizzard.com/en-gb/character/eu/shattered-hand/truaim,https://www.warcraftlogs.com/character/eu/shattered-hand/truaim
184316447,Jordskred,https://raider.io/characters/eu/shattered-hand/jordskred,https://worldofwarcraft.blizzard.com/en-gb/character/eu/shattered-hand/jordskred,https://www.warcraftlogs.com/character/eu/shattered-hand/jordskred
184323457,Janiebanwen,https://raider.io/characters/eu/saurfang/janiebanwen,https://worldofwarcraft.blizzard.com/en-gb/character/eu/saurfang/janiebanwen,https://www.warcraftlogs.com/character/eu/saurfang/janiebanwen
184340634,Grenadier,https://raider.io/characters/eu/saurfang/grenadier,https://worldofwarcraft.blizzard.com/en-gb/character/eu/saurfang/grenadier,https://www.warcraftlogs.com/character/eu/saurfang/grenadier
184388414,Eversor,https://raider.io/characters/eu/terokkar/eversor,https://worldofwarcraft.blizzard.com/en-gb/character/eu/terokkar/eversor,https://www.warcraftlogs.com/character/eu/terokkar/eversor
184405219,Lotusblossom,https://raider.io/characters/eu/darkspear/lotusblossom,https://worldofwarcraft.blizzard.com/en-gb/character/eu/darkspear/lotusblossom,https://www.warcraftlogs.com/character/eu/darkspear/lotusblossom
184421434,Thelamon,https://raider.io/characters/eu/burning-steppes/thelamon,https://worldofwarcraft.blizzard.com/en-gb/character/eu/burning-steppes/thelamon,https://www.warcraftlogs.com/character/eu/burning-steppes/thelamon
184443397,Loftykonuk,https://raider.io/characters/eu/turalyon/loftykonuk,https://worldofwarcraft.blizzard.com/en-gb/character/eu/turalyon/loftykonuk,https://www.warcraftlogs.com/character/eu/turalyon/loftykonuk
184450819,Discoveries,https://raider.io/characters/eu/terokkar/discoveries,https://worldofwarcraft.blizzard.com/en-gb/character/eu/terokkar/discoveries,https://www.warcraftlogs.com/character/eu/terokkar/discoveries
184456650,Zajmon,https://raider.io/characters/eu/saurfang/zajmon,https://worldofwarcraft.blizzard.com/en-gb/character/eu/saurfang/zajmon,https://www.warcraftlogs.com/character/eu/saurfang/zajmon
184516415,Vairozpr,https://raider.io/characters/eu/shattered-hand/vairozpr,https://worldofwarcraft.blizzard.com/en-gb/character/eu/shattered-hand/vairozpr,https://www.warcraftlogs.com/character/eu/shattered-hand/vairozpr
184614473,Earthadin,https://raider.io/characters/eu/haomarush/earthadin,https://worldofwarcraft.blizzard.com/en-gb/character/eu/haomarush/earthadin,https://www.warcraftlogs.com/character/eu/haomarush/earthadin
184620715,Remara,https://raider.io/characters/eu/darkspear/remara,https://worldofwarcraft.blizzard.com/en-gb/character/eu/darkspear/remara,https://www.warcraftlogs.com/character/eu/darkspear/remara
184650441,Lighthoff,https://raider.io/characters/eu/shattered-hand/lighthoff,https://worldofwarcraft.blizzard.com/en-gb/character/eu/shattered-hand/lighthoff,https://www.warcraftlogs.com/character/eu/shattered-hand/lighthoff
184653293,Xinthya,https://raider.io/characters/eu/burning-steppes/xinthya,https://worldofwarcraft.blizzard.com/en-gb/character/eu/burning-steppes/xinthya,https://www.warcraftlogs.com/character/eu/burning-steppes/xinthya
184666144,Yueigami,https://raider.io/characters/eu/bloodfeather/yueigami,https://worldofwarcraft.blizzard.com/en-gb/character/eu/bloodfeather/yueigami,https://www.warcraftlogs.com/character/eu/bloodfeather/yueigami
184668917,Arthaniss,https://raider.io/characters/eu/darkspear/arthaniss,https://worldofwarcraft.blizzard.com/en-gb/character/eu/darkspear/arthaniss,https://www.warcraftlogs.com/character/eu/darkspear/arthaniss
184677070,Avan,https://raider.io/characters/eu/darkspear/avan,https://worldofwarcraft.blizzard.com/en-gb/character/eu/darkspear/avan,https://www.warcraftlogs.com/character/eu/darkspear/avan
184736422,Walterwhite,https://raider.io/characters/eu/terokkar/walterwhite,https://worldofwarcraft.blizzard.com/en-gb/character/eu/terokkar/walterwhite,https://www.warcraftlogs.com/character/eu/terokkar/walterwhite
184736763,Mookí,https://raider.io/characters/eu/draenor/mookí,https://worldofwarcraft.blizzard.com/en-gb/character/eu/draenor/mookí,https://www.warcraftlogs.com/character/eu/draenor/mookí
184742599,Chieara,https://raider.io/characters/eu/darkspear/chieara,https://worldofwarcraft.blizzard.com/en-gb/character/eu/darkspear/chieara,https://www.warcraftlogs.com/character/eu/darkspear/chieara
184801910,Durinar,https://raider.io/characters/eu/darkspear/durinar,https://worldofwarcraft.blizzard.com/en-gb/character/eu/darkspear/durinar,https://www.warcraftlogs.com/character/eu/darkspear/durinar
184815172,Précilla,https://raider.io/characters/eu/shattered-hand/précilla,https://worldofwarcraft.blizzard.com/en-gb/character/eu/shattered-hand/précilla,https://www.warcraftlogs.com/character/eu/shattered-hand/précilla
184829578,Callahan,https://raider.io/characters/eu/saurfang/callahan,https://worldofwarcraft.blizzard.com/en-gb/character/eu/saurfang/callahan,https://www.warcraftlogs.com/character/eu/saurfang/callahan
184837305,Moonkeeper,https://raider.io/characters/eu/saurfang/moonkeeper,https://worldofwarcraft.blizzard.com/en-gb/character/eu/saurfang/moonkeeper,https://www.warcraftlogs.com/character/eu/saurfang/moonkeeper
184838819,Alise,https://raider.io/characters/eu/saurfang/alise,https://worldofwarcraft.blizzard.com/en-gb/character/eu/saurfang/alise,https://www.warcraftlogs.com/character/eu/saurfang/alise
184852583,Michael,https://raider.io/characters/eu/terokkar/michael,https://worldofwarcraft.blizzard.com/en-gb/character/eu/terokkar/michael,https://www.warcraftlogs.com/character/eu/terokkar/michael
185018485,Nessara,https://raider.io/characters/eu/saurfang/nessara,https://worldofwarcraft.blizzard.com/en-gb/character/eu/saurfang/nessara,https://www.warcraftlogs.com/character/eu/saurfang/nessara
185027349,Tialli,https://raider.io/characters/eu/terokkar/tialli,https://worldofwarcraft.blizzard.com/en-gb/character/eu/terokkar/tialli,https://www.warcraftlogs.com/character/eu/terokkar/tialli
185082031,Sarcophagus,https://raider.io/characters/eu/terokkar/sarcophagus,https://worldofwarcraft.blizzard.com/en-gb/character/eu/terokkar/sarcophagus,https://www.warcraftlogs.com/character/eu/terokkar/sarcophagus
185088462,Thyma,https://raider.io/characters/eu/saurfang/thyma,https://worldofwarcraft.blizzard.com/en-gb/character/eu/saurfang/thyma,https://www.warcraftlogs.com/character/eu/saurfang/thyma
185175594,Zalír,https://raider.io/characters/eu/bloodfeather/zalír,https://worldofwarcraft.blizzard.com/en-gb/character/eu/bloodfeather/zalír,https://www.warcraftlogs.com/character/eu/bloodfeather/zalír
185176004,Dralon,https://raider.io/characters/eu/terokkar/dralon,https://worldofwarcraft.blizzard.com/en-gb/character/eu/terokkar/dralon,https://www.warcraftlogs.com/character/eu/terokkar/dralon
185185529,Mezzino,https://raider.io/characters/eu/saurfang/mezzino,https://worldofwarcraft.blizzard.com/en-gb/character/eu/saurfang/mezzino,https://www.warcraftlogs.com/character/eu/saurfang/mezzino
185189029,Mechafrodo,https://raider.io/characters/eu/darkspear/mechafrodo,https://worldofwarcraft.blizzard.com/en-gb/character/eu/darkspear/mechafrodo,https://www.warcraftlogs.com/character/eu/darkspear/mechafrodo
185201043,Mini,https://raider.io/characters/eu/darkspear/mini,https://worldofwarcraft.blizzard.com/en-gb/character/eu/darkspear/mini,https://www.warcraftlogs.com/character/eu/darkspear/mini
185225510,Marianneje,https://raider.io/characters/eu/shattered-hand/marianneje,https://worldofwarcraft.blizzard.com/en-gb/character/eu/shattered-hand/marianneje,https://www.warcraftlogs.com/character/eu/shattered-hand/marianneje
185251729,Esthar,https://raider.io/characters/eu/terokkar/esthar,https://worldofwarcraft.blizzard.com/en-gb/character/eu/terokkar/esthar,https://www.warcraftlogs.com/character/eu/terokkar/esthar
185253762,Zarise,https://raider.io/characters/eu/darkspear/zarise,https://worldofwarcraft.blizzard.com/en-gb/character/eu/darkspear/zarise,https://www.warcraftlogs.com/character/eu/darkspear/zarise
185292465,Físh,https://raider.io/characters/eu/terokkar/físh,https://worldofwarcraft.blizzard.com/en-gb/character/eu/terokkar/físh,https://www.warcraftlogs.com/character/eu/terokkar/físh
185349948,Andromache,https://raider.io/characters/eu/burning-steppes/andromache,https://worldofwarcraft.blizzard.com/en-gb/character/eu/burning-steppes/andromache,https://www.warcraftlogs.com/character/eu/burning-steppes/andromache
185357289,Fjutten,https://raider.io/characters/eu/saurfang/fjutten,https://worldofwarcraft.blizzard.com/en-gb/character/eu/saurfang/fjutten,https://www.warcraftlogs.com/character/eu/saurfang/fjutten
185452062,Avgdmonnjoyr,https://raider.io/characters/eu/saurfang/avgdmonnjoyr,https://worldofwarcraft.blizzard.com/en-gb/character/eu/saurfang/avgdmonnjoyr,https://www.warcraftlogs.com/character/eu/saurfang/avgdmonnjoyr
185459293,Adjudicator,https://raider.io/characters/eu/terokkar/adjudicator,https://worldofwarcraft.blizzard.com/en-gb/character/eu/terokkar/adjudicator,https://www.warcraftlogs.com/character/eu/terokkar/adjudicator
185479834,Zenah,https://raider.io/characters/eu/darkspear/zenah,https://worldofwarcraft.blizzard.com/en-gb/character/eu/darkspear/zenah,https://www.warcraftlogs.com/character/eu/darkspear/zenah
185507303,Mikane,https://raider.io/characters/eu/burning-legion/mikane,https://worldofwarcraft.blizzard.com/en-gb/character/eu/burning-legion/mikane,https://www.warcraftlogs.com/character/eu/burning-legion/mikane
185509930,Thebeastess,https://raider.io/characters/eu/darkspear/thebeastess,https://worldofwarcraft.blizzard.com/en-gb/character/eu/darkspear/thebeastess,https://www.warcraftlogs.com/character/eu/darkspear/thebeastess
185513791,Sherlyne,https://raider.io/characters/eu/darkspear/sherlyne,https://worldofwarcraft.blizzard.com/en-gb/character/eu/darkspear/sherlyne,https://www.warcraftlogs.com/character/eu/darkspear/sherlyne
185540441,Dio,https://raider.io/characters/eu/saurfang/dio,https://worldofwarcraft.blizzard.com/en-gb/character/eu/saurfang/dio,https://www.warcraftlogs.com/character/eu/saurfang/dio
185566373,Huntina,https://raider.io/characters/eu/darkspear/huntina,https://worldofwarcraft.blizzard.com/en-gb/character/eu/darkspear/huntina,https://www.warcraftlogs.com/character/eu/darkspear/huntina
185566430,Totemiina,https://raider.io/characters/eu/darkspear/totemiina,https://worldofwarcraft.blizzard.com/en-gb/character/eu/darkspear/totemiina,https://www.warcraftlogs.com/character/eu/darkspear/totemiina
185578412,Tomchuk,https://raider.io/characters/eu/korgall/tomchuk,https://worldofwarcraft.blizzard.com/en-gb/character/eu/korgall/tomchuk,https://www.warcraftlogs.com/character/eu/korgall/tomchuk
185638546,Loomkin,https://raider.io/characters/eu/terokkar/loomkin,https://worldofwarcraft.blizzard.com/en-gb/character/eu/terokkar/loomkin,https://www.warcraftlogs.com/character/eu/terokkar/loomkin
185723218,Stryike,https://raider.io/characters/eu/saurfang/stryike,https://worldofwarcraft.blizzard.com/en-gb/character/eu/saurfang/stryike,https://www.warcraftlogs.com/character/eu/saurfang/stryike
185725294,Valkia,https://raider.io/characters/eu/terokkar/valkia,https://worldofwarcraft.blizzard.com/en-gb/character/eu/terokkar/valkia,https://www.warcraftlogs.com/character/eu/terokkar/valkia
185747569,Sleeptoken,https://raider.io/characters/eu/saurfang/sleeptoken,https://worldofwarcraft.blizzard.com/en-gb/character/eu/saurfang/sleeptoken,https://www.warcraftlogs.com/character/eu/saurfang/sleeptoken
185749020,Ståldk,https://raider.io/characters/eu/shattered-hand/ståldk,https://worldofwarcraft.blizzard.com/en-gb/character/eu/shattered-hand/ståldk,https://www.warcraftlogs.com/character/eu/shattered-hand/ståldk
185749667,Halley,https://raider.io/characters/eu/terokkar/halley,https://worldofwarcraft.blizzard.com/en-gb/character/eu/terokkar/halley,https://www.warcraftlogs.com/character/eu/terokkar/halley
185750293,Sophty,https://raider.io/characters/eu/terokkar/sophty,https://worldofwarcraft.blizzard.com/en-gb/character/eu/terokkar/sophty,https://www.warcraftlogs.com/character/eu/terokkar/sophty
185751641,Vorai,https://raider.io/characters/eu/terokkar/vorai,https://worldofwarcraft.blizzard.com/en-gb/character/eu/terokkar/vorai,https://www.warcraftlogs.com/character/eu/terokkar/vorai
185776517,Littleholy,https://raider.io/characters/eu/skullcrusher/littleholy,https://worldofwarcraft.blizzard.com/en-gb/character/eu/skullcrusher/littleholy,https://www.warcraftlogs.com/character/eu/skullcrusher/littleholy
185810292,Evisham,https://raider.io/characters/eu/argent-dawn/evisham,https://worldofwarcraft.blizzard.com/en-gb/character/eu/argent-dawn/evisham,https://www.warcraftlogs.com/character/eu/argent-dawn/evisham
185879766,Tinkerbellz,https://raider.io/characters/eu/saurfang/tinkerbellz,https://worldofwarcraft.blizzard.com/en-gb/character/eu/saurfang/tinkerbellz,https://www.warcraftlogs.com/character/eu/saurfang/tinkerbellz
185902609,Elderflower,https://raider.io/characters/eu/terokkar/elderflower,https://worldofwarcraft.blizzard.com/en-gb/character/eu/terokkar/elderflower,https://www.warcraftlogs.com/character/eu/terokkar/elderflower
185928704,Lemixclaw,https://raider.io/characters/eu/emerald-dream/lemixclaw,https://worldofwarcraft.blizzard.com/en-gb/character/eu/emerald-dream/lemixclaw,https://www.warcraftlogs.com/character/eu/emerald-dream/lemixclaw
185931051,Arrax,https://raider.io/characters/eu/terokkar/arrax,https://worldofwarcraft.blizzard.com/en-gb/character/eu/terokkar/arrax,https://www.warcraftlogs.com/character/eu/terokkar/arrax
185948678,Nimrod,https://raider.io/characters/eu/terokkar/nimrod,https://worldofwarcraft.blizzard.com/en-gb/character/eu/terokkar/nimrod,https://www.warcraftlogs.com/character/eu/terokkar/nimrod
185956378,Ameili,https://raider.io/characters/eu/saurfang/ameili,https://worldofwarcraft.blizzard.com/en-gb/character/eu/saurfang/ameili,https://www.warcraftlogs.com/character/eu/saurfang/ameili
185963061,Dracthilya,https://raider.io/characters/eu/terokkar/dracthilya,https://worldofwarcraft.blizzard.com/en-gb/character/eu/terokkar/dracthilya,https://www.warcraftlogs.com/character/eu/terokkar/dracthilya
186019504,Dismas,https://raider.io/characters/eu/saurfang/dismas,https://worldofwarcraft.blizzard.com/en-gb/character/eu/saurfang/dismas,https://www.warcraftlogs.com/character/eu/saurfang/dismas
186024405,Gatoula,https://raider.io/characters/eu/darkspear/gatoula,https://worldofwarcraft.blizzard.com/en-gb/character/eu/darkspear/gatoula,https://www.warcraftlogs.com/character/eu/darkspear/gatoula
186030699,Woolferine,https://raider.io/characters/eu/burning-steppes/woolferine,https://worldofwarcraft.blizzard.com/en-gb/character/eu/burning-steppes/woolferine,https://www.warcraftlogs.com/character/eu/burning-steppes/woolferine
186031221,Howitzer,https://raider.io/characters/eu/darkspear/howitzer,https://worldofwarcraft.blizzard.com/en-gb/character/eu/darkspear/howitzer,https://www.warcraftlogs.com/character/eu/darkspear/howitzer
186085907,Eltaco,https://raider.io/characters/eu/terokkar/eltaco,https://worldofwarcraft.blizzard.com/en-gb/character/eu/terokkar/eltaco,https://www.warcraftlogs.com/character/eu/terokkar/eltaco
186106354,Nothu,https://raider.io/characters/eu/terokkar/nothu,https://worldofwarcraft.blizzard.com/en-gb/character/eu/terokkar/nothu,https://www.warcraftlogs.com/character/eu/terokkar/nothu
186110183,Warlóck,https://raider.io/characters/eu/emerald-dream/warlóck,https://worldofwarcraft.blizzard.com/en-gb/character/eu/emerald-dream/warlóck,https://www.warcraftlogs.com/character/eu/emerald-dream/warlóck
186120047,Karistos,https://raider.io/characters/eu/terokkar/karistos,https://worldofwarcraft.blizzard.com/en-gb/character/eu/terokkar/karistos,https://www.warcraftlogs.com/character/eu/terokkar/karistos
186130915,Mokkachino,https://raider.io/characters/eu/terokkar/mokkachino,https://worldofwarcraft.blizzard.com/en-gb/character/eu/terokkar/mokkachino,https://www.warcraftlogs.com/character/eu/terokkar/mokkachino
186138765,Vespin,https://raider.io/characters/eu/saurfang/vespin,https://worldofwarcraft.blizzard.com/en-gb/character/eu/saurfang/vespin,https://www.warcraftlogs.com/character/eu/saurfang/vespin
186154489,Fistdance,https://raider.io/characters/eu/tarren-mill/fistdance,https://worldofwarcraft.blizzard.com/en-gb/character/eu/tarren-mill/fistdance,https://www.warcraftlogs.com/character/eu/tarren-mill/fistdance
186186564,Thump,https://raider.io/characters/eu/burning-steppes/thump,https://worldofwarcraft.blizzard.com/en-gb/character/eu/burning-steppes/thump,https://www.warcraftlogs.com/character/eu/burning-steppes/thump
186262680,Ibragen,https://raider.io/characters/eu/tarren-mill/ibragen,https://worldofwarcraft.blizzard.com/en-gb/character/eu/tarren-mill/ibragen,https://www.warcraftlogs.com/character/eu/tarren-mill/ibragen
186275595,Danto,https://raider.io/characters/eu/emerald-dream/danto,https://worldofwarcraft.blizzard.com/en-gb/character/eu/emerald-dream/danto,https://www.warcraftlogs.com/character/eu/emerald-dream/danto
186298910,Huntaar,https://raider.io/characters/eu/darkspear/huntaar,https://worldofwarcraft.blizzard.com/en-gb/character/eu/darkspear/huntaar,https://www.warcraftlogs.com/character/eu/darkspear/huntaar
186316294,Shammyx,https://raider.io/characters/eu/saurfang/shammyx,https://worldofwarcraft.blizzard.com/en-gb/character/eu/saurfang/shammyx,https://www.warcraftlogs.com/character/eu/saurfang/shammyx
186346098,Dirtbag,https://raider.io/characters/eu/terokkar/dirtbag,https://worldofwarcraft.blizzard.com/en-gb/character/eu/terokkar/dirtbag,https://www.warcraftlogs.com/character/eu/terokkar/dirtbag
186367925,Lene,https://raider.io/characters/eu/terokkar/lene,https://worldofwarcraft.blizzard.com/en-gb/character/eu/terokkar/lene,https://www.warcraftlogs.com/character/eu/terokkar/lene
186429174,Meryn,https://raider.io/characters/eu/saurfang/meryn,https://worldofwarcraft.blizzard.com/en-gb/character/eu/saurfang/meryn,https://www.warcraftlogs.com/character/eu/saurfang/meryn
186453520,Kinshara,https://raider.io/characters/eu/terokkar/kinshara,https://worldofwarcraft.blizzard.com/en-gb/character/eu/terokkar/kinshara,https://www.warcraftlogs.com/character/eu/terokkar/kinshara
186490356,Bod,https://raider.io/characters/eu/darkspear/bod,https://worldofwarcraft.blizzard.com/en-gb/character/eu/darkspear/bod,https://www.warcraftlogs.com/character/eu/darkspear/bod
186492536,Ramppo,https://raider.io/characters/eu/burning-steppes/ramppo,https://worldofwarcraft.blizzard.com/en-gb/character/eu/burning-steppes/ramppo,https://www.warcraftlogs.com/character/eu/burning-steppes/ramppo
186507414,Lightsworn,https://raider.io/characters/eu/terokkar/lightsworn,https://worldofwarcraft.blizzard.com/en-gb/character/eu/terokkar/lightsworn,https://www.warcraftlogs.com/character/eu/terokkar/lightsworn
186514092,Evocus,https://raider.io/characters/eu/terokkar/evocus,https://worldofwarcraft.blizzard.com/en-gb/character/eu/terokkar/evocus,https://www.warcraftlogs.com/character/eu/terokkar/evocus
186544445,Sneezret,https://raider.io/characters/eu/tarren-mill/sneezret,https://worldofwarcraft.blizzard.com/en-gb/character/eu/tarren-mill/sneezret,https://www.warcraftlogs.com/character/eu/tarren-mill/sneezret
186564989,Tootz,https://raider.io/characters/eu/terokkar/tootz,https://worldofwarcraft.blizzard.com/en-gb/character/eu/terokkar/tootz,https://www.warcraftlogs.com/character/eu/terokkar/tootz
186565094,Nadja,https://raider.io/characters/eu/saurfang/nadja,https://worldofwarcraft.blizzard.com/en-gb/character/eu/saurfang/nadja,https://www.warcraftlogs.com/character/eu/saurfang/nadja
186598400,Trefoil,https://raider.io/characters/eu/terokkar/trefoil,https://worldofwarcraft.blizzard.com/en-gb/character/eu/terokkar/trefoil,https://www.warcraftlogs.com/character/eu/terokkar/trefoil
186602989,Elissana,https://raider.io/characters/eu/terokkar/elissana,https://worldofwarcraft.blizzard.com/en-gb/character/eu/terokkar/elissana,https://www.warcraftlogs.com/character/eu/terokkar/elissana
186605239,Ilok,https://raider.io/characters/eu/saurfang/ilok,https://worldofwarcraft.blizzard.com/en-gb/character/eu/saurfang/ilok,https://www.warcraftlogs.com/character/eu/saurfang/ilok
186678557,Galgatur,https://raider.io/characters/eu/bloodfeather/galgatur,https://worldofwarcraft.blizzard.com/en-gb/character/eu/bloodfeather/galgatur,https://www.warcraftlogs.com/character/eu/bloodfeather/galgatur
186686159,Cradwick,https://raider.io/characters/eu/terokkar/cradwick,https://worldofwarcraft.blizzard.com/en-gb/character/eu/terokkar/cradwick,https://www.warcraftlogs.com/character/eu/terokkar/cradwick
186704366,Bosch,https://raider.io/characters/eu/terokkar/bosch,https://worldofwarcraft.blizzard.com/en-gb/character/eu/terokkar/bosch,https://www.warcraftlogs.com/character/eu/terokkar/bosch
186712741,Williams,https://raider.io/characters/eu/saurfang/williams,https://worldofwarcraft.blizzard.com/en-gb/character/eu/saurfang/williams,https://www.warcraftlogs.com/character/eu/saurfang/williams
186755462,Dripdrizzy,https://raider.io/characters/eu/darkspear/dripdrizzy,https://worldofwarcraft.blizzard.com/en-gb/character/eu/darkspear/dripdrizzy,https://www.warcraftlogs.com/character/eu/darkspear/dripdrizzy
186805324,Cippi,https://raider.io/characters/eu/the-shatar/cippi,https://worldofwarcraft.blizzard.com/en-gb/character/eu/the-shatar/cippi,https://www.warcraftlogs.com/character/eu/the-shatar/cippi
186862104,Dannydan,https://raider.io/characters/eu/darkspear/dannydan,https://worldofwarcraft.blizzard.com/en-gb/character/eu/darkspear/dannydan,https://www.warcraftlogs.com/character/eu/darkspear/dannydan
186885600,Jayda,https://raider.io/characters/eu/executus/jayda,https://worldofwarcraft.blizzard.com/en-gb/character/eu/executus/jayda,https://www.warcraftlogs.com/character/eu/executus/jayda
186936707,Winifrida,https://raider.io/characters/eu/terokkar/winifrida,https://worldofwarcraft.blizzard.com/en-gb/character/eu/terokkar/winifrida,https://www.warcraftlogs.com/character/eu/terokkar/winifrida
186936711,Scyntillia,https://raider.io/characters/eu/terokkar/scyntillia,https://worldofwarcraft.blizzard.com/en-gb/character/eu/terokkar/scyntillia,https://www.warcraftlogs.com/character/eu/terokkar/scyntillia
186946947,Prefired,https://raider.io/characters/eu/darkspear/prefired,https://worldofwarcraft.blizzard.com/en-gb/character/eu/darkspear/prefired,https://www.warcraftlogs.com/character/eu/darkspear/prefired
186955606,Arãchne,https://raider.io/characters/eu/argent-dawn/arãchne,https://worldofwarcraft.blizzard.com/en-gb/character/eu/argent-dawn/arãchne,https://www.warcraftlogs.com/character/eu/argent-dawn/arãchne
186959696,Tinkerboom,https://raider.io/characters/eu/terokkar/tinkerboom,https://worldofwarcraft.blizzard.com/en-gb/character/eu/terokkar/tinkerboom,https://www.warcraftlogs.com/character/eu/terokkar/tinkerboom
186980326,Chaoskungfu,https://raider.io/characters/eu/darkspear/chaoskungfu,https://worldofwarcraft.blizzard.com/en-gb/character/eu/darkspear/chaoskungfu,https://www.warcraftlogs.com/character/eu/darkspear/chaoskungfu
187011121,Smuckle,https://raider.io/characters/eu/terokkar/smuckle,https://worldofwarcraft.blizzard.com/en-gb/character/eu/terokkar/smuckle,https://www.warcraftlogs.com/character/eu/terokkar/smuckle
187056347,Perthion,https://raider.io/characters/eu/argent-dawn/perthion,https://worldofwarcraft.blizzard.com/en-gb/character/eu/argent-dawn/perthion,https://www.warcraftlogs.com/character/eu/argent-dawn/perthion
187089008,Sneakyfk,https://raider.io/characters/eu/terokkar/sneakyfk,https://worldofwarcraft.blizzard.com/en-gb/character/eu/terokkar/sneakyfk,https://www.warcraftlogs.com/character/eu/terokkar/sneakyfk
187132836,Dizmagic,https://raider.io/characters/eu/terokkar/dizmagic,https://worldofwarcraft.blizzard.com/en-gb/character/eu/terokkar/dizmagic,https://www.warcraftlogs.com/character/eu/terokkar/dizmagic
187162544,Irnbrü,https://raider.io/characters/eu/saurfang/irnbrü,https://worldofwarcraft.blizzard.com/en-gb/character/eu/saurfang/irnbrü,https://www.warcraftlogs.com/character/eu/saurfang/irnbrü
187173792,Skyforge,https://raider.io/characters/eu/terokkar/skyforge,https://worldofwarcraft.blizzard.com/en-gb/character/eu/terokkar/skyforge,https://www.warcraftlogs.com/character/eu/terokkar/skyforge
187175624,Lildiz,https://raider.io/characters/eu/saurfang/lildiz,https://worldofwarcraft.blizzard.com/en-gb/character/eu/saurfang/lildiz,https://www.warcraftlogs.com/character/eu/saurfang/lildiz
187244611,Roghach,https://raider.io/characters/eu/steamwheedle-cartel/roghach,https://worldofwarcraft.blizzard.com/en-gb/character/eu/steamwheedle-cartel/roghach,https://www.warcraftlogs.com/character/eu/steamwheedle-cartel/roghach
187263856,Darkfury,https://raider.io/characters/eu/emeriss/darkfury,https://worldofwarcraft.blizzard.com/en-gb/character/eu/emeriss/darkfury,https://www.warcraftlogs.com/character/eu/emeriss/darkfury
187297196,Zemlebur,https://raider.io/characters/eu/terokkar/zemlebur,https://worldofwarcraft.blizzard.com/en-gb/character/eu/terokkar/zemlebur,https://www.warcraftlogs.com/character/eu/terokkar/zemlebur
187304767,Manicfluffy,https://raider.io/characters/eu/saurfang/manicfluffy,https://worldofwarcraft.blizzard.com/en-gb/character/eu/saurfang/manicfluffy,https://www.warcraftlogs.com/character/eu/saurfang/manicfluffy
187308115,Monikamonk,https://raider.io/characters/eu/darkspear/monikamonk,https://worldofwarcraft.blizzard.com/en-gb/character/eu/darkspear/monikamonk,https://www.warcraftlogs.com/character/eu/darkspear/monikamonk
187320629,Catharsis,https://raider.io/characters/eu/burning-steppes/catharsis,https://worldofwarcraft.blizzard.com/en-gb/character/eu/burning-steppes/catharsis,https://www.warcraftlogs.com/character/eu/burning-steppes/catharsis
187414810,Nalaea,https://raider.io/characters/eu/terokkar/nalaea,https://worldofwarcraft.blizzard.com/en-gb/character/eu/terokkar/nalaea,https://www.warcraftlogs.com/character/eu/terokkar/nalaea
187415120,Wisper,https://raider.io/characters/eu/emerald-dream/wisper,https://worldofwarcraft.blizzard.com/en-gb/character/eu/emerald-dream/wisper,https://www.warcraftlogs.com/character/eu/emerald-dream/wisper
187419514,Dawnsky,https://raider.io/characters/eu/saurfang/dawnsky,https://worldofwarcraft.blizzard.com/en-gb/character/eu/saurfang/dawnsky,https://www.warcraftlogs.com/character/eu/saurfang/dawnsky
187425410,Dïz,https://raider.io/characters/eu/saurfang/dïz,https://worldofwarcraft.blizzard.com/en-gb/character/eu/saurfang/dïz,https://www.warcraftlogs.com/character/eu/saurfang/dïz
187454396,Amos,https://raider.io/characters/eu/shattered-hand/amos,https://worldofwarcraft.blizzard.com/en-gb/character/eu/shattered-hand/amos,https://www.warcraftlogs.com/character/eu/shattered-hand/amos
187468310,Jayla,https://raider.io/characters/eu/terokkar/jayla,https://worldofwarcraft.blizzard.com/en-gb/character/eu/terokkar/jayla,https://www.warcraftlogs.com/character/eu/terokkar/jayla
187489184,Lupobianco,https://raider.io/characters/eu/bloodfeather/lupobianco,https://worldofwarcraft.blizzard.com/en-gb/character/eu/bloodfeather/lupobianco,https://www.warcraftlogs.com/character/eu/bloodfeather/lupobianco
187493899,Sharzam,https://raider.io/characters/eu/saurfang/sharzam,https://worldofwarcraft.blizzard.com/en-gb/character/eu/saurfang/sharzam,https://www.warcraftlogs.com/character/eu/saurfang/sharzam
187503170,Dizturbed,https://raider.io/characters/eu/saurfang/dizturbed,https://worldofwarcraft.blizzard.com/en-gb/character/eu/saurfang/dizturbed,https://www.warcraftlogs.com/character/eu/saurfang/dizturbed
187534791,Eriwi,https://raider.io/characters/eu/moonglade/eriwi,https://worldofwarcraft.blizzard.com/en-gb/character/eu/moonglade/eriwi,https://www.warcraftlogs.com/character/eu/moonglade/eriwi
187590923,Diz,https://raider.io/characters/eu/saurfang/diz,https://worldofwarcraft.blizzard.com/en-gb/character/eu/saurfang/diz,https://www.warcraftlogs.com/character/eu/saurfang/diz
187607820,Wtdouservher,https://raider.io/characters/eu/bloodfeather/wtdouservher,https://worldofwarcraft.blizzard.com/en-gb/character/eu/bloodfeather/wtdouservher,https://www.warcraftlogs.com/character/eu/bloodfeather/wtdouservher
187607840,Uisce,https://raider.io/characters/eu/bloodfeather/uisce,https://worldofwarcraft.blizzard.com/en-gb/character/eu/bloodfeather/uisce,https://www.warcraftlogs.com/character/eu/bloodfeather/uisce
187652757,Buq,https://raider.io/characters/eu/bloodfeather/buq,https://worldofwarcraft.blizzard.com/en-gb/character/eu/bloodfeather/buq,https://www.warcraftlogs.com/character/eu/bloodfeather/buq
187660214,Illarith,https://raider.io/characters/eu/saurfang/illarith,https://worldofwarcraft.blizzard.com/en-gb/character/eu/saurfang/illarith,https://www.warcraftlogs.com/character/eu/saurfang/illarith
187668859,Dianadruidka,https://raider.io/characters/eu/azjolnerub/dianadruidka,https://worldofwarcraft.blizzard.com/en-gb/character/eu/azjolnerub/dianadruidka,https://www.warcraftlogs.com/character/eu/azjolnerub/dianadruidka
187679533,Paloma,https://raider.io/characters/eu/shattered-hand/paloma,https://worldofwarcraft.blizzard.com/en-gb/character/eu/shattered-hand/paloma,https://www.warcraftlogs.com/character/eu/shattered-hand/paloma
187696870,Fatfrodo,https://raider.io/characters/eu/darkspear/fatfrodo,https://worldofwarcraft.blizzard.com/en-gb/character/eu/darkspear/fatfrodo,https://www.warcraftlogs.com/character/eu/darkspear/fatfrodo
187698736,Dìz,https://raider.io/characters/eu/saurfang/dìz,https://worldofwarcraft.blizzard.com/en-gb/character/eu/saurfang/dìz,https://www.warcraftlogs.com/character/eu/saurfang/dìz
187704157,Jest,https://raider.io/characters/eu/saurfang/jest,https://worldofwarcraft.blizzard.com/en-gb/character/eu/saurfang/jest,https://www.warcraftlogs.com/character/eu/saurfang/jest
187725797,Shinai,https://raider.io/characters/eu/bloodfeather/shinai,https://worldofwarcraft.blizzard.com/en-gb/character/eu/bloodfeather/shinai,https://www.warcraftlogs.com/character/eu/bloodfeather/shinai
187745373,Moonyy,https://raider.io/characters/eu/xavius/moonyy,https://worldofwarcraft.blizzard.com/en-gb/character/eu/xavius/moonyy,https://www.warcraftlogs.com/character/eu/xavius/moonyy
187767292,Umbrya,https://raider.io/characters/eu/terokkar/umbrya,https://worldofwarcraft.blizzard.com/en-gb/character/eu/terokkar/umbrya,https://www.warcraftlogs.com/character/eu/terokkar/umbrya
187789956,Tix,https://raider.io/characters/eu/terokkar/tix,https://worldofwarcraft.blizzard.com/en-gb/character/eu/terokkar/tix,https://www.warcraftlogs.com/character/eu/terokkar/tix
187793684,Tanzanite,https://raider.io/characters/eu/bloodfeather/tanzanite,https://worldofwarcraft.blizzard.com/en-gb/character/eu/bloodfeather/tanzanite,https://www.warcraftlogs.com/character/eu/bloodfeather/tanzanite
187812157,Ossian,https://raider.io/characters/eu/darkspear/ossian,https://worldofwarcraft.blizzard.com/en-gb/character/eu/darkspear/ossian,https://www.warcraftlogs.com/character/eu/darkspear/ossian
187833162,Wednésday,https://raider.io/characters/eu/argent-dawn/wednésday,https://worldofwarcraft.blizzard.com/en-gb/character/eu/argent-dawn/wednésday,https://www.warcraftlogs.com/character/eu/argent-dawn/wednésday
187840389,Azyrelle,https://raider.io/characters/eu/terokkar/azyrelle,https://worldofwarcraft.blizzard.com/en-gb/character/eu/terokkar/azyrelle,https://www.warcraftlogs.com/character/eu/terokkar/azyrelle
187843179,Gumball,https://raider.io/characters/eu/saurfang/gumball,https://worldofwarcraft.blizzard.com/en-gb/character/eu/saurfang/gumball,https://www.warcraftlogs.com/character/eu/saurfang/gumball
187843356,Kaei,https://raider.io/characters/eu/saurfang/kaei,https://worldofwarcraft.blizzard.com/en-gb/character/eu/saurfang/kaei,https://www.warcraftlogs.com/character/eu/saurfang/kaei
187856145,Nyarlathotep,https://raider.io/characters/eu/burning-steppes/nyarlathotep,https://worldofwarcraft.blizzard.com/en-gb/character/eu/burning-steppes/nyarlathotep,https://www.warcraftlogs.com/character/eu/burning-steppes/nyarlathotep
187860987,Churg,https://raider.io/characters/eu/shattered-hand/churg,https://worldofwarcraft.blizzard.com/en-gb/character/eu/shattered-hand/churg,https://www.warcraftlogs.com/character/eu/shattered-hand/churg
187869212,Lucen,https://raider.io/characters/eu/terokkar/lucen,https://worldofwarcraft.blizzard.com/en-gb/character/eu/terokkar/lucen,https://www.warcraftlogs.com/character/eu/terokkar/lucen
187879773,Euphoric,https://raider.io/characters/eu/saurfang/euphoric,https://worldofwarcraft.blizzard.com/en-gb/character/eu/saurfang/euphoric,https://www.warcraftlogs.com/character/eu/saurfang/euphoric
187910096,Ghostpaw,https://raider.io/characters/eu/saurfang/ghostpaw,https://worldofwarcraft.blizzard.com/en-gb/character/eu/saurfang/ghostpaw,https://www.warcraftlogs.com/character/eu/saurfang/ghostpaw
187916622,Neltharen,https://raider.io/characters/eu/bloodfeather/neltharen,https://worldofwarcraft.blizzard.com/en-gb/character/eu/bloodfeather/neltharen,https://www.warcraftlogs.com/character/eu/bloodfeather/neltharen
187934165,Elestra,https://raider.io/characters/eu/steamwheedle-cartel/elestra,https://worldofwarcraft.blizzard.com/en-gb/character/eu/steamwheedle-cartel/elestra,https://www.warcraftlogs.com/character/eu/steamwheedle-cartel/elestra
187938482,Alya,https://raider.io/characters/eu/moonglade/alya,https://worldofwarcraft.blizzard.com/en-gb/character/eu/moonglade/alya,https://www.warcraftlogs.com/character/eu/moonglade/alya
187939717,Socalbarbie,https://raider.io/characters/eu/bloodfeather/socalbarbie,https://worldofwarcraft.blizzard.com/en-gb/character/eu/bloodfeather/socalbarbie,https://www.warcraftlogs.com/character/eu/bloodfeather/socalbarbie
187961883,Kettu,https://raider.io/characters/eu/terokkar/kettu,https://worldofwarcraft.blizzard.com/en-gb/character/eu/terokkar/kettu,https://www.warcraftlogs.com/character/eu/terokkar/kettu
187965344,Daéndris,https://raider.io/characters/eu/azjolnerub/daéndris,https://worldofwarcraft.blizzard.com/en-gb/character/eu/azjolnerub/daéndris,https://www.warcraftlogs.com/character/eu/azjolnerub/daéndris
187969085,Biigwolf,https://raider.io/characters/eu/turalyon/biigwolf,https://worldofwarcraft.blizzard.com/en-gb/character/eu/turalyon/biigwolf,https://www.warcraftlogs.com/character/eu/turalyon/biigwolf
187971529,Dumplin,https://raider.io/characters/eu/terokkar/dumplin,https://worldofwarcraft.blizzard.com/en-gb/character/eu/terokkar/dumplin,https://www.warcraftlogs.com/character/eu/terokkar/dumplin
187993701,Himiko,https://raider.io/characters/eu/bloodfeather/himiko,https://worldofwarcraft.blizzard.com/en-gb/character/eu/bloodfeather/himiko,https://www.warcraftlogs.com/character/eu/bloodfeather/himiko
188039876,Gnomagéddon,https://raider.io/characters/eu/argent-dawn/gnomagéddon,https://worldofwarcraft.blizzard.com/en-gb/character/eu/argent-dawn/gnomagéddon,https://www.warcraftlogs.com/character/eu/argent-dawn/gnomagéddon
188043361,Asterinella,https://raider.io/characters/eu/saurfang/asterinella,https://worldofwarcraft.blizzard.com/en-gb/character/eu/saurfang/asterinella,https://www.warcraftlogs.com/character/eu/saurfang/asterinella
188046709,Lantash,https://raider.io/characters/eu/bloodfeather/lantash,https://worldofwarcraft.blizzard.com/en-gb/character/eu/bloodfeather/lantash,https://www.warcraftlogs.com/character/eu/bloodfeather/lantash
188054650,Frodobeerbel,https://raider.io/characters/eu/darkspear/frodobeerbel,https://worldofwarcraft.blizzard.com/en-gb/character/eu/darkspear/frodobeerbel,https://www.warcraftlogs.com/character/eu/darkspear/frodobeerbel
188056257,Corra,https://raider.io/characters/eu/terokkar/corra,https://worldofwarcraft.blizzard.com/en-gb/character/eu/terokkar/corra,https://www.warcraftlogs.com/character/eu/terokkar/corra
188061988,Inferii,https://raider.io/characters/eu/darkspear/inferii,https://worldofwarcraft.blizzard.com/en-gb/character/eu/darkspear/inferii,https://www.warcraftlogs.com/character/eu/darkspear/inferii
188062526,Jiraei,https://raider.io/characters/eu/darkspear/jiraei,https://worldofwarcraft.blizzard.com/en-gb/character/eu/darkspear/jiraei,https://www.warcraftlogs.com/character/eu/darkspear/jiraei
188073740,Fallflame,https://raider.io/characters/eu/terokkar/fallflame,https://worldofwarcraft.blizzard.com/en-gb/character/eu/terokkar/fallflame,https://www.warcraftlogs.com/character/eu/terokkar/fallflame
188084415,Lighttroll,https://raider.io/characters/eu/darkspear/lighttroll,https://worldofwarcraft.blizzard.com/en-gb/character/eu/darkspear/lighttroll,https://www.warcraftlogs.com/character/eu/darkspear/lighttroll
188085341,Talnaar,https://raider.io/characters/eu/saurfang/talnaar,https://worldofwarcraft.blizzard.com/en-gb/character/eu/saurfang/talnaar,https://www.warcraftlogs.com/character/eu/saurfang/talnaar
188086840,Bodie,https://raider.io/characters/eu/terokkar/bodie,https://worldofwarcraft.blizzard.com/en-gb/character/eu/terokkar/bodie,https://www.warcraftlogs.com/character/eu/terokkar/bodie
188095618,Yuelin,https://raider.io/characters/eu/terokkar/yuelin,https://worldofwarcraft.blizzard.com/en-gb/character/eu/terokkar/yuelin,https://www.warcraftlogs.com/character/eu/terokkar/yuelin
188104358,Lokkur,https://raider.io/characters/eu/saurfang/lokkur,https://worldofwarcraft.blizzard.com/en-gb/character/eu/saurfang/lokkur,https://www.warcraftlogs.com/character/eu/saurfang/lokkur
188112959,Zelmer,https://raider.io/characters/eu/terokkar/zelmer,https://worldofwarcraft.blizzard.com/en-gb/character/eu/terokkar/zelmer,https://www.warcraftlogs.com/character/eu/terokkar/zelmer
188114638,Rippa,https://raider.io/characters/eu/bloodfeather/rippa,https://worldofwarcraft.blizzard.com/en-gb/character/eu/bloodfeather/rippa,https://www.warcraftlogs.com/character/eu/bloodfeather/rippa
188123265,Marvello,https://raider.io/characters/eu/moonglade/marvello,https://worldofwarcraft.blizzard.com/en-gb/character/eu/moonglade/marvello,https://www.warcraftlogs.com/character/eu/moonglade/marvello
188143684,Lyrra,https://raider.io/characters/eu/terokkar/lyrra,https://worldofwarcraft.blizzard.com/en-gb/character/eu/terokkar/lyrra,https://www.warcraftlogs.com/character/eu/terokkar/lyrra
188150459,Spírals,https://raider.io/characters/eu/argent-dawn/spírals,https://worldofwarcraft.blizzard.com/en-gb/character/eu/argent-dawn/spírals,https://www.warcraftlogs.com/character/eu/argent-dawn/spírals
188161969,Ragemuffin,https://raider.io/characters/eu/terokkar/ragemuffin,https://worldofwarcraft.blizzard.com/en-gb/character/eu/terokkar/ragemuffin,https://www.warcraftlogs.com/character/eu/terokkar/ragemuffin
188169991,Bigdaddycane,https://raider.io/characters/eu/terokkar/bigdaddycane,https://worldofwarcraft.blizzard.com/en-gb/character/eu/terokkar/bigdaddycane,https://www.warcraftlogs.com/character/eu/terokkar/bigdaddycane
188171847,Amarda,https://raider.io/characters/eu/saurfang/amarda,https://worldofwarcraft.blizzard.com/en-gb/character/eu/saurfang/amarda,https://www.warcraftlogs.com/character/eu/saurfang/amarda
188172853,Mightypüss,https://raider.io/characters/eu/turalyon/mightypüss,https://worldofwarcraft.blizzard.com/en-gb/character/eu/turalyon/mightypüss,https://www.warcraftlogs.com/character/eu/turalyon/mightypüss
188188214,Leanansidhé,https://raider.io/characters/eu/darkspear/leanansidhé,https://worldofwarcraft.blizzard.com/en-gb/character/eu/darkspear/leanansidhé,https://www.warcraftlogs.com/character/eu/darkspear/leanansidhé
188192901,Darqremix,https://raider.io/characters/eu/terokkar/darqremix,https://worldofwarcraft.blizzard.com/en-gb/character/eu/terokkar/darqremix,https://www.warcraftlogs.com/character/eu/terokkar/darqremix
188195862,Toghairm,https://raider.io/characters/eu/bloodfeather/toghairm,https://worldofwarcraft.blizzard.com/en-gb/character/eu/bloodfeather/toghairm,https://www.warcraftlogs.com/character/eu/bloodfeather/toghairm
188197218,Ecologicjer,https://raider.io/characters/eu/draenor/ecologicjer,https://worldofwarcraft.blizzard.com/en-gb/character/eu/draenor/ecologicjer,https://www.warcraftlogs.com/character/eu/draenor/ecologicjer
188198884,Vibaldi,https://raider.io/characters/eu/doomhammer/vibaldi,https://worldofwarcraft.blizzard.com/en-gb/character/eu/doomhammer/vibaldi,https://www.warcraftlogs.com/character/eu/doomhammer/vibaldi
188201402,Emberz,https://raider.io/characters/eu/saurfang/emberz,https://worldofwarcraft.blizzard.com/en-gb/character/eu/saurfang/emberz,https://www.warcraftlogs.com/character/eu/saurfang/emberz
188204159,Lemontart,https://raider.io/characters/eu/darkspear/lemontart,https://worldofwarcraft.blizzard.com/en-gb/character/eu/darkspear/lemontart,https://www.warcraftlogs.com/character/eu/darkspear/lemontart
188215074,Faron,https://raider.io/characters/eu/terokkar/faron,https://worldofwarcraft.blizzard.com/en-gb/character/eu/terokkar/faron,https://www.warcraftlogs.com/character/eu/terokkar/faron
188215110,Margoroth,https://raider.io/characters/eu/terokkar/margoroth,https://worldofwarcraft.blizzard.com/en-gb/character/eu/terokkar/margoroth,https://www.warcraftlogs.com/character/eu/terokkar/margoroth
188215146,Dïzturbéd,https://raider.io/characters/eu/saurfang/dïzturbéd,https://worldofwarcraft.blizzard.com/en-gb/character/eu/saurfang/dïzturbéd,https://www.warcraftlogs.com/character/eu/saurfang/dïzturbéd
188220217,Aoras,https://raider.io/characters/eu/terokkar/aoras,https://worldofwarcraft.blizzard.com/en-gb/character/eu/terokkar/aoras,https://www.warcraftlogs.com/character/eu/terokkar/aoras
188231492,Battosai,https://raider.io/characters/eu/darkspear/battosai,https://worldofwarcraft.blizzard.com/en-gb/character/eu/darkspear/battosai,https://www.warcraftlogs.com/character/eu/darkspear/battosai
188231571,Perenelle,https://raider.io/characters/eu/terokkar/perenelle,https://worldofwarcraft.blizzard.com/en-gb/character/eu/terokkar/perenelle,https://www.warcraftlogs.com/character/eu/terokkar/perenelle
188239082,Shabbella,https://raider.io/characters/eu/saurfang/shabbella,https://worldofwarcraft.blizzard.com/en-gb/character/eu/saurfang/shabbella,https://www.warcraftlogs.com/character/eu/saurfang/shabbella
188241852,Gwendy,https://raider.io/characters/eu/terokkar/gwendy,https://worldofwarcraft.blizzard.com/en-gb/character/eu/terokkar/gwendy,https://www.warcraftlogs.com/character/eu/terokkar/gwendy
188242225,Notthatdeep,https://raider.io/characters/eu/darkspear/notthatdeep,https://worldofwarcraft.blizzard.com/en-gb/character/eu/darkspear/notthatdeep,https://www.warcraftlogs.com/character/eu/darkspear/notthatdeep
188246897,Plentymore,https://raider.io/characters/eu/darkspear/plentymore,https://worldofwarcraft.blizzard.com/en-gb/character/eu/darkspear/plentymore,https://www.warcraftlogs.com/character/eu/darkspear/plentymore
188254534,Wintermoon,https://raider.io/characters/eu/bloodfeather/wintermoon,https://worldofwarcraft.blizzard.com/en-gb/character/eu/bloodfeather/wintermoon,https://www.warcraftlogs.com/character/eu/bloodfeather/wintermoon
188256703,Jayveeshka,https://raider.io/characters/eu/terokkar/jayveeshka,https://worldofwarcraft.blizzard.com/en-gb/character/eu/terokkar/jayveeshka,https://www.warcraftlogs.com/character/eu/terokkar/jayveeshka
188279188,Ðemonicæ,https://raider.io/characters/eu/terokkar/ðemonicæ,https://worldofwarcraft.blizzard.com/en-gb/character/eu/terokkar/ðemonicæ,https://www.warcraftlogs.com/character/eu/terokkar/ðemonicæ
188294532,Sorra,https://raider.io/characters/eu/terokkar/sorra,https://worldofwarcraft.blizzard.com/en-gb/character/eu/terokkar/sorra,https://www.warcraftlogs.com/character/eu/terokkar/sorra
188298178,Sollas,https://raider.io/characters/eu/bloodfeather/sollas,https://worldofwarcraft.blizzard.com/en-gb/character/eu/bloodfeather/sollas,https://www.warcraftlogs.com/character/eu/bloodfeather/sollas
188304275,Orbitculture,https://raider.io/characters/eu/executus/orbitculture,https://worldofwarcraft.blizzard.com/en-gb/character/eu/executus/orbitculture,https://www.warcraftlogs.com/character/eu/executus/orbitculture
188345428,Khadgay,https://raider.io/characters/eu/bloodfeather/khadgay,https://worldofwarcraft.blizzard.com/en-gb/character/eu/bloodfeather/khadgay,https://www.warcraftlogs.com/character/eu/bloodfeather/khadgay
188362830,Felyeah,https://raider.io/characters/eu/saurfang/felyeah,https://worldofwarcraft.blizzard.com/en-gb/character/eu/saurfang/felyeah,https://www.warcraftlogs.com/character/eu/saurfang/felyeah
188370146,Mattdaemón,https://raider.io/characters/eu/saurfang/mattdaemón,https://worldofwarcraft.blizzard.com/en-gb/character/eu/saurfang/mattdaemón,https://www.warcraftlogs.com/character/eu/saurfang/mattdaemón
188402279,Whops,https://raider.io/characters/eu/terokkar/whops,https://worldofwarcraft.blizzard.com/en-gb/character/eu/terokkar/whops,https://www.warcraftlogs.com/character/eu/terokkar/whops
188416778,Iciclé,https://raider.io/characters/eu/terokkar/iciclé,https://worldofwarcraft.blizzard.com/en-gb/character/eu/terokkar/iciclé,https://www.warcraftlogs.com/character/eu/terokkar/iciclé
188419312,Marlaw,https://raider.io/characters/eu/shattered-hand/marlaw,https://worldofwarcraft.blizzard.com/en-gb/character/eu/shattered-hand/marlaw,https://www.warcraftlogs.com/character/eu/shattered-hand/marlaw
188426247,Shadowcurse,https://raider.io/characters/eu/bloodfeather/shadowcurse,https://worldofwarcraft.blizzard.com/en-gb/character/eu/bloodfeather/shadowcurse,https://www.warcraftlogs.com/character/eu/bloodfeather/shadowcurse
188439677,Raana,https://raider.io/characters/eu/bloodfeather/raana,https://worldofwarcraft.blizzard.com/en-gb/character/eu/bloodfeather/raana,https://www.warcraftlogs.com/character/eu/bloodfeather/raana
188453655,Kathilin,https://raider.io/characters/eu/bloodfeather/kathilin,https://worldofwarcraft.blizzard.com/en-gb/character/eu/bloodfeather/kathilin,https://www.warcraftlogs.com/character/eu/bloodfeather/kathilin
188457906,Stunted,https://raider.io/characters/eu/terokkar/stunted,https://worldofwarcraft.blizzard.com/en-gb/character/eu/terokkar/stunted,https://www.warcraftlogs.com/character/eu/terokkar/stunted
188459741,Zhalgor,https://raider.io/characters/eu/burning-steppes/zhalgor,https://worldofwarcraft.blizzard.com/en-gb/character/eu/burning-steppes/zhalgor,https://www.warcraftlogs.com/character/eu/burning-steppes/zhalgor
188464795,Férnando,https://raider.io/characters/eu/darkspear/férnando,https://worldofwarcraft.blizzard.com/en-gb/character/eu/darkspear/férnando,https://www.warcraftlogs.com/character/eu/darkspear/férnando
188467958,Dïana,https://raider.io/characters/eu/azjolnerub/dïana,https://worldofwarcraft.blizzard.com/en-gb/character/eu/azjolnerub/dïana,https://www.warcraftlogs.com/character/eu/azjolnerub/dïana
188471957,Brayyjex,https://raider.io/characters/eu/darkspear/brayyjex,https://worldofwarcraft.blizzard.com/en-gb/character/eu/darkspear/brayyjex,https://www.warcraftlogs.com/character/eu/darkspear/brayyjex
188492490,Igonbuy,https://raider.io/characters/eu/burning-steppes/igonbuy,https://worldofwarcraft.blizzard.com/en-gb/character/eu/burning-steppes/igonbuy,https://www.warcraftlogs.com/character/eu/burning-steppes/igonbuy
188494220,Lyssra,https://raider.io/characters/eu/burning-steppes/lyssra,https://worldofwarcraft.blizzard.com/en-gb/character/eu/burning-steppes/lyssra,https://www.warcraftlogs.com/character/eu/burning-steppes/lyssra
188502992,Rutth,https://raider.io/characters/eu/terokkar/rutth,https://worldofwarcraft.blizzard.com/en-gb/character/eu/terokkar/rutth,https://www.warcraftlogs.com/character/eu/terokkar/rutth
188506928,Necrofrodo,https://raider.io/characters/eu/darkspear/necrofrodo,https://worldofwarcraft.blizzard.com/en-gb/character/eu/darkspear/necrofrodo,https://www.warcraftlogs.com/character/eu/darkspear/necrofrodo
188531529,Troopmourne,https://raider.io/characters/eu/moonglade/troopmourne,https://worldofwarcraft.blizzard.com/en-gb/character/eu/moonglade/troopmourne,https://www.warcraftlogs.com/character/eu/moonglade/troopmourne
188541466,Kareina,https://raider.io/characters/eu/terokkar/kareina,https://worldofwarcraft.blizzard.com/en-gb/character/eu/terokkar/kareina,https://www.warcraftlogs.com/character/eu/terokkar/kareina
188565614,Spellslinger,https://raider.io/characters/eu/terokkar/spellslinger,https://worldofwarcraft.blizzard.com/en-gb/character/eu/terokkar/spellslinger,https://www.warcraftlogs.com/character/eu/terokkar/spellslinger
188575962,Sagart,https://raider.io/characters/eu/bloodfeather/sagart,https://worldofwarcraft.blizzard.com/en-gb/character/eu/bloodfeather/sagart,https://www.warcraftlogs.com/character/eu/bloodfeather/sagart
188576467,Malcorn,https://raider.io/characters/eu/saurfang/malcorn,https://worldofwarcraft.blizzard.com/en-gb/character/eu/saurfang/malcorn,https://www.warcraftlogs.com/character/eu/saurfang/malcorn
188579052,Triqs,https://raider.io/characters/eu/darkspear/triqs,https://worldofwarcraft.blizzard.com/en-gb/character/eu/darkspear/triqs,https://www.warcraftlogs.com/character/eu/darkspear/triqs
188584140,Wyra,https://raider.io/characters/eu/terokkar/wyra,https://worldofwarcraft.blizzard.com/en-gb/character/eu/terokkar/wyra,https://www.warcraftlogs.com/character/eu/terokkar/wyra
188592056,Waria,https://raider.io/characters/eu/bloodfeather/waria,https://worldofwarcraft.blizzard.com/en-gb/character/eu/bloodfeather/waria,https://www.warcraftlogs.com/character/eu/bloodfeather/waria
188592950,Sneeseism,https://raider.io/characters/eu/tarren-mill/sneeseism,https://worldofwarcraft.blizzard.com/en-gb/character/eu/tarren-mill/sneeseism,https://www.warcraftlogs.com/character/eu/tarren-mill/sneeseism
188604331,Satanistic,https://raider.io/characters/eu/terokkar/satanistic,https://worldofwarcraft.blizzard.com/en-gb/character/eu/terokkar/satanistic,https://www.warcraftlogs.com/character/eu/terokkar/satanistic
188625925,Aruun,https://raider.io/characters/eu/darkspear/aruun,https://worldofwarcraft.blizzard.com/en-gb/character/eu/darkspear/aruun,https://www.warcraftlogs.com/character/eu/darkspear/aruun
188643209,Blackwater,https://raider.io/characters/eu/darkspear/blackwater,https://worldofwarcraft.blizzard.com/en-gb/character/eu/darkspear/blackwater,https://www.warcraftlogs.com/character/eu/darkspear/blackwater
188699156,Kryon,https://raider.io/characters/eu/bladefist/kryon,https://worldofwarcraft.blizzard.com/en-gb/character/eu/bladefist/kryon,https://www.warcraftlogs.com/character/eu/bladefist/kryon
188702723,Stabby,https://raider.io/characters/eu/burning-steppes/stabby,https://worldofwarcraft.blizzard.com/en-gb/character/eu/burning-steppes/stabby,https://www.warcraftlogs.com/character/eu/burning-steppes/stabby
188730475,Olgaki,https://raider.io/characters/eu/darkspear/olgaki,https://worldofwarcraft.blizzard.com/en-gb/character/eu/darkspear/olgaki,https://www.warcraftlogs.com/character/eu/darkspear/olgaki
188736652,Moltarn,https://raider.io/characters/eu/saurfang/moltarn,https://worldofwarcraft.blizzard.com/en-gb/character/eu/saurfang/moltarn,https://www.warcraftlogs.com/character/eu/saurfang/moltarn
188777640,Noratix,https://raider.io/characters/eu/darkspear/noratix,https://worldofwarcraft.blizzard.com/en-gb/character/eu/darkspear/noratix,https://www.warcraftlogs.com/character/eu/darkspear/noratix
188779825,Elementalism,https://raider.io/characters/eu/darkspear/elementalism,https://worldofwarcraft.blizzard.com/en-gb/character/eu/darkspear/elementalism,https://www.warcraftlogs.com/character/eu/darkspear/elementalism
188783910,Loq,https://raider.io/characters/eu/bloodfeather/loq,https://worldofwarcraft.blizzard.com/en-gb/character/eu/bloodfeather/loq,https://www.warcraftlogs.com/character/eu/bloodfeather/loq
188784145,Ioannis,https://raider.io/characters/eu/darkspear/ioannis,https://worldofwarcraft.blizzard.com/en-gb/character/eu/darkspear/ioannis,https://www.warcraftlogs.com/character/eu/darkspear/ioannis
188784765,Ramplock,https://raider.io/characters/eu/burning-steppes/ramplock,https://worldofwarcraft.blizzard.com/en-gb/character/eu/burning-steppes/ramplock,https://www.warcraftlogs.com/character/eu/burning-steppes/ramplock
188789301,Yoq,https://raider.io/characters/eu/bloodfeather/yoq,https://worldofwarcraft.blizzard.com/en-gb/character/eu/bloodfeather/yoq,https://www.warcraftlogs.com/character/eu/bloodfeather/yoq
188793839,Voiddemon,https://raider.io/characters/eu/darkspear/voiddemon,https://worldofwarcraft.blizzard.com/en-gb/character/eu/darkspear/voiddemon,https://www.warcraftlogs.com/character/eu/darkspear/voiddemon
188798085,Demonioo,https://raider.io/characters/eu/terokkar/demonioo,https://worldofwarcraft.blizzard.com/en-gb/character/eu/terokkar/demonioo,https://www.warcraftlogs.com/character/eu/terokkar/demonioo
188808337,Deathglaive,https://raider.io/characters/eu/darkspear/deathglaive,https://worldofwarcraft.blizzard.com/en-gb/character/eu/darkspear/deathglaive,https://www.warcraftlogs.com/character/eu/darkspear/deathglaive
188853667,Artrog,https://raider.io/characters/eu/darkspear/artrog,https://worldofwarcraft.blizzard.com/en-gb/character/eu/darkspear/artrog,https://www.warcraftlogs.com/character/eu/darkspear/artrog
188857761,Frathia,https://raider.io/characters/eu/saurfang/frathia,https://worldofwarcraft.blizzard.com/en-gb/character/eu/saurfang/frathia,https://www.warcraftlogs.com/character/eu/saurfang/frathia
188858755,Grimstorm,https://raider.io/characters/eu/bloodfeather/grimstorm,https://worldofwarcraft.blizzard.com/en-gb/character/eu/bloodfeather/grimstorm,https://www.warcraftlogs.com/character/eu/bloodfeather/grimstorm
188872599,Froglover,https://raider.io/characters/eu/darkspear/froglover,https://worldofwarcraft.blizzard.com/en-gb/character/eu/darkspear/froglover,https://www.warcraftlogs.com/character/eu/darkspear/froglover
188895340,Jax,https://raider.io/characters/eu/korgall/jax,https://worldofwarcraft.blizzard.com/en-gb/character/eu/korgall/jax,https://www.warcraftlogs.com/character/eu/korgall/jax
188906339,Aql,https://raider.io/characters/eu/terokkar/aql,https://worldofwarcraft.blizzard.com/en-gb/character/eu/terokkar/aql,https://www.warcraftlogs.com/character/eu/terokkar/aql
188913690,Caress,https://raider.io/characters/eu/darkspear/caress,https://worldofwarcraft.blizzard.com/en-gb/character/eu/darkspear/caress,https://www.warcraftlogs.com/character/eu/darkspear/caress
188921052,Yannah,https://raider.io/characters/eu/terokkar/yannah,https://worldofwarcraft.blizzard.com/en-gb/character/eu/terokkar/yannah,https://www.warcraftlogs.com/character/eu/terokkar/yannah
188926335,Mikkedoos,https://raider.io/characters/eu/darkspear/mikkedoos,https://worldofwarcraft.blizzard.com/en-gb/character/eu/darkspear/mikkedoos,https://www.warcraftlogs.com/character/eu/darkspear/mikkedoos
188933700,Iwilldevouru,https://raider.io/characters/eu/saurfang/iwilldevouru,https://worldofwarcraft.blizzard.com/en-gb/character/eu/saurfang/iwilldevouru,https://www.warcraftlogs.com/character/eu/saurfang/iwilldevouru
188941583,Malerica,https://raider.io/characters/eu/darkspear/malerica,https://worldofwarcraft.blizzard.com/en-gb/character/eu/darkspear/malerica,https://www.warcraftlogs.com/character/eu/darkspear/malerica
188941613,Xenari,https://raider.io/characters/eu/darkspear/xenari,https://worldofwarcraft.blizzard.com/en-gb/character/eu/darkspear/xenari,https://www.warcraftlogs.com/character/eu/darkspear/xenari
188948655,Willems,https://raider.io/characters/eu/terokkar/willems,https://worldofwarcraft.blizzard.com/en-gb/character/eu/terokkar/willems,https://www.warcraftlogs.com/character/eu/terokkar/willems
188954085,Khaom,https://raider.io/characters/eu/darkspear/khaom,https://worldofwarcraft.blizzard.com/en-gb/character/eu/darkspear/khaom,https://www.warcraftlogs.com/character/eu/darkspear/khaom
188957121,Darqvoid,https://raider.io/characters/eu/terokkar/darqvoid,https://worldofwarcraft.blizzard.com/en-gb/character/eu/terokkar/darqvoid,https://www.warcraftlogs.com/character/eu/terokkar/darqvoid
188957162,Igonbuye,https://raider.io/characters/eu/burning-steppes/igonbuye,https://worldofwarcraft.blizzard.com/en-gb/character/eu/burning-steppes/igonbuye,https://www.warcraftlogs.com/character/eu/burning-steppes/igonbuye
188958949,Chumlord,https://raider.io/characters/eu/terokkar/chumlord,https://worldofwarcraft.blizzard.com/en-gb/character/eu/terokkar/chumlord,https://www.warcraftlogs.com/character/eu/terokkar/chumlord
188958962,Silverlocks,https://raider.io/characters/eu/shattered-hand/silverlocks,https://worldofwarcraft.blizzard.com/en-gb/character/eu/shattered-hand/silverlocks,https://www.warcraftlogs.com/character/eu/shattered-hand/silverlocks
188967312,Kenaichi,https://raider.io/characters/eu/shattered-hand/kenaichi,https://worldofwarcraft.blizzard.com/en-gb/character/eu/shattered-hand/kenaichi,https://www.warcraftlogs.com/character/eu/shattered-hand/kenaichi
188969144,Lemontärt,https://raider.io/characters/eu/darkspear/lemontärt,https://worldofwarcraft.blizzard.com/en-gb/character/eu/darkspear/lemontärt,https://www.warcraftlogs.com/character/eu/darkspear/lemontärt
188969165,Rurouni,https://raider.io/characters/eu/darkspear/rurouni,https://worldofwarcraft.blizzard.com/en-gb/character/eu/darkspear/rurouni,https://www.warcraftlogs.com/character/eu/darkspear/rurouni
188969423,Voidie,https://raider.io/characters/eu/terokkar/voidie,https://worldofwarcraft.blizzard.com/en-gb/character/eu/terokkar/voidie,https://www.warcraftlogs.com/character/eu/terokkar/voidie
188976142,Drienella,https://raider.io/characters/eu/darkspear/drienella,https://worldofwarcraft.blizzard.com/en-gb/character/eu/darkspear/drienella,https://www.warcraftlogs.com/character/eu/darkspear/drienella
188977227,Troopslayer,https://raider.io/characters/eu/moonglade/troopslayer,https://worldofwarcraft.blizzard.com/en-gb/character/eu/moonglade/troopslayer,https://www.warcraftlogs.com/character/eu/moonglade/troopslayer
188984248,Mornatix,https://raider.io/characters/eu/darkspear/mornatix,https://worldofwarcraft.blizzard.com/en-gb/character/eu/darkspear/mornatix,https://www.warcraftlogs.com/character/eu/darkspear/mornatix
188986368,Bongex,https://raider.io/characters/eu/shattered-hand/bongex,https://worldofwarcraft.blizzard.com/en-gb/character/eu/shattered-hand/bongex,https://www.warcraftlogs.com/character/eu/shattered-hand/bongex
188999243,Corwin,https://raider.io/characters/eu/terokkar/corwin,https://worldofwarcraft.blizzard.com/en-gb/character/eu/terokkar/corwin,https://www.warcraftlogs.com/character/eu/terokkar/corwin
189008701,Passiflora,https://raider.io/characters/eu/darkspear/passiflora,https://worldofwarcraft.blizzard.com/en-gb/character/eu/darkspear/passiflora,https://www.warcraftlogs.com/character/eu/darkspear/passiflora
189009824,Nallo,https://raider.io/characters/eu/darkspear/nallo,https://worldofwarcraft.blizzard.com/en-gb/character/eu/darkspear/nallo,https://www.warcraftlogs.com/character/eu/darkspear/nallo
189009869,Jerremelerry,https://raider.io/characters/eu/darkspear/jerremelerry,https://worldofwarcraft.blizzard.com/en-gb/character/eu/darkspear/jerremelerry,https://www.warcraftlogs.com/character/eu/darkspear/jerremelerry
189012729,Vorthos,https://raider.io/characters/eu/terokkar/vorthos,https://worldofwarcraft.blizzard.com/en-gb/character/eu/terokkar/vorthos,https://www.warcraftlogs.com/character/eu/terokkar/vorthos
189016920,Galimemnon,https://raider.io/characters/eu/darkspear/galimemnon,https://worldofwarcraft.blizzard.com/en-gb/character/eu/darkspear/galimemnon,https://www.warcraftlogs.com/character/eu/darkspear/galimemnon
189031698,Wukong,https://raider.io/characters/eu/darkspear/wukong,https://worldofwarcraft.blizzard.com/en-gb/character/eu/darkspear/wukong,https://www.warcraftlogs.com/character/eu/darkspear/wukong
189033537,Mecharogue,https://raider.io/characters/eu/burning-steppes/mecharogue,https://worldofwarcraft.blizzard.com/en-gb/character/eu/burning-steppes/mecharogue,https://www.warcraftlogs.com/character/eu/burning-steppes/mecharogue
189036925,Papawilly,https://raider.io/characters/eu/darkspear/papawilly,https://worldofwarcraft.blizzard.com/en-gb/character/eu/darkspear/papawilly,https://www.warcraftlogs.com/character/eu/darkspear/papawilly
189039543,Frogfriend,https://raider.io/characters/eu/darkspear/frogfriend,https://worldofwarcraft.blizzard.com/en-gb/character/eu/darkspear/frogfriend,https://www.warcraftlogs.com/character/eu/darkspear/frogfriend
189040854,Mávis,https://raider.io/characters/eu/terokkar/mávis,https://worldofwarcraft.blizzard.com/en-gb/character/eu/terokkar/mávis,https://www.warcraftlogs.com/character/eu/terokkar/mávis
189043323,Tankysmashy,https://raider.io/characters/eu/terokkar/tankysmashy,https://worldofwarcraft.blizzard.com/en-gb/character/eu/terokkar/tankysmashy,https://www.warcraftlogs.com/character/eu/terokkar/tankysmashy
189059970,Bolzebub,https://raider.io/characters/eu/darkspear/bolzebub,https://worldofwarcraft.blizzard.com/en-gb/character/eu/darkspear/bolzebub,https://www.warcraftlogs.com/character/eu/darkspear/bolzebub
189060208,Holyjer,https://raider.io/characters/eu/darkspear/holyjer,https://worldofwarcraft.blizzard.com/en-gb/character/eu/darkspear/holyjer,https://www.warcraftlogs.com/character/eu/darkspear/holyjer
189086929,Eviljer,https://raider.io/characters/eu/darkspear/eviljer,https://worldofwarcraft.blizzard.com/en-gb/character/eu/darkspear/eviljer,https://www.warcraftlogs.com/character/eu/darkspear/eviljer
189104883,Avantar,https://raider.io/characters/eu/darkspear/avantar,https://worldofwarcraft.blizzard.com/en-gb/character/eu/darkspear/avantar,https://www.warcraftlogs.com/character/eu/darkspear/avantar
189643701,Lamexxie,https://raider.io/characters/eu/ragnaros/lamexxie,https://worldofwarcraft.blizzard.com/en-gb/character/eu/ragnaros/lamexxie,https://www.warcraftlogs.com/character/eu/ragnaros/lamexxie
190526546,Galadriél,https://raider.io/characters/eu/ragnaros/galadriél,https://worldofwarcraft.blizzard.com/en-gb/character/eu/ragnaros/galadriél,https://www.warcraftlogs.com/character/eu/ragnaros/galadriél
190708276,Nìghtwolf,https://raider.io/characters/eu/frostmane/nìghtwolf,https://worldofwarcraft.blizzard.com/en-gb/character/eu/frostmane/nìghtwolf,https://www.warcraftlogs.com/character/eu/frostmane/nìghtwolf
190761370,Rèxy,https://raider.io/characters/eu/frostmane/rèxy,https://worldofwarcraft.blizzard.com/en-gb/character/eu/frostmane/rèxy,https://www.warcraftlogs.com/character/eu/frostmane/rèxy
190940764,Nìghtblade,https://raider.io/characters/eu/frostmane/nìghtblade,https://worldofwarcraft.blizzard.com/en-gb/character/eu/frostmane/nìghtblade,https://www.warcraftlogs.com/character/eu/frostmane/nìghtblade
191636166,Webnado,https://raider.io/characters/eu/ragnaros/webnado,https://worldofwarcraft.blizzard.com/en-gb/character/eu/ragnaros/webnado,https://www.warcraftlogs.com/character/eu/ragnaros/webnado
192893549,Valevias,https://raider.io/characters/eu/twisting-nether/valevias,https://worldofwarcraft.blizzard.com/en-gb/character/eu/twisting-nether/valevias,https://www.warcraftlogs.com/character/eu/twisting-nether/valevias
193501343,Nightwítch,https://raider.io/characters/eu/ragnaros/nightwítch,https://worldofwarcraft.blizzard.com/en-gb/character/eu/ragnaros/nightwítch,https://www.warcraftlogs.com/character/eu/ragnaros/nightwítch
193966013,Dragonwítch,https://raider.io/characters/eu/ragnaros/dragonwítch,https://worldofwarcraft.blizzard.com/en-gb/character/eu/ragnaros/dragonwítch,https://www.warcraftlogs.com/character/eu/ragnaros/dragonwítch
194086429,Valenthra,https://raider.io/characters/eu/ragnaros/valenthra,https://worldofwarcraft.blizzard.com/en-gb/character/eu/ragnaros/valenthra,https://www.warcraftlogs.com/character/eu/ragnaros/valenthra
194093802,Rhaastfury,https://raider.io/characters/eu/ragnaros/rhaastfury,https://worldofwarcraft.blizzard.com/en-gb/character/eu/ragnaros/rhaastfury,https://www.warcraftlogs.com/character/eu/ragnaros/rhaastfury
194165739,Brínn,https://raider.io/characters/eu/twisting-nether/brínn,https://worldofwarcraft.blizzard.com/en-gb/character/eu/twisting-nether/brínn,https://www.warcraftlogs.com/character/eu/twisting-nether/brínn
197118708,Kristha,https://raider.io/characters/eu/chamber-of-aspects/kristha,https://worldofwarcraft.blizzard.com/en-gb/character/eu/chamber-of-aspects/kristha,https://www.warcraftlogs.com/character/eu/chamber-of-aspects/kristha
197974054,Wíggsy,https://raider.io/characters/eu/kazzak/wíggsy,https://worldofwarcraft.blizzard.com/en-gb/character/eu/kazzak/wíggsy,https://www.warcraftlogs.com/character/eu/kazzak/wíggsy
198097477,Wiggzard,https://raider.io/characters/eu/kazzak/wiggzard,https://worldofwarcraft.blizzard.com/en-gb/character/eu/kazzak/wiggzard,https://www.warcraftlogs.com/character/eu/kazzak/wiggzard
198873006,Ime,https://raider.io/characters/eu/silvermoon/ime,https://worldofwarcraft.blizzard.com/en-gb/character/eu/silvermoon/ime,https://www.warcraftlogs.com/character/eu/silvermoon/ime
200089934,Wíggzz,https://raider.io/characters/eu/kazzak/wíggzz,https://worldofwarcraft.blizzard.com/en-gb/character/eu/kazzak/wíggzz,https://www.warcraftlogs.com/character/eu/kazzak/wíggzz
206877368,Dannia,https://raider.io/characters/eu/silvermoon/dannia,https://worldofwarcraft.blizzard.com/en-gb/character/eu/silvermoon/dannia,https://www.warcraftlogs.com/character/eu/silvermoon/dannia
210084856,Alexsonny,https://raider.io/characters/eu/arathor/alexsonny,https://worldofwarcraft.blizzard.com/en-gb/character/eu/arathor/alexsonny,https://www.warcraftlogs.com/character/eu/arathor/alexsonny
213463778,Manbearpigz,https://raider.io/characters/eu/frostmane/manbearpigz,https://worldofwarcraft.blizzard.com/en-gb/character/eu/frostmane/manbearpigz,https://www.warcraftlogs.com/character/eu/frostmane/manbearpigz
214342713,Bigwizard,https://raider.io/characters/eu/silvermoon/bigwizard,https://worldofwarcraft.blizzard.com/en-gb/character/eu/silvermoon/bigwizard,https://www.warcraftlogs.com/character/eu/silvermoon/bigwizard
215547654,Dididamoshni,https://raider.io/characters/eu/kazzak/dididamoshni,https://worldofwarcraft.blizzard.com/en-gb/character/eu/kazzak/dididamoshni,https://www.warcraftlogs.com/character/eu/kazzak/dididamoshni
217155785,Demonhunte,https://raider.io/characters/eu/outland/demonhunte,https://worldofwarcraft.blizzard.com/en-gb/character/eu/outland/demonhunte,https://www.warcraftlogs.com/character/eu/outland/demonhunte
217843538,Sungjinwóo,https://raider.io/characters/eu/outland/sungjinwóo,https://worldofwarcraft.blizzard.com/en-gb/character/eu/outland/sungjinwóo,https://www.warcraftlogs.com/character/eu/outland/sungjinwóo
218054277,Trafalgarláw,https://raider.io/characters/eu/outland/trafalgarláw,https://worldofwarcraft.blizzard.com/en-gb/character/eu/outland/trafalgarláw,https://www.warcraftlogs.com/character/eu/outland/trafalgarláw
218111000,Kuroyukihimé,https://raider.io/characters/eu/outland/kuroyukihimé,https://worldofwarcraft.blizzard.com/en-gb/character/eu/outland/kuroyukihimé,https://www.warcraftlogs.com/character/eu/outland/kuroyukihimé
218485096,Harukasakura,https://raider.io/characters/eu/outland/harukasakura,https://worldofwarcraft.blizzard.com/en-gb/character/eu/outland/harukasakura,https://www.warcraftlogs.com/character/eu/outland/harukasakura
218809278,Evimist,https://raider.io/characters/eu/sylvanas/evimist,https://worldofwarcraft.blizzard.com/en-gb/character/eu/sylvanas/evimist,https://www.warcraftlogs.com/character/eu/sylvanas/evimist
218902306,Manjirou,https://raider.io/characters/eu/outland/manjirou,https://worldofwarcraft.blizzard.com/en-gb/character/eu/outland/manjirou,https://www.warcraftlogs.com/character/eu/outland/manjirou
220637792,Sungjinwoó,https://raider.io/characters/eu/outland/sungjinwoó,https://worldofwarcraft.blizzard.com/en-gb/character/eu/outland/sungjinwoó,https://www.warcraftlogs.com/character/eu/outland/sungjinwoó
220703343,Darkchi,https://raider.io/characters/eu/silvermoon/darkchi,https://worldofwarcraft.blizzard.com/en-gb/character/eu/silvermoon/darkchi,https://www.warcraftlogs.com/character/eu/silvermoon/darkchi
220737658,Smacit,https://raider.io/characters/eu/silvermoon/smacit,https://worldofwarcraft.blizzard.com/en-gb/character/eu/silvermoon/smacit,https://www.warcraftlogs.com/character/eu/silvermoon/smacit
220856629,Chuknorrís,https://raider.io/characters/eu/silvermoon/chuknorrís,https://worldofwarcraft.blizzard.com/en-gb/character/eu/silvermoon/chuknorrís,https://www.warcraftlogs.com/character/eu/silvermoon/chuknorrís
222090821,Lifecaller,https://raider.io/characters/eu/silvermoon/lifecaller,https://worldofwarcraft.blizzard.com/en-gb/character/eu/silvermoon/lifecaller,https://www.warcraftlogs.com/character/eu/silvermoon/lifecaller
222470238,Kuróyukihime,https://raider.io/characters/eu/outland/kuróyukihime,https://worldofwarcraft.blizzard.com/en-gb/character/eu/outland/kuróyukihime,https://www.warcraftlogs.com/character/eu/outland/kuróyukihime
222561645,Randalthór,https://raider.io/characters/eu/outland/randalthór,https://worldofwarcraft.blizzard.com/en-gb/character/eu/outland/randalthór,https://www.warcraftlogs.com/character/eu/outland/randalthór
223117170,Loftykonuk,https://raider.io/characters/eu/silvermoon/loftykonuk,https://worldofwarcraft.blizzard.com/en-gb/character/eu/silvermoon/loftykonuk,https://www.warcraftlogs.com/character/eu/silvermoon/loftykonuk
223121935,Verronah,https://raider.io/characters/eu/frostmane/verronah,https://worldofwarcraft.blizzard.com/en-gb/character/eu/frostmane/verronah,https://www.warcraftlogs.com/character/eu/frostmane/verronah
223163487,Alperin,https://raider.io/characters/eu/silvermoon/alperin,https://worldofwarcraft.blizzard.com/en-gb/character/eu/silvermoon/alperin,https://www.warcraftlogs.com/character/eu/silvermoon/alperin
223189455,Loftypanda,https://raider.io/characters/eu/silvermoon/loftypanda,https://worldofwarcraft.blizzard.com/en-gb/character/eu/silvermoon/loftypanda,https://www.warcraftlogs.com/character/eu/silvermoon/loftypanda
223330973,Cindarion,https://raider.io/characters/eu/silvermoon/cindarion,https://worldofwarcraft.blizzard.com/en-gb/character/eu/silvermoon/cindarion,https://www.warcraftlogs.com/character/eu/silvermoon/cindarion
223485257,Mesay,https://raider.io/characters/eu/silvermoon/mesay,https://worldofwarcraft.blizzard.com/en-gb/character/eu/silvermoon/mesay,https://www.warcraftlogs.com/character/eu/silvermoon/mesay
223813149,Simplefurion,https://raider.io/characters/eu/chamber-of-aspects/simplefurion,https://worldofwarcraft.blizzard.com/en-gb/character/eu/chamber-of-aspects/simplefurion,https://www.warcraftlogs.com/character/eu/chamber-of-aspects/simplefurion
224537808,Aquahoshino,https://raider.io/characters/eu/outland/aquahoshino,https://worldofwarcraft.blizzard.com/en-gb/character/eu/outland/aquahoshino,https://www.warcraftlogs.com/character/eu/outland/aquahoshino
234085366,Cagallyx,https://raider.io/characters/eu/arathor/cagallyx,https://worldofwarcraft.blizzard.com/en-gb/character/eu/arathor/cagallyx,https://www.warcraftlogs.com/character/eu/arathor/cagallyx
241752557,Cagallyz,https://raider.io/characters/eu/arathor/cagallyz,https://worldofwarcraft.blizzard.com/en-gb/character/eu/arathor/cagallyz,https://www.warcraftlogs.com/character/eu/arathor/cagallyz
244354617,Alexissonny,https://raider.io/characters/eu/arathor/alexissonny,https://worldofwarcraft.blizzard.com/en-gb/character/eu/arathor/alexissonny,https://www.warcraftlogs.com/character/eu/arathor/alexissonny
245106883,Alexiasonny,https://raider.io/characters/eu/arathor/alexiasonny,https://worldofwarcraft.blizzard.com/en-gb/character/eu/arathor/alexiasonny,https://www.warcraftlogs.com/character/eu/arathor/alexiasonny
245394173,Eviform,https://raider.io/characters/eu/sylvanas/eviform,https://worldofwarcraft.blizzard.com/en-gb/character/eu/sylvanas/eviform,https://www.warcraftlogs.com/character/eu/sylvanas/eviform
251150225,Evì,https://raider.io/characters/eu/sylvanas/evì,https://worldofwarcraft.blizzard.com/en-gb/character/eu/sylvanas/evì,https://www.warcraftlogs.com/character/eu/sylvanas/evì
254697744,Alexiastory,https://raider.io/characters/eu/arathor/alexiastory,https://worldofwarcraft.blizzard.com/en-gb/character/eu/arathor/alexiastory,https://www.warcraftlogs.com/character/eu/arathor/alexiastory
257380250,Eviwrath,https://raider.io/characters/eu/sylvanas/eviwrath,https://worldofwarcraft.blizzard.com/en-gb/character/eu/sylvanas/eviwrath,https://www.warcraftlogs.com/character/eu/sylvanas/eviwrath
257548769,Hazl,https://raider.io/characters/eu/balnazzar/hazl,https://worldofwarcraft.blizzard.com/en-gb/character/eu/balnazzar/hazl,https://www.warcraftlogs.com/character/eu/balnazzar/hazl
260676000,Døts,https://raider.io/characters/eu/hellfire/døts,https://worldofwarcraft.blizzard.com/en-gb/character/eu/hellfire/døts,https://www.warcraftlogs.com/character/eu/hellfire/døts
261761934,Flærry,https://raider.io/characters/eu/hellfire/flærry,https://worldofwarcraft.blizzard.com/en-gb/character/eu/hellfire/flærry,https://www.warcraftlogs.com/character/eu/hellfire/flærry
264891146,Shinnyguy,https://raider.io/characters/eu/sylvanas/shinnyguy,https://worldofwarcraft.blizzard.com/en-gb/character/eu/sylvanas/shinnyguy,https://www.warcraftlogs.com/character/eu/sylvanas/shinnyguy
265279701,Spánktank,https://raider.io/characters/eu/auchindoun/spánktank,https://worldofwarcraft.blizzard.com/en-gb/character/eu/auchindoun/spánktank,https://www.warcraftlogs.com/character/eu/auchindoun/spánktank
187085485,Froglady,https://raider.io/characters/eu/darkspear/froglady,https://worldofwarcraft.blizzard.com/en-gb/character/eu/darkspear/froglady,https://www.warcraftlogs.com/character/eu/darkspear/froglady
188839263,Vaelorian,https://raider.io/characters/eu/darkspear/vaelorian,https://worldofwarcraft.blizzard.com/en-gb/character/eu/darkspear/vaelorian,https://www.warcraftlogs.com/character/eu/darkspear/vaelorian
182704273,Parabatai,https://raider.io/characters/eu/darkspear/parabatai,https://worldofwarcraft.blizzard.com/en-gb/character/eu/darkspear/parabatai,https://www.warcraftlogs.com/character/eu/darkspear/parabatai
183376840,Dooms,https://raider.io/characters/eu/terokkar/dooms,https://worldofwarcraft.blizzard.com/en-gb/character/eu/terokkar/dooms,https://www.warcraftlogs.com/character/eu/terokkar/dooms
187103943,Hibisham,https://raider.io/characters/eu/terokkar/hibisham,https://worldofwarcraft.blizzard.com/en-gb/character/eu/terokkar/hibisham,https://www.warcraftlogs.com/character/eu/terokkar/hibisham
189076849,Dwzed,https://raider.io/characters/eu/terokkar/dwzed,https://worldofwarcraft.blizzard.com/en-gb/character/eu/terokkar/dwzed,https://www.warcraftlogs.com/character/eu/terokkar/dwzed
189094322,Chan,https://raider.io/characters/eu/shattered-hand/chan,https://worldofwarcraft.blizzard.com/en-gb/character/eu/shattered-hand/chan,https://www.warcraftlogs.com/character/eu/shattered-hand/chan
174122537,Aná,https://raider.io/characters/eu/terokkar/aná,https://worldofwarcraft.blizzard.com/en-gb/character/eu/terokkar/aná,https://www.warcraftlogs.com/character/eu/terokkar/aná
173097809,Warghas,https://raider.io/characters/eu/darkspear/warghas,https://worldofwarcraft.blizzard.com/en-gb/character/eu/darkspear/warghas,https://www.warcraftlogs.com/character/eu/darkspear/warghas
189076917,Lücie,https://raider.io/characters/eu/terokkar/lücie,https://worldofwarcraft.blizzard.com/en-gb/character/eu/terokkar/lücie,https://www.warcraftlogs.com/character/eu/terokkar/lücie
189112842,Foster,https://raider.io/characters/eu/darkspear/foster,https://worldofwarcraft.blizzard.com/en-gb/character/eu/darkspear/foster,https://www.warcraftlogs.com/character/eu/darkspear/foster
178170479,Ranier,https://raider.io/characters/eu/executus/ranier,https://worldofwarcraft.blizzard.com/en-gb/character/eu/executus/ranier,https://www.warcraftlogs.com/character/eu/executus/ranier
174561256,Nemeyeth,https://raider.io/characters/eu/saurfang/nemeyeth,https://worldofwarcraft.blizzard.com/en-gb/character/eu/saurfang/nemeyeth,https://www.warcraftlogs.com/character/eu/saurfang/nemeyeth
189071813,Mechman,https://raider.io/characters/eu/darkspear/mechman,https://worldofwarcraft.blizzard.com/en-gb/character/eu/darkspear/mechman,https://www.warcraftlogs.com/character/eu/darkspear/mechman
185888386,Tekkart,https://raider.io/characters/eu/darkspear/tekkart,https://worldofwarcraft.blizzard.com/en-gb/character/eu/darkspear/tekkart,https://www.warcraftlogs.com/character/eu/darkspear/tekkart
172517427,Tayosah,https://raider.io/characters/eu/darkspear/tayosah,https://worldofwarcraft.blizzard.com/en-gb/character/eu/darkspear/tayosah,https://www.warcraftlogs.com/character/eu/darkspear/tayosah
188848798,Ramprry,https://raider.io/characters/eu/burning-steppes/ramprry,https://worldofwarcraft.blizzard.com/en-gb/character/eu/burning-steppes/ramprry,https://www.warcraftlogs.com/character/eu/burning-steppes/ramprry
172274600,Gróin,https://raider.io/characters/eu/darkspear/gróin,https://worldofwarcraft.blizzard.com/en-gb/character/eu/darkspear/gróin,https://www.warcraftlogs.com/character/eu/darkspear/gróin
188315438,Arísu,https://raider.io/characters/eu/darkspear/arísu,https://worldofwarcraft.blizzard.com/en-gb/character/eu/darkspear/arísu,https://www.warcraftlogs.com/character/eu/darkspear/arísu
172608110,Diablô,https://raider.io/characters/eu/darkspear/diablô,https://worldofwarcraft.blizzard.com/en-gb/character/eu/darkspear/diablô,https://www.warcraftlogs.com/character/eu/darkspear/diablô
189003780,Naraye,https://raider.io/characters/eu/bloodfeather/naraye,https://worldofwarcraft.blizzard.com/en-gb/character/eu/bloodfeather/naraye,https://www.warcraftlogs.com/character/eu/bloodfeather/naraye
188832505,Kyns,https://raider.io/characters/eu/terokkar/kyns,https://worldofwarcraft.blizzard.com/en-gb/character/eu/terokkar/kyns,https://www.warcraftlogs.com/character/eu/terokkar/kyns
189025408,Novelyn,https://raider.io/characters/eu/terokkar/novelyn,https://worldofwarcraft.blizzard.com/en-gb/character/eu/terokkar/novelyn,https://www.warcraftlogs.com/character/eu/terokkar/novelyn
189087077,Izkelia,https://raider.io/characters/eu/terokkar/izkelia,https://worldofwarcraft.blizzard.com/en-gb/character/eu/terokkar/izkelia,https://www.warcraftlogs.com/character/eu/terokkar/izkelia
182660821,Whysyo,https://raider.io/characters/eu/terokkar/whysyo,https://worldofwarcraft.blizzard.com/en-gb/character/eu/terokkar/whysyo,https://www.warcraftlogs.com/character/eu/terokkar/whysyo
186551132,Kreiniz,https://raider.io/characters/eu/executus/kreiniz,https://worldofwarcraft.blizzard.com/en-gb/character/eu/executus/kreiniz,https://www.warcraftlogs.com/character/eu/executus/kreiniz
188864002,Zyra,https://raider.io/characters/eu/darkspear/zyra,https://worldofwarcraft.blizzard.com/en-gb/character/eu/darkspear/zyra,https://www.warcraftlogs.com/character/eu/darkspear/zyra
188574071,Arwin,https://raider.io/characters/eu/executus/arwin,https://worldofwarcraft.blizzard.com/en-gb/character/eu/executus/arwin,https://www.warcraftlogs.com/character/eu/executus/arwin
186057991,Nocticula,https://raider.io/characters/eu/terokkar/nocticula,https://worldofwarcraft.blizzard.com/en-gb/character/eu/terokkar/nocticula,https://www.warcraftlogs.com/character/eu/terokkar/nocticula
182537350,Morrpheus,https://raider.io/characters/eu/darkspear/morrpheus,https://worldofwarcraft.blizzard.com/en-gb/character/eu/darkspear/morrpheus,https://www.warcraftlogs.com/character/eu/darkspear/morrpheus
189109694,Jossei,https://raider.io/characters/eu/executus/jossei,https://worldofwarcraft.blizzard.com/en-gb/character/eu/executus/jossei,https://www.warcraftlogs.com/character/eu/executus/jossei
189124233,Somnys,https://raider.io/characters/eu/darkspear/somnys,https://worldofwarcraft.blizzard.com/en-gb/character/eu/darkspear/somnys,https://www.warcraftlogs.com/character/eu/darkspear/somnys
185807191,Minkin,https://raider.io/characters/eu/terokkar/minkin,https://worldofwarcraft.blizzard.com/en-gb/character/eu/terokkar/minkin,https://www.warcraftlogs.com/character/eu/terokkar/minkin
172971968,Violetwhite,https://raider.io/characters/eu/defias-brotherhood/violetwhite,https://worldofwarcraft.blizzard.com/en-gb/character/eu/defias-brotherhood/violetwhite,https://www.warcraftlogs.com/character/eu/defias-brotherhood/violetwhite
774433,Unwanted,https://raider.io/characters/eu/korgall/unwanted,https://worldofwarcraft.blizzard.com/en-gb/character/eu/korgall/unwanted,https://www.warcraftlogs.com/character/eu/korgall/unwanted
188947526,Aegohn,https://raider.io/characters/eu/argent-dawn/aegohn,https://worldofwarcraft.blizzard.com/en-gb/character/eu/argent-dawn/aegohn,https://www.warcraftlogs.com/character/eu/argent-dawn/aegohn
189128568,Bluealien,https://raider.io/characters/eu/nordrassil/bluealien,https://worldofwarcraft.blizzard.com/en-gb/character/eu/nordrassil/bluealien,https://www.warcraftlogs.com/character/eu/nordrassil/bluealien
189125131,Abcd,https://raider.io/characters/eu/saurfang/abcd,https://worldofwarcraft.blizzard.com/en-gb/character/eu/saurfang/abcd,https://www.warcraftlogs.com/character/eu/saurfang/abcd
189117870,Deathyjer,https://raider.io/characters/eu/darkspear/deathyjer,https://worldofwarcraft.blizzard.com/en-gb/character/eu/darkspear/deathyjer,https://www.warcraftlogs.com/character/eu/darkspear/deathyjer
224258272,Falset,https://raider.io/characters/eu/silvermoon/falset,https://worldofwarcraft.blizzard.com/en-gb/character/eu/silvermoon/falset,https://www.warcraftlogs.com/character/eu/silvermoon/falset
186613711,Juren,https://raider.io/characters/eu/executus/juren,https://worldofwarcraft.blizzard.com/en-gb/character/eu/executus/juren,https://www.warcraftlogs.com/character/eu/executus/juren
